prior_id,family,target_js_nats,parameter_name,parameter_value,actual_js_nats,absolute_error_nats,tolerance_nats,status,valid_prior,parameter_lower_bound,parameter_upper_bound,scan_max_js_nats,probability_sum,minimum_probability,blocked_probability_mass,resolved_parameters_json
spatial_shift_js_0.05,spatial_shift,0.05,distance_d,0.11411818096234361,0.050000000000000024,2.0816681711721685e-17,1e-06,matched,True,0.0,0.75,0.39057561787335804,1.0,0.0,0.0,"{""background"": 0.03, ""center"": [0.6358818190376564, 0.7], ""direction"": [-1.0, 0.0], ""sigma"": 0.13}"
spatial_shift_js_0.1,spatial_shift,0.1,distance_d,0.16644469170042503,0.09999999999999995,5.551115123125783e-17,1e-06,matched,True,0.0,0.75,0.39057561787335804,1.0,0.0,0.0,"{""background"": 0.03, ""center"": [0.583555308299575, 0.7], ""direction"": [-1.0, 0.0], ""sigma"": 0.13}"
spatial_shift_js_0.15,spatial_shift,0.15,distance_d,0.2115410101808155,0.14999999999999997,2.7755575615628914e-17,1e-06,matched,True,0.0,0.75,0.39057561787335804,1.0,0.0,0.0,"{""background"": 0.03, ""center"": [0.5384589898191845, 0.7], ""direction"": [-1.0, 0.0], ""sigma"": 0.13}"
diffuse_blur_js_0.05,diffuse_blur,0.05,sigma_scale,2.0148852514335966,0.05000000000000001,6.938893903907228e-18,1e-06,matched,True,1.0,1000.0,0.17805066139654163,1.0,0.0,0.0,"{""background"": 0.03, ""center"": [0.75, 0.7], ""sigma"": 0.26193508268636756, ""variance_multiplier"": 4.059762576444628}"
diffuse_blur_js_0.1,diffuse_blur,0.1,sigma_scale,3.1712965699357634,0.10000000000000428,4.274358644806853e-15,1e-06,matched,True,1.0,1000.0,0.17805066139654163,0.9999999999999998,0.0,0.0,"{""background"": 0.03, ""center"": [0.75, 0.7], ""sigma"": 0.41226855409164925, ""variance_multiplier"": 10.057121934486338}"
diffuse_blur_js_0.15,diffuse_blur,0.15,sigma_scale,5.908290480606031,0.14999999999999997,2.7755575615628914e-17,1e-06,matched,True,1.0,1000.0,0.17805066139654163,0.9999999999999999,0.0,0.0,"{""background"": 0.03, ""center"": [0.75, 0.7], ""sigma"": 0.768077762478784, ""variance_multiplier"": 34.90789640321984}"
false_hotspot_js_0.05,false_hotspot,0.05,mixture_alpha,0.25240235884873585,0.05,0.0,1e-06,matched,True,0.0,1.0,0.5268390648070909,1.0,0.0,0.0,"{""false_center"": [0.25, 0.7], ""false_sigma"": 0.13, ""hotspot_component_background"": 0.0}"
false_hotspot_js_0.1,false_hotspot,0.1,mixture_alpha,0.40265992109813237,0.10000000000006119,6.118716644465394e-14,1e-06,matched,True,0.0,1.0,0.5268390648070909,1.0,0.0,0.0,"{""false_center"": [0.25, 0.7], ""false_sigma"": 0.13, ""hotspot_component_background"": 0.0}"
false_hotspot_js_0.15,false_hotspot,0.15,mixture_alpha,0.5249462370136068,0.14999999999999997,2.7755575615628914e-17,1e-06,matched,True,0.0,1.0,0.5268390648070909,1.0,0.0,0.0,"{""false_center"": [0.25, 0.7], ""false_sigma"": 0.13, ""hotspot_component_background"": 0.0}"
false_negative_suppression_js_0.05,false_negative_suppression,0.05,suppression_alpha,0.732937941004415,0.04999999999999993,6.938893903907228e-17,1e-06,matched,True,0.0,1.0,0.370094484153473,1.0,0.0,0.0,"{""region_center"": [0.75, 0.7], ""region_radius"": 0.25, ""region_true_mass"": 0.7370353105019073, ""removed_mass_before_normalization"": 0.5402011429268176}"
false_negative_suppression_js_0.1,false_negative_suppression,0.1,suppression_alpha,0.8487218190312031,0.10000000000000053,5.273559366969494e-16,1e-06,matched,True,0.0,1.0,0.370094484153473,1.0,0.0,0.0,"{""region_center"": [0.75, 0.7], ""region_radius"": 0.25, ""region_true_mass"": 0.7370353105019073, ""removed_mass_before_normalization"": 0.6255379494194063}"
false_negative_suppression_js_0.15,false_negative_suppression,0.15,suppression_alpha,0.9082070550356284,0.15000000000000874,8.743006318923108e-15,1e-06,matched,True,0.0,1.0,0.370094484153473,1.0,0.0,0.0,"{""region_center"": [0.75, 0.7], ""region_radius"": 0.25, ""region_true_mass"": 0.7370353105019073, ""removed_mass_before_normalization"": 0.6693806688082071}"
