prior_id,family,target_js_nats,gamma,time,visible_free_cells,free_cell_count,visible_free_fraction,oracle_probability_mass_covered
oracle,oracle,0.0,0.1,15.0,536,1532,0.34986945169712796,0.7050594068807747
spatial_shift_js_0.05,spatial_shift,0.05,0.1,15.0,610,1532,0.3981723237597911,0.7436513314958866
spatial_shift_js_0.1,spatial_shift,0.1,0.1,15.0,661,1532,0.4314621409921671,0.7655986364431977
spatial_shift_js_0.15,spatial_shift,0.15,0.1,15.0,788,1532,0.5143603133159269,0.8208330861676925
diffuse_blur_js_0.05,diffuse_blur,0.05,0.1,15.0,586,1532,0.3825065274151436,0.7660329718749217
diffuse_blur_js_0.1,diffuse_blur,0.1,0.1,15.0,625,1532,0.40796344647519583,0.7658329836638129
diffuse_blur_js_0.15,diffuse_blur,0.15,0.1,15.0,674,1532,0.43994778067885115,0.7528573146728182
false_hotspot_js_0.05,false_hotspot,0.05,0.1,15.0,599,1532,0.39099216710182766,0.7316870725755651
false_hotspot_js_0.1,false_hotspot,0.1,0.1,15.0,718,1532,0.46866840731070497,0.7276285189226444
false_hotspot_js_0.15,false_hotspot,0.15,0.1,15.0,764,1532,0.49869451697127937,0.7311675124170048
false_negative_suppression_js_0.05,false_negative_suppression,0.05,0.1,15.0,572,1532,0.3733681462140992,0.7387377961563114
false_negative_suppression_js_0.1,false_negative_suppression,0.1,0.1,15.0,596,1532,0.38903394255874674,0.7475737298264349
false_negative_suppression_js_0.15,false_negative_suppression,0.15,0.1,15.0,622,1532,0.40600522193211486,0.7440203454423121
oracle,oracle,0.0,0.05,15.0,576,1532,0.37597911227154046,0.7676509783712757
spatial_shift_js_0.05,spatial_shift,0.05,0.05,15.0,574,1532,0.37467362924281983,0.6963714796430394
spatial_shift_js_0.1,spatial_shift,0.1,0.05,15.0,593,1532,0.3870757180156658,0.6576408202566357
spatial_shift_js_0.15,spatial_shift,0.15,0.05,15.0,780,1532,0.5091383812010444,0.7834220641487653
diffuse_blur_js_0.05,diffuse_blur,0.05,0.05,15.0,633,1532,0.4131853785900783,0.8230928584261745
diffuse_blur_js_0.1,diffuse_blur,0.1,0.05,15.0,693,1532,0.45234986945169714,0.7857684986836977
diffuse_blur_js_0.15,diffuse_blur,0.15,0.05,15.0,733,1532,0.47845953002610964,0.7083583406082765
false_hotspot_js_0.05,false_hotspot,0.05,0.05,15.0,703,1532,0.45887728459530025,0.7738919706958176
false_hotspot_js_0.1,false_hotspot,0.1,0.05,15.0,765,1532,0.4993472584856397,0.7282365278367413
false_hotspot_js_0.15,false_hotspot,0.15,0.05,15.0,807,1532,0.5267624020887729,0.7022854509250093
false_negative_suppression_js_0.05,false_negative_suppression,0.05,0.05,15.0,609,1532,0.3975195822454308,0.789929769685201
false_negative_suppression_js_0.1,false_negative_suppression,0.1,0.05,15.0,655,1532,0.4275456919060052,0.7805424457756029
false_negative_suppression_js_0.15,false_negative_suppression,0.15,0.05,15.0,681,1532,0.44451697127937334,0.7408075814724295
