prior_id,family,target_js_nats,gamma,valid,feasible,solver_success,solver_message,iterations,finite,max_equality_residual,max_inequality_violation,collision_free,ergodicity,optimization_seconds,planning_seconds_including_compile,backend
oracle,oracle,0.0,0.1,True,True,True,Optimization terminated successfully,262,True,5.271477698798321e-13,3.678307658461222e-13,True,0.10000000000036784,12.117565292,13.684725208,scipy-SLSQP / upstream formulation
spatial_shift_js_0.05,spatial_shift,0.05,0.1,True,True,True,Optimization terminated successfully,171,True,5.988265439071938e-15,5.905415045859286e-13,True,0.10000000000059055,8.112682792,8.504068916,scipy-SLSQP / upstream formulation
spatial_shift_js_0.1,spatial_shift,0.1,0.1,True,True,True,Optimization terminated successfully,142,True,7.448486272210175e-13,3.204977949700094e-12,True,0.10000000000320498,5.926700374999999,6.220244041000001,scipy-SLSQP / upstream formulation
spatial_shift_js_0.15,spatial_shift,0.15,0.1,True,True,True,Optimization terminated successfully,124,True,8.317790900491673e-13,3.1300600999983885e-11,True,0.1000000000313006,5.681025833000003,5.908464917000003,scipy-SLSQP / upstream formulation
diffuse_blur_js_0.05,diffuse_blur,0.05,0.1,True,True,True,Optimization terminated successfully,149,True,4.0245584642661925e-14,1.124100812432971e-13,True,0.10000000000011242,6.873689666000004,7.191251749999999,scipy-SLSQP / upstream formulation
diffuse_blur_js_0.1,diffuse_blur,0.1,0.1,True,True,True,Optimization terminated successfully,143,True,2.3314683517128287e-15,1.56726021049991e-12,True,0.10000000000156727,5.632187834,5.845083792000004,scipy-SLSQP / upstream formulation
diffuse_blur_js_0.15,diffuse_blur,0.15,0.1,True,True,True,Optimization terminated successfully,118,True,1.1102230246251565e-16,1.0219383672627202e-10,True,0.10000000010219384,4.629484374999997,4.9072965420000045,scipy-SLSQP / upstream formulation
false_hotspot_js_0.05,false_hotspot,0.05,0.1,True,True,True,Optimization terminated successfully,197,True,1.3239409568654992e-13,2.68381150636543e-12,True,0.10000000000268382,7.687393917000001,7.912817832999998,scipy-SLSQP / upstream formulation
false_hotspot_js_0.1,false_hotspot,0.1,0.1,True,True,True,Optimization terminated successfully,144,True,2.5979218776228663e-14,2.8572158528028524e-11,True,0.10000000002857215,5.6964036670000056,5.952883290999999,scipy-SLSQP / upstream formulation
false_hotspot_js_0.15,false_hotspot,0.15,0.1,True,True,True,Optimization terminated successfully,125,True,1.4988010832439613e-15,1.2155554340864683e-12,True,0.10000000000121556,4.739967708999998,4.967111541999998,scipy-SLSQP / upstream formulation
false_negative_suppression_js_0.05,false_negative_suppression,0.05,0.1,True,True,True,Optimization terminated successfully,260,True,5.551115123125783e-15,7.44547479225588e-12,True,0.10000000000744547,9.628074666000003,9.856271458000009,scipy-SLSQP / upstream formulation
false_negative_suppression_js_0.1,false_negative_suppression,0.1,0.1,True,True,True,Optimization terminated successfully,234,True,7.05768776754212e-13,4.923783603061338e-12,True,0.1000000000049238,8.679773791999992,8.893317667000005,scipy-SLSQP / upstream formulation
false_negative_suppression_js_0.15,false_negative_suppression,0.15,0.1,True,True,True,Optimization terminated successfully,171,True,5.475619957451272e-13,3.42424283372722e-11,True,0.10000000003424243,6.411584458999997,6.627557415999988,scipy-SLSQP / upstream formulation
oracle,oracle,0.0,0.05,True,True,True,Optimization terminated successfully,258,True,2.665923037881157e-14,3.95422791732436e-11,True,0.05000000003954228,9.572373958,9.810680167000001,scipy-SLSQP / upstream formulation
spatial_shift_js_0.05,spatial_shift,0.05,0.05,True,True,True,Optimization terminated successfully,195,True,1.4530043834781736e-14,1.3097161549735503e-10,True,0.05000000013097162,7.219574375000008,7.4547921250000115,scipy-SLSQP / upstream formulation
spatial_shift_js_0.1,spatial_shift,0.1,0.05,True,True,True,Optimization terminated successfully,244,True,2.4222290839759353e-13,7.651504430050693e-12,True,0.05000000000765151,8.999690916999995,9.216000292000004,scipy-SLSQP / upstream formulation
spatial_shift_js_0.15,spatial_shift,0.15,0.05,True,True,True,Optimization terminated successfully,291,True,7.981809657664485e-14,5.875699926605193e-11,True,0.050000000058757,10.835501665999985,11.046160917000009,scipy-SLSQP / upstream formulation
diffuse_blur_js_0.05,diffuse_blur,0.05,0.05,True,True,True,Optimization terminated successfully,203,True,2.886579864025407e-15,3.843217410981481e-12,True,0.05000000000384322,7.523520749999989,7.740140499999995,scipy-SLSQP / upstream formulation
diffuse_blur_js_0.1,diffuse_blur,0.1,0.05,True,True,True,Optimization terminated successfully,104,True,3.22519788653608e-14,1.0931297533822715e-11,True,0.0500000000109313,3.8402330410000047,4.080801124999994,scipy-SLSQP / upstream formulation
diffuse_blur_js_0.15,diffuse_blur,0.15,0.05,True,True,True,Optimization terminated successfully,96,True,2.7755575615628914e-16,4.326400349086157e-13,True,0.05000000000043264,3.5576045409999892,3.7738366669999834,scipy-SLSQP / upstream formulation
false_hotspot_js_0.05,false_hotspot,0.05,0.05,True,True,True,Optimization terminated successfully,237,True,1.1518563880486e-15,5.631536903472067e-13,True,0.050000000000563156,8.795592666000005,9.012604583000012,scipy-SLSQP / upstream formulation
false_hotspot_js_0.1,false_hotspot,0.1,0.05,True,True,True,Optimization terminated successfully,223,True,6.343536806951988e-14,1.7918708183906062e-11,True,0.05000000001791871,8.261092874999974,8.475469000000004,scipy-SLSQP / upstream formulation
false_hotspot_js_0.15,false_hotspot,0.15,0.05,True,True,True,Optimization terminated successfully,156,True,5.2735593669694936e-15,2.4849766688817e-10,True,0.05000000024849767,5.761720083,5.972797458000002,scipy-SLSQP / upstream formulation
false_negative_suppression_js_0.05,false_negative_suppression,0.05,0.05,True,True,True,Optimization terminated successfully,102,True,1.8318679906315083e-15,3.4208053056872245e-13,True,0.05000000000034207,3.7536564579999947,3.969948875,scipy-SLSQP / upstream formulation
false_negative_suppression_js_0.1,false_negative_suppression,0.1,0.05,True,True,True,Optimization terminated successfully,111,True,3.2807090377673376e-14,3.4015221195282663e-12,True,0.050000000003401525,4.099979332999993,4.338466208,scipy-SLSQP / upstream formulation
false_negative_suppression_js_0.15,false_negative_suppression,0.15,0.05,True,True,True,Optimization terminated successfully,115,True,2.4424906541753444e-15,1.1315254289101517e-12,True,0.050000000001131535,4.2504994170000145,4.466584625000024,scipy-SLSQP / upstream formulation
