prior_id,family,target_js_nats,gamma,seed,actual_js_nats,optimized_tf,success_rate,mean_capped_time,median_capped_time,mean_t_find_success_only,median_t_find_success_only,mean_path_length_until_stop,status,episodes,success_count,timeout_count,timeout_rate,visible_free_fraction,oracle_probability_mass_covered
oracle,oracle,0.0,0.1,7,0.0,3.7330079012206765,0.6875,5.9453125,2.0,1.8295454545454546,1.35,1.117461416097738,evaluated,64,44,20,0.3125,0.34986945169712796,0.7050594068807747
oracle,oracle,0.0,0.1,11,0.0,3.7330079012206765,0.609375,7.215624999999999,3.325,2.2256410256410257,1.35,1.2023841633574803,evaluated,64,39,25,0.390625,0.34986945169712796,0.7050594068807747
spatial_shift_js_0.05,spatial_shift,0.05,0.1,7,0.050000000000000024,3.7840306990673316,0.734375,5.671875,3.0500000000000003,2.297872340425532,2.0500000000000003,1.1940123690586537,evaluated,64,47,17,0.265625,0.3981723237597911,0.7436513314958866
spatial_shift_js_0.05,spatial_shift,0.05,0.1,11,0.050000000000000024,3.7840306990673316,0.671875,6.60390625,3.25,2.503488372093023,2.0500000000000003,1.2290971216591622,evaluated,64,43,21,0.328125,0.3981723237597911,0.7436513314958866
spatial_shift_js_0.1,spatial_shift,0.1,0.1,7,0.09999999999999995,3.8512700407890463,0.734375,5.82890625,3.1500000000000004,2.5117021276595746,3.0500000000000003,1.2460546266346013,evaluated,64,47,17,0.265625,0.4314621409921671,0.7655986364431977
spatial_shift_js_0.1,spatial_shift,0.1,0.1,11,0.09999999999999995,3.8512700407890463,0.671875,6.73203125,3.3000000000000003,2.694186046511628,3.0500000000000003,1.2870799045220116,evaluated,64,43,21,0.328125,0.4314621409921671,0.7655986364431977
spatial_shift_js_0.15,spatial_shift,0.15,0.1,7,0.14999999999999997,3.9421629815873334,0.765625,5.79609375,3.3000000000000003,2.978571428571429,3.2,1.447332512193804,evaluated,64,49,15,0.234375,0.5143603133159269,0.8208330861676925
spatial_shift_js_0.15,spatial_shift,0.15,0.1,11,0.14999999999999997,3.9421629815873334,0.71875,6.50234375,3.4000000000000004,3.177173913043478,3.25,1.494853288383748,evaluated,64,46,18,0.28125,0.5143603133159269,0.8208330861676925
diffuse_blur_js_0.05,diffuse_blur,0.05,0.1,7,0.05000000000000001,3.8255109022870726,0.765625,5.0992187499999995,2.0250000000000004,2.0683673469387758,1.7000000000000002,1.165471931759304,evaluated,64,49,15,0.234375,0.3825065274151436,0.7660329718749217
diffuse_blur_js_0.05,diffuse_blur,0.05,0.1,11,0.05000000000000001,3.8255109022870726,0.734375,5.63125,3.075,2.2425531914893617,1.75,1.2073031289842502,evaluated,64,47,17,0.265625,0.3825065274151436,0.7660329718749217
diffuse_blur_js_0.1,diffuse_blur,0.1,0.1,7,0.10000000000000428,3.8032321970149905,0.734375,6.00625,3.0500000000000003,2.7531914893617024,2.95,1.3703955139075137,evaluated,64,47,17,0.265625,0.40796344647519583,0.7658329836638129
diffuse_blur_js_0.1,diffuse_blur,0.1,0.1,11,0.10000000000000428,3.8032321970149905,0.75,5.8,3.075,2.733333333333333,2.875,1.3159786374976767,evaluated,64,48,16,0.25,0.40796344647519583,0.7658329836638129
diffuse_blur_js_0.15,diffuse_blur,0.15,0.1,7,0.14999999999999997,3.883871472826478,0.703125,6.73984375,3.2,3.252222222222222,3.1,1.5426047089410968,evaluated,64,45,19,0.296875,0.43994778067885115,0.7528573146728182
diffuse_blur_js_0.15,diffuse_blur,0.15,0.1,11,0.14999999999999997,3.883871472826478,0.734375,6.2953125,3.3000000000000003,3.146808510638298,3.1,1.4461006677379262,evaluated,64,47,17,0.265625,0.43994778067885115,0.7528573146728182
false_hotspot_js_0.05,false_hotspot,0.05,0.1,7,0.05,4.304898770628181,0.703125,6.0140625,3.5250000000000004,2.22,1.5,1.3142440685555439,evaluated,64,45,19,0.296875,0.39099216710182766,0.7316870725755651
false_hotspot_js_0.05,false_hotspot,0.05,0.1,11,0.05,4.304898770628181,0.640625,6.926562499999999,3.6500000000000004,2.3975609756097565,1.55,1.3865275826468175,evaluated,64,41,23,0.359375,0.39099216710182766,0.7316870725755651
false_hotspot_js_0.1,false_hotspot,0.1,0.1,7,0.10000000000006119,4.516354955842045,0.6875,6.54296875,3.75,2.6988636363636362,3.625,1.5652365105968142,evaluated,64,44,20,0.3125,0.46866840731070497,0.7276285189226444
false_hotspot_js_0.1,false_hotspot,0.1,0.1,11,0.10000000000006119,4.516354955842045,0.609375,7.47890625,3.825,2.6576923076923076,3.6,1.6084113612075217,evaluated,64,39,25,0.390625,0.46866840731070497,0.7276285189226444
false_hotspot_js_0.15,false_hotspot,0.15,0.1,7,0.14999999999999997,4.54157372249147,0.6875,6.8453125,3.75,3.138636363636364,3.6500000000000004,1.6962711344564654,evaluated,64,44,20,0.3125,0.49869451697127937,0.7311675124170048
false_hotspot_js_0.15,false_hotspot,0.15,0.1,11,0.14999999999999997,4.54157372249147,0.625,7.59921875,3.85,3.15875,3.6500000000000004,1.7355516397184378,evaluated,64,40,24,0.375,0.49869451697127937,0.7311675124170048
false_negative_suppression_js_0.05,false_negative_suppression,0.05,0.1,7,0.04999999999999993,3.401913211505961,0.71875,5.834375,2.8000000000000003,2.247826086956522,1.85,1.1450927690323058,evaluated,64,46,18,0.28125,0.3733681462140992,0.7387377961563114
false_negative_suppression_js_0.05,false_negative_suppression,0.05,0.1,11,0.04999999999999993,3.401913211505961,0.703125,6.059375,2.875,2.284444444444445,1.75,1.1277850540516212,evaluated,64,45,19,0.296875,0.3733681462140992,0.7387377961563114
false_negative_suppression_js_0.1,false_negative_suppression,0.1,0.1,7,0.10000000000000053,3.4906328247315868,0.734375,5.8125,2.85,2.48936170212766,2.75,1.236450324723894,evaluated,64,47,17,0.265625,0.38903394255874674,0.7475737298264349
false_negative_suppression_js_0.1,false_negative_suppression,0.1,0.1,11,0.10000000000000053,3.4906328247315868,0.734375,5.848437499999999,2.9000000000000004,2.5382978723404253,2.6,1.2006444912475893,evaluated,64,47,17,0.265625,0.38903394255874674,0.7475737298264349
false_negative_suppression_js_0.15,false_negative_suppression,0.15,0.1,7,0.15000000000000874,3.6151869042678233,0.734375,5.995312500000001,2.9250000000000003,2.738297872340426,2.85,1.3447195733566986,evaluated,64,47,17,0.265625,0.40600522193211486,0.7440203454423121
false_negative_suppression_js_0.15,false_negative_suppression,0.15,0.1,11,0.15000000000000874,3.6151869042678233,0.703125,6.340625,3.0250000000000004,2.684444444444445,2.8000000000000003,1.3084531943209081,evaluated,64,45,19,0.296875,0.40600522193211486,0.7440203454423121
oracle,oracle,0.0,0.05,7,0.0,4.860063500239121,0.78125,4.90703125,1.8750000000000002,2.081,1.3,1.1817027407412795,evaluated,64,50,14,0.21875,0.37597911227154046,0.7676509783712757
oracle,oracle,0.0,0.05,11,0.0,4.860063500239121,0.734375,5.647656250000001,2.5250000000000004,2.2648936170212774,1.7000000000000002,1.2563690489859385,evaluated,64,47,17,0.265625,0.37597911227154046,0.7676509783712757
spatial_shift_js_0.05,spatial_shift,0.05,0.05,7,0.050000000000000024,4.884008152901116,0.671875,6.5640624999999995,3.875,2.444186046511628,1.55,1.315859776361977,evaluated,64,43,21,0.328125,0.37467362924281983,0.6963714796430394
spatial_shift_js_0.05,spatial_shift,0.05,0.05,11,0.050000000000000024,4.884008152901116,0.671875,6.72109375,3.9250000000000003,2.6779069767441865,2.1,1.3409890939204603,evaluated,64,43,21,0.328125,0.37467362924281983,0.6963714796430394
spatial_shift_js_0.1,spatial_shift,0.1,0.05,7,0.09999999999999995,4.925659593886768,0.640625,7.046875,4.025,2.5853658536585367,1.5,1.390403994959222,evaluated,64,41,23,0.359375,0.3870757180156658,0.6576408202566357
spatial_shift_js_0.1,spatial_shift,0.1,0.05,11,0.09999999999999995,4.925659593886768,0.609375,7.4906250000000005,4.125,2.6769230769230776,1.6500000000000001,1.407658491403848,evaluated,64,39,25,0.390625,0.3870757180156658,0.6576408202566357
spatial_shift_js_0.15,spatial_shift,0.15,0.05,7,0.14999999999999997,4.994797558153258,0.75,6.05703125,4.0,3.0760416666666672,3.8000000000000003,1.5093149659256508,evaluated,64,48,16,0.25,0.5091383812010444,0.7834220641487653
spatial_shift_js_0.15,spatial_shift,0.15,0.05,11,0.14999999999999997,4.994797558153258,0.671875,6.971875,4.175000000000001,3.0511627906976746,3.6500000000000004,1.5573353025752787,evaluated,64,43,21,0.328125,0.5091383812010444,0.7834220641487653
diffuse_blur_js_0.05,diffuse_blur,0.05,0.05,7,0.05000000000000001,4.903092707797077,0.796875,4.9921875,2.25,2.4411764705882355,1.85,1.3900465127204702,evaluated,64,51,13,0.203125,0.4131853785900783,0.8230928584261745
diffuse_blur_js_0.05,diffuse_blur,0.05,0.05,11,0.05000000000000001,4.903092707797077,0.8125,4.853125,2.225,2.5115384615384615,1.9000000000000001,1.3749827384726168,evaluated,64,52,12,0.1875,0.4131853785900783,0.8230928584261745
diffuse_blur_js_0.1,diffuse_blur,0.1,0.05,7,0.10000000000000428,4.576495791646867,0.75,6.018750000000001,3.7,3.025,3.375,1.6636224171440248,evaluated,64,48,16,0.25,0.45234986945169714,0.7857684986836977
diffuse_blur_js_0.1,diffuse_blur,0.1,0.05,11,0.10000000000000428,4.576495791646867,0.8125,5.06796875,3.475,2.775961538461539,3.1750000000000003,1.4969509082084786,evaluated,64,52,12,0.1875,0.45234986945169714,0.7857684986836977
diffuse_blur_js_0.15,diffuse_blur,0.15,0.05,7,0.14999999999999997,4.5622528305491645,0.640625,7.7007812499999995,3.8000000000000003,3.6060975609756105,3.7,1.905483204227093,evaluated,64,41,23,0.359375,0.47845953002610964,0.7083583406082765
diffuse_blur_js_0.15,diffuse_blur,0.15,0.05,11,0.14999999999999997,4.5622528305491645,0.65625,7.30390625,3.8000000000000003,3.2726190476190475,3.6500000000000004,1.780909136634967,evaluated,64,42,22,0.34375,0.47845953002610964,0.7083583406082765
false_hotspot_js_0.05,false_hotspot,0.05,0.05,7,0.05,5.260244258939178,0.765625,5.33671875,2.075,2.3785714285714286,1.4000000000000001,1.4541225245596912,evaluated,64,49,15,0.234375,0.45887728459530025,0.7738919706958176
false_hotspot_js_0.05,false_hotspot,0.05,0.05,11,0.05,5.260244258939178,0.703125,6.3046875,3.875,2.6333333333333337,1.9000000000000001,1.6091525249099805,evaluated,64,45,19,0.296875,0.45887728459530025,0.7738919706958176
false_hotspot_js_0.1,false_hotspot,0.1,0.05,7,0.10000000000006119,5.123914062686132,0.6875,6.4,4.025,2.490909090909091,1.375,1.6138316711935956,evaluated,64,44,20,0.3125,0.4993472584856397,0.7282365278367413
false_hotspot_js_0.1,false_hotspot,0.1,0.05,11,0.10000000000006119,5.123914062686132,0.640625,7.117968749999999,4.325,2.6963414634146345,1.55,1.7080289107138653,evaluated,64,41,23,0.359375,0.4993472584856397,0.7282365278367413
false_hotspot_js_0.15,false_hotspot,0.15,0.05,7,0.14999999999999997,5.4601647861152385,0.625,7.5390625,5.5,3.0625,1.525,1.8875649839281299,evaluated,64,40,24,0.375,0.5267624020887729,0.7022854509250093
false_hotspot_js_0.15,false_hotspot,0.15,0.05,11,0.14999999999999997,5.4601647861152385,0.625,7.5984375,6.2,3.1575,1.8250000000000002,1.903999721364137,evaluated,64,40,24,0.375,0.5267624020887729,0.7022854509250093
false_negative_suppression_js_0.05,false_negative_suppression,0.05,0.05,7,0.04999999999999993,4.195678035789268,0.796875,4.76953125,1.975,2.1617647058823533,1.8,1.2440823908037837,evaluated,64,51,13,0.203125,0.3975195822454308,0.789929769685201
false_negative_suppression_js_0.05,false_negative_suppression,0.05,0.05,11,0.04999999999999993,4.195678035789268,0.796875,4.93515625,3.0250000000000004,2.369607843137255,1.9000000000000001,1.291640195027445,evaluated,64,51,13,0.203125,0.3975195822454308,0.789929769685201
false_negative_suppression_js_0.1,false_negative_suppression,0.1,0.05,7,0.10000000000000053,4.282266979752333,0.78125,5.39765625,3.4000000000000004,2.7090000000000005,3.1750000000000003,1.4655023022258182,evaluated,64,50,14,0.21875,0.4275456919060052,0.7805424457756029
false_negative_suppression_js_0.1,false_negative_suppression,0.1,0.05,11,0.10000000000000053,4.282266979752333,0.75,5.6921875,3.45,2.5895833333333336,3.0250000000000004,1.421711513495159,evaluated,64,48,16,0.25,0.4275456919060052,0.7805424457756029
false_negative_suppression_js_0.15,false_negative_suppression,0.15,0.05,7,0.15000000000000874,4.3647889549332035,0.703125,6.584375,3.575,3.031111111111111,3.3000000000000003,1.6470661749646116,evaluated,64,45,19,0.296875,0.44451697127937334,0.7408075814724295
false_negative_suppression_js_0.15,false_negative_suppression,0.15,0.05,11,0.15000000000000874,4.3647889549332035,0.734375,5.99765625,3.5500000000000003,2.7414893617021274,3.25,1.518403207763022,evaluated,64,47,17,0.265625,0.44451697127937334,0.7408075814724295
