dataset,gamma,family,n,tf_s_mean,tf_s_median,path_length_mean,path_length_median,visible_area_mean,visible_area_median,entropy_node_nats_mean,entropy_node_nats_median,entropy_dwell_tf_nats_mean,entropy_dwell_tf_nats_median,entropy_dwell_15s_nats_mean,entropy_dwell_15s_nats_median,ergodic_metric_mean,ergodic_metric_median
formal,0.05,oracle,12,5.809686072235845,5.349887436368491,2.3707063375246875,2.1595702509056727,0.5253125,0.4909375,3.7840287719746217,3.790654493663264,4.37771107306782,4.327024683564238,2.3217855990695613,2.156190868333014,0.050000000016423164,0.05000000000810145
formal,0.05,uniform_prior_baseline,12,4.609724856917234,4.624327569415376,2.214879896057439,2.233883445142559,0.4904166666666667,0.4775,3.812626739436627,3.818380380885662,4.4262235688886244,4.418414918114474,1.9419443008335258,1.9535512154993742,0.0500000000041716,0.05000000000207157
formal,0.05,diffuse_blur,36,4.776272067578588,4.569273949587346,2.205358357753473,2.1825691581139806,0.49493055555555554,0.4896875,3.8040680805612177,3.804517437274463,4.413537233003,4.402354739057758,1.99491609280752,1.9236787793507526,0.05000000000803065,0.050000000003059875
formal,0.05,spatial_shift,72,5.411595141766649,4.964129720253666,2.259286107789654,2.039414694962117,0.5256944444444444,0.48875,3.768021529413476,3.7681610878785117,4.332412786982828,4.256530782077194,2.1798042838307325,2.0095147565406837,0.05000000001964512,0.05000000000445608
formal,0.05,false_hotspot,72,5.401365973740948,5.093905733152599,2.378885423761797,2.1247751108315858,0.5623350694444444,0.525625,3.818482297591314,3.818380380885662,4.460111333843049,4.373542193455098,2.2223376195316393,2.0913171913737765,0.05000000003732739,0.05000000000259226
formal,0.05,false_negative_suppression,71,4.691753564564855,4.616464951066651,2.1498157751268883,2.043306633799547,0.5087588028169014,0.504375,3.793737899752496,3.7906544936632645,4.366636428640202,4.335590172771237,1.9532172665493965,1.9142182898274922,0.050000000018688304,0.05000000000174094
formal,0.1,oracle,12,4.396338647340866,4.184496691658938,2.012950838881482,1.914151545357109,0.49609375,0.4790625,3.693353308379176,3.726572257044915,4.215192358348359,4.243985999368373,1.8147604853599864,1.7436563067167634,0.10000000001508325,0.10000000000809352
formal,0.1,uniform_prior_baseline,12,3.9392839687790655,3.9666641514126657,1.7831064621996824,1.8012459364073705,0.4420833333333334,0.4325,3.773393569316157,3.7733935693161573,4.22322736606873,4.2426846415800625,1.6537743981103528,1.6681994169123138,0.10000000001852566,0.10000000001794682
formal,0.1,diffuse_blur,36,3.8177874216137604,3.7952644107452738,1.7514597780867058,1.6992459093816081,0.44755208333333335,0.443125,3.740673985288209,3.7456676820937593,4.16709798675799,4.135261448288743,1.5987690867520745,1.5794971241008837,0.10000000001191561,0.1000000000037351
formal,0.1,spatial_shift,68,4.106028054134622,3.792131215750249,1.8349490474590646,1.7290189385533699,0.4641911764705883,0.453125,3.7123095509941972,3.717941794871362,4.137843886611682,4.112507919462472,1.6907547629217614,1.5659323245850867,0.10000000001176389,0.10000000000348983
formal,0.1,false_hotspot,72,4.162608151217855,3.81286324018447,1.9612070601092364,1.7186721366266116,0.4766232638888888,0.473125,3.7529616506107057,3.7456676820937593,4.249070906618533,4.141481470571851,1.7412326214731477,1.5874467536028385,0.10000000001110193,0.10000000000459175
formal,0.1,false_negative_suppression,71,3.5573030603559443,3.443755785263358,1.7146304677974973,1.614111639478902,0.44481514084507057,0.444375,3.6880885776883456,3.6624900204265654,4.098216962848148,4.087884079100544,1.4952925809503343,1.4572145210606013,0.1000000000131189,0.1000000000051581
pilot,0.1,oracle,1,3.7330079012206765,3.7330079012206765,1.5627683088641557,1.5627683088641557,0.335,0.335,3.6902159076489642,3.6902159076489642,3.9736922706444906,3.9736922706444906,1.5200452764597285,1.5200452764597285,0.10000000000036724,0.10000000000036724
pilot,0.1,spatial_shift,3,3.8591545738145707,3.8512700407890463,1.6976100073813274,1.6509409433173368,0.42895833333333333,0.413125,3.736425719686294,3.7456676820937593,4.118028550670082,4.1013433716298655,1.5991595103925806,1.591957602291631,0.10000000001169868,0.10000000000320505
pilot,0.1,diffuse_blur,3,3.837538190709514,3.8255109022870726,1.700763552814901,1.682477798038182,0.3927083333333334,0.390625,3.7641516069086918,3.7733935693161573,4.153367546392889,4.144610006077629,1.6006628920372876,1.589044337864967,0.10000000003462452,0.10000000000156727
pilot,0.1,false_hotspot,3,4.454275816320565,4.516354955842045,2.051739969762588,2.1216830788557637,0.43354166666666666,0.44875,3.7549096445012253,3.7733935693161573,4.327486035675451,4.373878082525791,1.8593902057019813,1.8940415539902942,0.10000000001082392,0.10000000000268383
pilot,0.1,false_negative_suppression,3,3.5025776468351233,3.4906328247315868,1.5323323082320854,1.5291465329586125,0.3729166666666666,0.3725,3.736425719686294,3.717941794871362,4.027347360827541,4.00842149574403,1.4555964802048482,1.4468956885083046,0.10000000001553723,0.10000000000744547
pilot,0.05,oracle,1,4.860063500239121,4.860063500239121,1.8782023493169442,1.8782023493169442,0.36,0.36,3.7524636435655756,3.7524636435655756,4.2182586991460305,4.2182586991460305,1.9599577143646476,1.9599577143646476,0.05000000003954192,0.05000000003954192
pilot,0.05,spatial_shift,3,4.934821768313714,4.925659593886768,1.947587960706129,1.9046406487037544,0.40562499999999996,0.370625,3.759440285482436,3.7524636435655756,4.232503826014214,4.217674490786469,1.9889360209920666,1.9810208534385891,0.05000000006579336,0.050000000058756947
pilot,0.05,diffuse_blur,3,4.680613776664369,4.576495791646867,2.1775979802673078,2.174742913287444,0.42895833333333333,0.433125,3.8218687018440924,3.84610626810806,4.412148672941851,4.414875928510695,1.9617147799012598,1.9221844582723497,0.05000000000506907,0.05000000000384323
pilot,0.05,false_hotspot,3,5.281441035913517,5.260244258939178,2.531452954423486,2.4859051398112384,0.4739583333333333,0.478125,3.818380380885662,3.818380380885662,4.520613351310705,4.502500695046443,2.2015396721496656,2.187873927340274,0.05000000008899322,0.05000000001791872
pilot,0.05,false_negative_suppression,3,4.280911323491601,4.282266979752333,1.963479746639787,1.9623007727199946,0.40520833333333334,0.409375,3.7733935693161573,3.7733935693161573,4.309127199095325,4.308396073993533,1.7946136777492967,1.7947319819295553,0.05000000000162504,0.05000000000113147
