dataset,gamma,family,js,n,tf_s_mean,tf_s_median,path_length_mean,path_length_median,visible_area_mean,visible_area_median,entropy_node_nats_mean,entropy_node_nats_median,entropy_dwell_tf_nats_mean,entropy_dwell_tf_nats_median,entropy_dwell_15s_nats_mean,entropy_dwell_15s_nats_median,ergodic_metric_mean,ergodic_metric_median
formal,0.05,oracle,0.0,12,5.809686072235845,5.349887436368491,2.3707063375246875,2.1595702509056727,0.5253125,0.4909375,3.7840287719746217,3.790654493663264,4.37771107306782,4.327024683564238,2.3217855990695613,2.156190868333014,0.050000000016423164,0.05000000000810145
formal,0.05,uniform_prior_baseline,,12,4.609724856917234,4.624327569415376,2.214879896057439,2.233883445142559,0.4904166666666667,0.4775,3.812626739436627,3.818380380885662,4.4262235688886244,4.418414918114474,1.9419443008335258,1.9535512154993742,0.0500000000041716,0.05000000000207157
formal,0.05,diffuse_blur,0.05,12,5.286687297526874,4.943492504108342,2.340644822934863,2.1923739875206967,0.5216145833333333,0.505,3.8042568572687685,3.818380380885662,4.458995991400781,4.41316799150783,2.1826783647955037,2.0512184290103903,0.050000000007892044,0.05000000000259562
formal,0.05,diffuse_blur,0.1,12,4.451698805406367,4.432857315178232,2.082673343081494,2.0630383839920077,0.4786979166666667,0.478125,3.8013800365442503,3.7733935693161573,4.365832085669932,4.362238971344244,1.8698117930322227,1.8619776837637165,0.05000000000872934,0.050000000006564765
formal,0.05,diffuse_blur,0.15,12,4.59043009980252,4.579011945713796,2.192756907244062,2.1862348172062043,0.4844791666666666,0.48843749999999997,3.8065673478706343,3.804517437274463,4.415783621938288,4.416209772843731,1.9322581205948322,1.9324654424236891,0.05000000000747059,0.05000000000034263
formal,0.05,spatial_shift,0.05,24,5.488261657062633,5.044904953499007,2.320440434941847,2.1023696083101804,0.528359375,0.49124999999999996,3.7611844459616512,3.762928606440866,4.349954654187294,4.274245628272563,2.2115328644806582,2.032508338827728,0.0500000000098911,0.05000000000471118
formal,0.05,spatial_shift,0.1,24,5.331199798468087,4.918849774897259,2.2371608238694503,2.025017411385601,0.5188541666666667,0.48062499999999997,3.771298488608725,3.7681610878785117,4.334308022289871,4.260059786682985,2.1554987175790115,1.9959020358032218,0.05000000003531535,0.0500000000067196
formal,0.05,spatial_shift,0.15,24,5.415323969769226,4.918979828110087,2.2202570645576656,1.999808624254372,0.5298697916666667,0.4859375,3.7715816536700504,3.7801895307879736,4.312975684471319,4.235026999435737,2.172381269432529,1.9789103465151558,0.05000000001372892,0.050000000002811504
formal,0.05,false_hotspot,0.05,24,5.426324093224049,5.061133026939081,2.367385404380462,2.0821846698544735,0.5605208333333334,0.525625,3.795428349925475,3.804517437274463,4.4432639317072,4.355630015093018,2.222874357950049,2.0639398304083967,0.05000000006399163,0.050000000003246683
formal,0.05,false_hotspot,0.1,24,5.262480849242426,5.0722198221464225,2.3498169845218118,2.116175866069641,0.5618489583333334,0.5231250000000001,3.828494423532735,3.84610626810806,4.451528399637408,4.373542193455098,2.1746679769081476,2.0838579431354374,0.05000000002546217,0.05000000000227171
formal,0.05,false_hotspot,0.15,24,5.51529297875637,5.192638878455144,2.419453882383117,2.1558096373247815,0.5646354166666666,0.5237499999999999,3.831524119315731,3.84610626810806,4.485541670184539,4.4050436644542525,2.2694705237367216,2.1383679980202013,0.05000000002252838,0.05000000000212787
formal,0.05,false_negative_suppression,0.05,24,4.685587594215577,4.496566327965284,2.1077139418362445,2.003842042552387,0.5133333333333333,0.514375,3.795014894861302,3.7820240314897107,4.339546046507533,4.310422316162309,1.9437989660679438,1.8765792768343197,0.05000000003719909,0.050000000001243675
formal,0.05,false_negative_suppression,0.1,23,4.623982605538593,4.327590796533828,2.122431560285377,2.0534360113556245,0.49864130434782616,0.496875,3.793248529192976,3.790654493663264,4.35687994880186,4.32813427613141,1.9270317035227713,1.8049008128578832,0.05000000000496286,0.05000000000208035
formal,0.05,false_negative_suppression,0.15,24,4.762866703980965,4.6984325668600455,2.2181608143073146,2.1172662715066433,0.5138802083333334,0.5103125,3.7929298847632267,3.8011194565385553,4.403076770617947,4.365841037871339,1.9877300649313654,1.9634685265477656,0.050000000013331054,0.050000000002543635
formal,0.1,oracle,0.0,12,4.396338647340866,4.184496691658938,2.012950838881482,1.914151545357109,0.49609375,0.4790625,3.693353308379176,3.726572257044915,4.215192358348359,4.243985999368373,1.8147604853599864,1.7436563067167634,0.10000000001508325,0.10000000000809352
formal,0.1,uniform_prior_baseline,,12,3.9392839687790655,3.9666641514126657,1.7831064621996824,1.8012459364073705,0.4420833333333334,0.4325,3.773393569316157,3.7733935693161573,4.22322736606873,4.2426846415800625,1.6537743981103528,1.6681994169123138,0.10000000001852566,0.10000000001794682
formal,0.1,diffuse_blur,0.05,12,3.9036348643757477,3.7411996198722957,1.8207824476679837,1.7195592236008623,0.4567708333333333,0.4565625,3.748544502818277,3.731804738482561,4.192745790450475,4.132586516285254,1.6359074061305285,1.553911843605603,0.10000000001545904,0.10000000000544779
formal,0.1,diffuse_blur,0.1,12,3.658981958931443,3.731426884707366,1.680614814161202,1.6378119660530088,0.44593750000000004,0.448125,3.7139468273413905,3.7456676820937593,4.119632840355604,4.1143066378088555,1.5320146953985097,1.5552441376637811,0.10000000001285277,0.10000000000604824
formal,0.1,diffuse_blur,0.15,12,3.89074544153409,3.861152860833867,1.7529820724309317,1.7263137838714293,0.43994791666666666,0.440625,3.7595306257049583,3.7733935693161573,4.188915329467891,4.17473280528185,1.628385158727186,1.6141856185410073,0.10000000000743504,0.10000000000277595
formal,0.1,spatial_shift,0.05,23,4.22849259737915,3.9134060668006496,1.8564572433990405,1.7450440377709497,0.484211956521739,0.47,3.7042030225384566,3.717941794871362,4.146345533788659,4.139101363879665,1.7326270443671647,1.6202914793550254,0.10000000000724078,0.10000000000107892
formal,0.1,spatial_shift,0.1,22,4.051555071416144,3.792131215750249,1.8284100728456225,1.7173655102844751,0.4602272727272727,0.450625,3.708619603291034,3.7179417948713613,4.125431977325846,4.116574529993537,1.6702398136142187,1.5659323245850867,0.10000000000863393,0.10000000000325535
formal,0.1,spatial_shift,0.15,23,4.035668103055595,3.679784758587461,1.8196955228884684,1.6745235273552619,0.44796195652173904,0.43875,3.723945594644268,3.717941794871362,4.141214500490724,4.077282561787875,1.6685054764661815,1.5363804060944026,0.10000000001928087,0.10000000000604213
formal,0.1,false_hotspot,0.05,24,4.122565993047624,3.71218016528554,1.928313344151207,1.706600130685315,0.46848958333333335,0.459375,3.759072000529524,3.7456676820937593,4.237796662761217,4.144824090684951,1.7240859940240958,1.5520000591380834,0.10000000000952691,0.10000000000276732
formal,0.1,false_hotspot,0.1,24,4.131134111435262,3.7812853548679106,1.970820329492731,1.7186633018777764,0.4807552083333333,0.4765625,3.7453619319768037,3.7179417948713613,4.249560906608702,4.138133798626058,1.7313877693700543,1.5776732838675727,0.10000000001241932,0.10000000000923762
formal,0.1,false_hotspot,0.15,24,4.234124349170678,3.8862504164555833,1.984487506683772,1.7361208519746238,0.480625,0.4796875,3.7544510193257907,3.7456676820937593,4.259855150485678,4.154159255227534,1.7682241010252937,1.6174092767137076,0.10000000001135956,0.10000000000464945
formal,0.1,false_negative_suppression,0.05,24,3.659464430885604,3.559625377190023,1.7351167723658547,1.6874027896962012,0.4444010416666666,0.4440625,3.695127310633947,3.7179417948713613,4.109208616115617,4.105502578511444,1.53352629564825,1.500356524129773,0.10000000001504016,0.10000000000441582
formal,0.1,false_negative_suppression,0.1,24,3.584394666680856,3.4410927786610435,1.731062829457325,1.6752873058064743,0.4502864583333333,0.4446875,3.686887718468936,3.6624900204265654,4.107631268252077,4.093803252797958,1.5072119949209946,1.4565602682529977,0.10000000001213076,0.10000000000512085
formal,0.1,false_negative_suppression,0.15,23,3.4224303888555196,3.4326021089661523,1.6761066421680868,1.578556224543745,0.4395380434782608,0.44375,3.681996883365367,3.6624900204265654,4.0769237885823415,4.012119948686701,1.4429588814700804,1.4500073522968429,0.10000000001214522,0.10000000000567953
pilot,0.1,oracle,0.0,1,3.7330079012206765,3.7330079012206765,1.5627683088641557,1.5627683088641557,0.335,0.335,3.6902159076489642,3.6902159076489642,3.9736922706444906,3.9736922706444906,1.5200452764597285,1.5200452764597285,0.10000000000036724,0.10000000000036724
pilot,0.1,spatial_shift,0.05,1,3.7840306990673316,3.7840306990673316,1.5952416034010206,1.5952416034010206,0.38125,0.38125,3.6902159076489642,3.6902159076489642,4.04463060263417,4.04463060263417,1.5548656168904278,1.5548656168904278,0.10000000000059048,0.10000000000059048
pilot,0.1,spatial_shift,0.1,1,3.8512700407890463,3.8512700407890463,1.6509409433173368,1.6509409433173368,0.413125,0.413125,3.7456676820937593,3.7456676820937593,4.1013433716298655,4.1013433716298655,1.591957602291631,1.591957602291631,0.10000000000320505,0.10000000000320505
pilot,0.1,spatial_shift,0.15,1,3.9421629815873334,3.9421629815873334,1.8466474754256248,1.8466474754256248,0.4925,0.4925,3.7733935693161573,3.7733935693161573,4.208111677746212,4.208111677746212,1.6506553119956835,1.6506553119956835,0.10000000003130051,0.10000000003130051
pilot,0.1,diffuse_blur,0.05,1,3.8255109022870726,3.8255109022870726,1.6681651123933285,1.6681651123933285,0.36625,0.36625,3.7456676820937593,3.7456676820937593,4.1240989861198045,4.1240989861198045,1.589044337864967,1.589044337864967,0.10000000000011242,0.10000000000011242
pilot,0.1,diffuse_blur,0.1,1,3.8032321970149905,3.8032321970149905,1.682477798038182,1.682477798038182,0.390625,0.390625,3.7733935693161573,3.7733935693161573,4.144610006077629,4.144610006077629,1.586659937628909,1.586659937628909,0.10000000000156727,0.10000000000156727
pilot,0.1,diffuse_blur,0.15,1,3.883871472826478,3.883871472826478,1.751647748013193,1.751647748013193,0.42125,0.42125,3.7733935693161573,3.7733935693161573,4.191393646981234,4.191393646981234,1.6262844006179868,1.6262844006179868,0.10000000010219391,0.10000000010219391
pilot,0.1,false_hotspot,0.05,1,4.304898770628181,4.304898770628181,1.894392020870922,1.894392020870922,0.374375,0.374375,3.7179417948713613,3.7179417948713613,4.225648539573174,4.225648539573174,1.7787292496626435,1.7787292496626435,0.10000000000268383,0.10000000000268383
pilot,0.1,false_hotspot,0.1,1,4.516354955842045,4.516354955842045,2.1216830788557637,2.1216830788557637,0.44875,0.44875,3.7733935693161573,3.7733935693161573,4.373878082525791,4.373878082525791,1.8940415539902942,1.8940415539902942,0.10000000002857215,0.10000000002857215
pilot,0.1,false_hotspot,0.15,1,4.54157372249147,4.54157372249147,2.1391448095610786,2.1391448095610786,0.4775,0.4775,3.7733935693161573,3.7733935693161573,4.382931484927388,4.382931484927388,1.9053998134530061,1.9053998134530061,0.10000000000121576,0.10000000000121576
pilot,0.1,false_negative_suppression,0.05,1,3.401913211505961,3.401913211505961,1.4587518180899364,1.4587518180899364,0.3575,0.3575,3.717941794871362,3.717941794871362,3.972948779273036,3.972948779273036,1.4085585219545576,1.4085585219545576,0.10000000000744547,0.10000000000744547
pilot,0.1,false_negative_suppression,0.1,1,3.4906328247315868,3.4906328247315868,1.5291465329586125,1.5291465329586125,0.3725,0.3725,3.717941794871362,3.717941794871362,4.00842149574403,4.00842149574403,1.4468956885083046,1.4468956885083046,0.10000000000492393,0.10000000000492393
pilot,0.1,false_negative_suppression,0.15,1,3.6151869042678233,3.6151869042678233,1.6090985736477073,1.6090985736477073,0.38875,0.38875,3.7733935693161573,3.7733935693161573,4.100671807465556,4.100671807465556,1.5113352301516827,1.5113352301516827,0.10000000003424232,0.10000000003424232
pilot,0.05,oracle,0.0,1,4.860063500239121,4.860063500239121,1.8782023493169442,1.8782023493169442,0.36,0.36,3.7524636435655756,3.7524636435655756,4.2182586991460305,4.2182586991460305,1.9599577143646476,1.9599577143646476,0.05000000003954192,0.05000000003954192
pilot,0.05,spatial_shift,0.05,1,4.884008152901116,4.884008152901116,1.859909152562699,1.859909152562699,0.35875,0.35875,3.7524636435655756,3.7524636435655756,4.203112584121498,4.203112584121498,1.9627946626070387,1.9627946626070387,0.05000000013097161,0.05000000013097161
pilot,0.05,spatial_shift,0.1,1,4.925659593886768,4.925659593886768,1.9046406487037544,1.9046406487037544,0.370625,0.370625,3.790654493663264,3.790654493663264,4.217674490786469,4.217674490786469,1.9810208534385891,1.9810208534385891,0.050000000007651535,0.050000000007651535
pilot,0.05,spatial_shift,0.15,1,4.994797558153258,4.994797558153258,2.078214080851933,2.078214080851933,0.4875,0.4875,3.7352027192184685,3.7352027192184685,4.276724403134674,4.276724403134674,2.022992546930572,2.022992546930572,0.050000000058756947,0.050000000058756947
pilot,0.05,diffuse_blur,0.05,1,4.903092707797077,4.903092707797077,2.173942497741026,2.173942497741026,0.395625,0.395625,3.84610626810806,3.84610626810806,4.4240158254656645,4.4240158254656645,2.0411663316314748,2.0411663316314748,0.05000000000384323,0.05000000000384323
pilot,0.05,diffuse_blur,0.1,1,4.576495791646867,4.576495791646867,2.174742913287444,2.174742913287444,0.433125,0.433125,3.84610626810806,3.84610626810806,4.397554264849193,4.397554264849193,1.9217935497999545,1.9217935497999545,0.050000000010931356,0.050000000010931356
pilot,0.05,diffuse_blur,0.15,1,4.5622528305491645,4.5622528305491645,2.1841085297734537,2.1841085297734537,0.458125,0.458125,3.7733935693161573,3.7733935693161573,4.414875928510695,4.414875928510695,1.9221844582723497,1.9221844582723497,0.050000000000432636,0.050000000000432636
pilot,0.05,false_hotspot,0.05,1,5.260244258939178,5.260244258939178,2.4693062409671107,2.4693062409671107,0.439375,0.439375,3.818380380885662,3.818380380885662,4.50211571406332,4.50211571406332,2.187873927340274,2.187873927340274,0.050000000000563094,0.050000000000563094
pilot,0.05,false_hotspot,0.1,1,5.123914062686132,5.123914062686132,2.4859051398112384,2.4859051398112384,0.478125,0.478125,3.818380380885662,3.818380380885662,4.502500695046443,4.502500695046443,2.1420389625627667,2.1420389625627667,0.05000000001791872,0.05000000001791872
pilot,0.05,false_hotspot,0.15,1,5.4601647861152385,5.4601647861152385,2.6391474824921084,2.6391474824921084,0.504375,0.504375,3.818380380885662,3.818380380885662,4.557223644822352,4.557223644822352,2.274706126545956,2.274706126545956,0.05000000024849785,0.05000000024849785
pilot,0.05,false_negative_suppression,0.05,1,4.195678035789268,4.195678035789268,1.892255402513345,1.892255402513345,0.380625,0.380625,3.7733935693161573,3.7733935693161573,4.259501052811822,4.259501052811822,1.7513217522677118,1.7513217522677118,0.05000000000034205,0.05000000000034205
pilot,0.05,false_negative_suppression,0.1,1,4.282266979752333,4.282266979752333,1.9623007727199946,1.9623007727199946,0.409375,0.409375,3.7733935693161573,3.7733935693161573,4.308396073993533,4.308396073993533,1.7947319819295553,1.7947319819295553,0.050000000003401615,0.050000000003401615
pilot,0.05,false_negative_suppression,0.15,1,4.3647889549332035,4.3647889549332035,2.0358830646860215,2.0358830646860215,0.425625,0.425625,3.7733935693161573,3.7733935693161573,4.359484470480619,4.359484470480619,1.8377872990506232,1.8377872990506232,0.05000000000113147,0.05000000000113147
