dataset,gamma,family,n,delta_tf_s_mean,delta_tf_s_median,delta_path_length_mean,delta_path_length_median,delta_visible_area_mean,delta_visible_area_median,delta_entropy_node_nats_mean,delta_entropy_node_nats_median,delta_entropy_dwell_tf_nats_mean,delta_entropy_dwell_tf_nats_median,delta_entropy_dwell_15s_nats_mean,delta_entropy_dwell_15s_nats_median,delta_ergodic_metric_mean,delta_ergodic_metric_median,positive_delta_tf_s_count,positive_delta_entropy_node_nats_count,positive_delta_entropy_dwell_tf_nats_count,positive_delta_entropy_dwell_15s_nats_count
formal,0.05,uniform_prior_baseline,12,-1.1999612153186103,-0.7201847012857474,-0.15582644146724803,0.08898946840238442,-0.034895833333333355,0.0018750000000000155,0.02859796746200542,0.027725887222397994,0.048512495820804004,0.09549372815754076,-0.37984129823603574,-0.2086167378493532,-1.2251563768124937e-11,-6.216711173623324e-12,2,7,9,3
formal,0.05,diffuse_blur,36,-1.033414004657258,-0.8449147245079969,-0.1653479797712145,-0.06632100194555801,-0.03038194444444445,-0.015937499999999993,0.0200393085865966,0.02249340578475234,0.03582615993517943,0.05035101567561551,-0.32686950626204186,-0.27355161795791205,-8.39250852455484e-12,-6.013852610342596e-12,8,19,20,10
formal,0.05,spatial_shift,72,-0.3980909304691959,-0.3795073912552409,-0.11142022973503336,-0.06763587000596893,0.00038194444444444246,0.0078125,-0.01600724256114562,-0.02772588722239755,-0.0452982860849929,-0.05227641430864205,-0.14198131523882868,-0.12583727009707824,3.2219573267094287e-12,-4.699449163148017e-12,24,20,16,21
formal,0.05,false_hotspot,72,-0.40832009849489614,-0.3113862638189828,0.00817908623710966,-0.036788359865877585,0.03702256944444445,0.04031250000000006,0.03445352561669309,0.027725887222397994,0.08240026077522848,0.05737097558017279,-0.099447979537922,-0.0880730091015256,2.090422192985164e-11,-4.331951464209283e-12,27,48,46,29
formal,0.05,false_negative_suppression,71,-1.0817934446238666,-0.6210612560454338,-0.2033927054517965,-0.03254345998693342,-0.013257042253521135,0.0,0.010192953255494512,0.027725887222397994,-0.004970241724186549,0.022858914626434412,-0.3545042949009794,-0.1908506235306926,2.061857238152913e-12,-5.122090251941103e-12,2,41,45,3
formal,0.1,uniform_prior_baseline,12,-0.45705467856180065,-0.22463138446828612,-0.22984437668179905,-0.10280931538385452,-0.05401041666666665,-0.037500000000000006,0.08004026093698069,0.0468213122712422,0.00803500772037069,0.010035173869476388,-0.16098608724963304,-0.07427847953850752,3.4424095518570397e-12,1.0911757608589312e-11,5,10,6,5
formal,0.1,diffuse_blur,36,-0.578551225727106,-0.3942804203059178,-0.2614910607947759,-0.200569669541929,-0.04854166666666666,-0.04031249999999997,0.04732067690903204,0.0329583686600432,-0.048094371590369014,-0.08893945571493722,-0.21599139860791144,-0.1657660420269076,-3.1676459295088616e-12,-9.26411725110654e-13,13,20,14,13
formal,0.1,spatial_shift,68,-0.1894870452260074,-0.2825553692433209,-0.12368738570309042,-0.12850708687507906,-0.021590073529411762,-0.011562500000000003,0.024018270991003874,0.0,-0.0540799011301644,-0.10325639478018722,-0.08259217021807334,-0.1244024683449364,-4.169269504802407e-12,-4.0883546548187155e-12,19,30,22,23
formal,0.1,false_hotspot,72,-0.23373049612301136,-0.3148216207474681,-0.05174377877224543,-0.10200579203348237,-0.0194704861111111,-0.02156249999999993,0.05960834223152941,0.0329583686600432,0.03387854827017381,-0.08132459095908384,-0.07352786388683813,-0.12945246617685768,-3.981328769750745e-12,-1.5182924362200367e-12,31,42,31,31
formal,0.1,false_negative_suppression,71,-0.8025418560814407,-0.6847029348581986,-0.27763181753234434,-0.2676730950915305,-0.0478169014084507,-0.03875000000000001,-0.003894291461476736,-0.02772588722239755,-0.108830206515678,-0.13340125788678403,-0.3045120123868051,-0.272280916218653,-2.1593356992931026e-12,-2.5305174622403115e-12,0,22,11,0
pilot,0.1,spatial_shift,3,0.12614667259389392,0.11826213956836984,0.13484169851717165,0.08817263445318102,0.09395833333333331,0.078125,0.0462098120373294,0.0554517744447951,0.14433628002559176,0.1276511009853749,0.07911423393285226,0.07191232583190255,1.1331440415614699e-11,2.837813317668747e-12,3,2,3,3
pilot,0.1,diffuse_blur,3,0.1045302894888372,0.09250300106639608,0.1379952439507454,0.11970948917402624,0.05770833333333333,0.05562499999999998,0.0739356992597271,0.08317766166719309,0.1796752757483985,0.1709177354331386,0.08061761557755909,0.06899906140523848,3.425729144801437e-11,1.2000261895295239e-12,3,3,3,3
pilot,0.1,false_hotspot,3,0.721267915099889,0.7833470546213688,0.4889716608984323,0.5589147699916079,0.09854166666666664,0.11374999999999996,0.0646937368522611,0.08317766166719309,0.35379376503096055,0.4001858118813004,0.33934492924225274,0.37399627753056564,1.045667256486619e-11,2.3165913631828516e-12,3,3,3,3
pilot,0.1,false_negative_suppression,3,-0.23043025438555276,-0.24237507648908974,-0.030436000632070376,-0.03362177590554327,0.03791666666666663,0.03749999999999998,0.0462098120373294,0.02772588722239755,0.05365509018305007,0.03472922509953946,-0.06444879625488024,-0.0731495879514239,1.5169999515822024e-11,7.0782268934976855e-12,0,3,2,0
pilot,0.05,spatial_shift,3,0.07475826807459345,0.06559609364764718,0.06938561138918464,0.026438299386810193,0.045625000000000006,0.010624999999999996,0.0069766419168604266,0.0,0.014245126868183059,-0.0005842083595615222,0.02897830662741896,0.021063139073941528,2.6251443148902116e-11,1.9215025404140107e-11,3,1,1,3
pilot,0.05,diffuse_blur,3,-0.1794497235747512,-0.2835677085922539,0.29939563095036376,0.2965405639704999,0.06895833333333334,0.073125,0.06940505827851684,0.0936426245424844,0.1938899737958204,0.19661722936466486,0.0017570655366120718,-0.03777325609229787,-3.447284818713925e-11,-3.569869400088521e-11,1,3,3,1
pilot,0.05,false_hotspot,3,0.42137753567439545,0.4001807587000572,0.6532506051065416,0.6077027904942942,0.11395833333333337,0.11812500000000004,0.0659167373200864,0.0659167373200864,0.3023546521646748,0.28424199590041255,0.241581957785018,0.22791621297562648,4.945129953674391e-11,-2.162320322796063e-11,3,3,3,3
pilot,0.05,false_negative_suppression,3,-0.5791521767475191,-0.5777965204867872,0.08527739732284283,0.0840984234030504,0.04520833333333333,0.049375,0.020929925750581724,0.020929925750581724,0.0908684999492942,0.09013737484750273,-0.16534403661535083,-0.1652257324350923,-3.791687565775822e-11,-3.8410448433001676e-11,0,3,3,0
