family,js,error_visible_mass_gamma_0.1,oracle_visible_mass_gamma_0.1,gained_pp_gamma_0.1,lost_pp_gamma_0.1,net_pp_gamma_0.1,error_visible_mass_gamma_0.05,oracle_visible_mass_gamma_0.05,gained_pp_gamma_0.05,lost_pp_gamma_0.05,net_pp_gamma_0.05
spatial_shift,0.05,0.7436513314958866,0.7050594068807747,5.470911031948315,1.6117185704371242,3.859192461511191,0.6963714796430394,0.7676509783712757,4.419161982196999,11.547111855020637,-7.1279498728236375
spatial_shift,0.1,0.7655986364431977,0.7050594068807747,7.346274756227844,1.2923517999855385,6.053922956242306,0.6576408202566357,0.7676509783712757,5.547401989827524,16.548417801291517,-11.001015811463994
spatial_shift,0.15,0.8208330861676925,0.7050594068807747,12.498622126848657,0.9212541981568765,11.57736792869178,0.7834220641487653,0.7676509783712757,8.18463698301316,6.607528405264206,1.5771085777489544
diffuse_blur,0.05,0.7660329718749217,0.7050594068807747,6.745306031683778,0.6479495322690768,6.097356499414701,0.8230928584261745,0.7676509783712757,5.544188005489892,0.0,5.544188005489892
diffuse_blur,0.1,0.7658329836638129,0.7050594068807747,6.126676070385065,0.04931839208124186,6.077357678303823,0.7857684986836977,0.7676509783712757,6.738015387571057,4.926263356328867,1.8117520312421895
diffuse_blur,0.15,0.7528573146728182,0.7050594068807747,6.144446280793703,1.3646555015893427,4.779790779204361,0.7083583406082765,0.7676509783712757,7.402078730672283,13.331342506972199,-5.929263776299916
false_hotspot,0.05,0.7316870725755651,0.7050594068807747,3.2427914085493876,0.5800248390703487,2.662766569479039,0.7738919706958176,0.7676509783712757,7.564208401033298,6.940109168579099,0.6240992324541992
false_hotspot,0.1,0.7276285189226444,0.7050594068807747,6.17042816336556,3.913516959178592,2.2569112041869683,0.7282365278367413,0.7676509783712757,8.810206876466598,12.751651929920044,-3.941445053453446
false_hotspot,0.15,0.7311675124170048,0.7050594068807747,5.778761053651295,3.1679505000282755,2.6108105536230197,0.7022854509250093,0.7676509783712757,9.396422250865225,15.93297499549187,-6.536552744626645
false_negative_suppression,0.05,0.7387377961563114,0.7050594068807747,3.8252744523930247,0.4574355248393444,3.3678389275536804,0.789929769685201,0.7676509783712757,3.594423190089132,1.3665440586965947,2.2278791313925375
false_negative_suppression,0.1,0.7475737298264349,0.7050594068807747,4.933096911977605,0.6816646174115765,4.251432294566029,0.7805424457756029,0.7676509783712757,5.670707238497603,4.381560498064882,1.289146740432721
false_negative_suppression,0.15,0.7440203454423121,0.7050594068807747,5.816220080171138,1.920126224017402,3.896093856153736,0.7408075814724295,0.7676509783712757,6.646788826648786,9.331128516533397,-2.6843396898846112
