gamma,family,js,scene,valid_directions,expected_directions,complete,error_visible_mass,oracle_visible_mass,gained_pp,lost_pp,net_pp
0.05,uniform_prior_baseline,,cx0.25_cy0.25_layoutA,1,1,True,0.682256069909928,0.7993108888009939,6.398606703157156,18.104088592263746,-11.70548188910659
0.05,diffuse_blur,0.05,cx0.25_cy0.25_layoutA,1,1,True,0.8292189163546221,0.7993108888009939,6.883658854054109,3.892856098691283,2.990802755362826
0.05,diffuse_blur,0.1,cx0.25_cy0.25_layoutA,1,1,True,0.8089837851995304,0.7993108888009939,6.4387029827157365,5.471413342862089,0.9672896398536475
0.05,diffuse_blur,0.15,cx0.25_cy0.25_layoutA,1,1,True,0.7192750219949567,0.7993108888009939,5.970291034023121,13.973877714626845,-8.003586680603725
0.05,spatial_shift,0.05,cx0.25_cy0.25_layoutA,2,2,True,0.7595339532848168,0.7993108888009939,6.018123869282375,9.99581742090008,-3.9776935516177043
0.05,spatial_shift,0.1,cx0.25_cy0.25_layoutA,2,2,True,0.7137355615292167,0.7993108888009939,5.3681678958181385,13.925700622995844,-8.557532727177705
0.05,spatial_shift,0.15,cx0.25_cy0.25_layoutA,2,2,True,0.6932855068719256,0.7993108888009939,5.416032454835989,16.018570647742813,-10.602538192906826
0.05,false_hotspot,0.05,cx0.25_cy0.25_layoutA,2,2,True,0.788923773316129,0.7993108888009939,8.396531566349841,9.43524311483634,-1.038711548486499
0.05,false_hotspot,0.1,cx0.25_cy0.25_layoutA,2,2,True,0.7489124785173995,0.7993108888009939,6.970837017526549,12.010678045885983,-5.039841028359435
0.05,false_hotspot,0.15,cx0.25_cy0.25_layoutA,2,2,True,0.6867253848135202,0.7993108888009939,5.4598515811569435,16.7184019799043,-11.258550398747357
0.05,false_negative_suppression,0.05,cx0.25_cy0.25_layoutA,2,2,True,0.7820390663801977,0.7993108888009939,4.950561494082748,6.677743736162362,-1.7271822420796141
0.05,false_negative_suppression,0.1,cx0.25_cy0.25_layoutA,2,2,True,0.8000749332820071,0.7993108888009939,7.074491419811629,6.9980869717103,0.07640444810132996
0.05,false_negative_suppression,0.15,cx0.25_cy0.25_layoutA,2,2,True,0.7538601062513526,0.7993108888009939,8.628776688595128,13.173854943559267,-4.545078254964138
0.1,uniform_prior_baseline,,cx0.25_cy0.25_layoutA,1,1,True,0.6468014051901195,0.7567266795935348,4.9064852411341375,15.89901268147566,-10.992527440341522
0.1,diffuse_blur,0.05,cx0.25_cy0.25_layoutA,1,1,True,0.7539596864427898,0.7567266795935348,5.528786992103505,5.805486307178018,-0.27669931507451295
0.1,diffuse_blur,0.1,cx0.25_cy0.25_layoutA,1,1,True,0.71636255919873,0.7567266795935348,4.830552433347511,8.866964472827979,-4.036412039480468
0.1,diffuse_blur,0.15,cx0.25_cy0.25_layoutA,1,1,True,0.6628460689197896,0.7567266795935348,5.106683146452998,14.494744213827518,-9.38806106737452
0.1,spatial_shift,0.05,cx0.25_cy0.25_layoutA,2,2,True,0.7153026695677112,0.7567266795935348,2.9288045177904287,7.071205520372779,-4.14240100258235
0.1,spatial_shift,0.1,cx0.25_cy0.25_layoutA,2,2,True,0.68783977157389,0.7567266795935348,3.753839871354736,10.642530673319222,-6.888690801964485
0.1,spatial_shift,0.15,cx0.25_cy0.25_layoutA,2,2,True,0.6663713313393894,0.7567266795935348,4.027463889673646,13.062998715088183,-9.035534825414537
0.1,false_hotspot,0.05,cx0.25_cy0.25_layoutA,2,2,True,0.7427159026618202,0.7567266795935348,6.349080982704246,7.750158675875695,-1.401077693171449
0.1,false_hotspot,0.1,cx0.25_cy0.25_layoutA,2,2,True,0.6752846129338029,0.7567266795935348,6.16179363143311,14.306000297406293,-8.144206665973183
0.1,false_hotspot,0.15,cx0.25_cy0.25_layoutA,2,2,True,0.6495696528264301,0.7567266795935348,5.782786607229584,16.498489283940053,-10.715702676710468
0.1,false_negative_suppression,0.05,cx0.25_cy0.25_layoutA,2,2,True,0.7157741212951316,0.7567266795935348,5.148929678712705,9.24418550855303,-4.095255829840326
0.1,false_negative_suppression,0.1,cx0.25_cy0.25_layoutA,2,2,True,0.6694362692191804,0.7567266795935348,4.139873696804214,12.868914734239638,-8.729041037435424
0.1,false_negative_suppression,0.15,cx0.25_cy0.25_layoutA,2,2,True,0.6425489270065704,0.7567266795935348,4.44610982026895,15.863885078965389,-11.417775258696437
0.05,uniform_prior_baseline,,cx0.25_cy0.25_layoutB,1,1,True,0.675088945508727,0.8047703073141987,12.113449578719173,25.081585759266357,-12.968136180547184
0.05,diffuse_blur,0.05,cx0.25_cy0.25_layoutB,1,1,True,0.832587150020677,0.8047703073141987,12.169737890519277,9.388053619871464,2.7816842706478138
0.05,diffuse_blur,0.1,cx0.25_cy0.25_layoutB,1,1,True,0.7274786227119567,0.8047703073141987,6.448549293744707,14.177717753968903,-7.729168460224196
0.05,diffuse_blur,0.15,cx0.25_cy0.25_layoutB,1,1,True,0.7071210509246855,0.8047703073141987,11.744345267125894,21.509270906077216,-9.764925638951322
0.05,spatial_shift,0.05,cx0.25_cy0.25_layoutB,2,2,True,0.8439128174655737,0.8047703073141987,10.847230819168157,6.932979804030674,3.9142510151374843
0.05,spatial_shift,0.1,cx0.25_cy0.25_layoutB,2,2,True,0.7746706176479591,0.8047703073141987,9.971349712063653,12.981318678687616,-3.009968966623965
0.05,spatial_shift,0.15,cx0.25_cy0.25_layoutB,2,2,True,0.7693448165284146,0.8047703073141987,11.901113755843452,15.443662834421872,-3.5425490785784195
0.05,false_hotspot,0.05,cx0.25_cy0.25_layoutB,2,2,True,0.811725007044569,0.8047703073141987,6.298277881955311,5.6028079089182965,0.695469973037014
0.05,false_hotspot,0.1,cx0.25_cy0.25_layoutB,2,2,True,0.8408530516918613,0.8047703073141987,9.375494848594712,5.767220410828466,3.608274437766247
0.05,false_hotspot,0.15,cx0.25_cy0.25_layoutB,2,2,True,0.807394787733963,0.8047703073141987,10.983599391846518,10.721151349870096,0.2624480419764219
0.05,false_negative_suppression,0.05,cx0.25_cy0.25_layoutB,2,2,True,0.7858225265120582,0.8047703073141987,4.680150143545922,6.574928223759981,-1.8947780802140588
0.05,false_negative_suppression,0.1,cx0.25_cy0.25_layoutB,2,2,True,0.726971290843452,0.8047703073141987,2.0802277328980825,9.860129379972765,-7.7799016470746825
0.05,false_negative_suppression,0.15,cx0.25_cy0.25_layoutB,2,2,True,0.7482260642684813,0.8047703073141987,4.072480211577613,9.72690451614935,-5.654424304571738
0.1,uniform_prior_baseline,,cx0.25_cy0.25_layoutB,1,1,True,0.6341570180038096,0.8197812677402532,3.39088150744781,21.953306481092156,-18.562424973644347
0.1,diffuse_blur,0.05,cx0.25_cy0.25_layoutB,1,1,True,0.80837131199717,0.8197812677402532,3.001260081435794,4.142255655744112,-1.140995574308318
0.1,diffuse_blur,0.1,cx0.25_cy0.25_layoutB,1,1,True,0.7568771318845858,0.8197812677402532,3.3993608422149713,9.689774427781709,-6.290413585566737
0.1,diffuse_blur,0.15,cx0.25_cy0.25_layoutB,1,1,True,0.6492784147781092,0.8197812677402532,3.449439962098339,20.49972525831274,-17.0502852962144
0.1,spatial_shift,0.05,cx0.25_cy0.25_layoutB,2,2,True,0.7906385929589701,0.8197812677402532,5.301845818886037,8.216113297014351,-2.914267478128313
0.1,spatial_shift,0.1,cx0.25_cy0.25_layoutB,2,2,True,0.7157646449076098,0.8197812677402532,2.6658622825795666,13.067524565843906,-10.401662283264338
0.1,spatial_shift,0.15,cx0.25_cy0.25_layoutB,2,2,True,0.6900143366909532,0.8197812677402532,2.9865182248749136,15.96321132980491,-12.976693104929995
0.1,false_hotspot,0.05,cx0.25_cy0.25_layoutB,2,2,True,0.7828067591789889,0.8197812677402532,3.954058531239867,7.651509387366298,-3.697450856126432
0.1,false_hotspot,0.1,cx0.25_cy0.25_layoutB,2,2,True,0.7088673157525917,0.8197812677402532,3.8245812333444356,14.91597643211059,-11.091395198766154
0.1,false_hotspot,0.15,cx0.25_cy0.25_layoutB,2,2,True,0.6781547849557803,0.8197812677402532,4.141236178637061,18.30388445708434,-14.162648278447278
0.1,false_negative_suppression,0.05,cx0.25_cy0.25_layoutB,2,2,True,0.7186634081421872,0.8197812677402532,1.6697446826408633,11.78153064244746,-10.111785959806596
0.1,false_negative_suppression,0.1,cx0.25_cy0.25_layoutB,2,2,True,0.6869153164624122,0.8197812677402532,1.9819083676722287,15.26850349545632,-13.286595127784091
0.1,false_negative_suppression,0.15,cx0.25_cy0.25_layoutB,2,2,True,0.6703685253822216,0.8197812677402532,2.133581659501698,17.074855895304868,-14.94127423580317
0.05,uniform_prior_baseline,,cx0.25_cy0.25_layoutC,1,1,True,0.666905343357336,0.8751529489161124,4.691566719219358,25.516327275097005,-20.824760555877646
0.05,diffuse_blur,0.05,cx0.25_cy0.25_layoutC,1,1,True,0.7620315319790206,0.8751529489161124,4.549069009304206,15.861210703013384,-11.31214169370918
0.05,diffuse_blur,0.1,cx0.25_cy0.25_layoutC,1,1,True,0.7172895796120557,0.8751529489161124,4.138825667011547,19.925162597417216,-15.78633693040567
0.05,diffuse_blur,0.15,cx0.25_cy0.25_layoutC,1,1,True,0.7005103241085452,0.8751529489161124,4.676985445272108,22.141247926028825,-17.464262480756716
0.05,spatial_shift,0.05,cx0.25_cy0.25_layoutC,2,2,True,0.7967959654564186,0.8751529489161124,5.5489653678937865,13.384663713863162,-7.835698345969375
0.05,spatial_shift,0.1,cx0.25_cy0.25_layoutC,2,2,True,0.7644336910401093,0.8751529489161124,5.19791745174224,16.269843239342553,-11.071925787600312
0.05,spatial_shift,0.15,cx0.25_cy0.25_layoutC,2,2,True,0.7835669225781476,0.8751529489161124,5.5121706406989,14.670773274495376,-9.158602633796477
0.05,false_hotspot,0.05,cx0.25_cy0.25_layoutC,2,2,True,0.7961160674128267,0.8751529489161124,6.36614678245615,14.269834932784708,-7.9036881503285565
0.05,false_hotspot,0.1,cx0.25_cy0.25_layoutC,2,2,True,0.7991037936190273,0.8751529489161124,5.9908390063328545,13.595754536041355,-7.604915529708501
0.05,false_hotspot,0.15,cx0.25_cy0.25_layoutC,2,2,True,0.8114248419812264,0.8751529489161124,7.985132209477346,14.357942902965942,-6.372810693488595
0.05,false_negative_suppression,0.05,cx0.25_cy0.25_layoutC,2,2,True,0.7282636787584459,0.8751529489161124,2.393709829317297,17.082636845083954,-14.688927015766655
0.05,false_negative_suppression,0.1,cx0.25_cy0.25_layoutC,2,2,True,0.766922798569774,0.8751529489161124,4.067648548375036,14.890663583008884,-10.823015034633848
0.05,false_negative_suppression,0.15,cx0.25_cy0.25_layoutC,2,2,True,0.7379130485479003,0.8751529489161124,3.0407570678087446,16.76474710462995,-13.723990036821206
0.1,uniform_prior_baseline,,cx0.25_cy0.25_layoutC,1,1,True,0.632210844219388,0.8166945815190139,10.705868551524697,29.15424228148728,-18.448373729962583
0.1,diffuse_blur,0.05,cx0.25_cy0.25_layoutC,1,1,True,0.7707469616259011,0.8166945815190139,1.7796511411685982,6.374413130479869,-4.594761989311271
0.1,diffuse_blur,0.1,cx0.25_cy0.25_layoutC,1,1,True,0.7437888594994906,0.8166945815190139,6.685529686268116,13.976101888220438,-7.290572201952322
0.1,diffuse_blur,0.15,cx0.25_cy0.25_layoutC,1,1,True,0.6443345154656345,0.8166945815190139,10.63027159439629,27.866278199734218,-17.236006605337927
0.1,spatial_shift,0.05,cx0.25_cy0.25_layoutC,2,2,True,0.8185497632398607,0.8166945815190139,9.06748391644894,8.881965744364248,0.1855181720846919
0.1,spatial_shift,0.1,cx0.25_cy0.25_layoutC,2,2,True,0.7587165546232456,0.8166945815190139,10.504895825480663,16.302698515057486,-5.797802689576823
0.1,spatial_shift,0.15,cx0.25_cy0.25_layoutC,1,2,False,0.6741141537492246,0.8166945815190139,8.799547966781999,23.05759074376093,-14.25804277697893
0.1,false_hotspot,0.05,cx0.25_cy0.25_layoutC,2,2,True,0.8294242573243298,0.8166945815190139,8.174753550553202,6.901785970021618,1.2729675805315837
0.1,false_hotspot,0.1,cx0.25_cy0.25_layoutC,2,2,True,0.7551055535609786,0.8166945815190139,10.447043104637018,16.605945900440535,-6.158902795803517
0.1,false_hotspot,0.15,cx0.25_cy0.25_layoutC,2,2,True,0.7018625062903421,0.8166945815190139,10.66112947218266,22.144336995049848,-11.483207522867186
0.1,false_negative_suppression,0.05,cx0.25_cy0.25_layoutC,2,2,True,0.7846393360423939,0.8166945815190139,8.333102930650924,11.538627478312915,-3.205524547661991
0.1,false_negative_suppression,0.1,cx0.25_cy0.25_layoutC,2,2,True,0.7403885049056157,0.8166945815190139,8.477828840019992,16.108436501359805,-7.630607661339811
0.1,false_negative_suppression,0.15,cx0.25_cy0.25_layoutC,2,2,True,0.7145848489307334,0.8166945815190139,8.445602354593738,18.656575613421793,-10.210973258828055
0.05,uniform_prior_baseline,,cx0.25_cy0.75_layoutA,1,1,True,0.4806752429624427,0.8865725505688045,2.584579484411858,43.17431024504802,-40.58973076063616
0.05,diffuse_blur,0.05,cx0.25_cy0.75_layoutA,1,1,True,0.7374195471263735,0.8865725505688045,1.3496058878083785,16.26490623205147,-14.915300344243091
0.05,diffuse_blur,0.1,cx0.25_cy0.75_layoutA,1,1,True,0.7356951241040044,0.8865725505688045,1.2707385363048564,16.358481182784846,-15.08774264647999
0.05,diffuse_blur,0.15,cx0.25_cy0.75_layoutA,1,1,True,0.6352321298122993,0.8865725505688045,2.098375936720313,27.232418012370825,-25.134042075650513
0.05,spatial_shift,0.05,cx0.25_cy0.75_layoutA,2,2,True,0.8536947341507388,0.8865725505688045,2.301930275911964,5.5897119177185255,-3.287781641806561
0.05,spatial_shift,0.1,cx0.25_cy0.75_layoutA,2,2,True,0.8398618230489685,0.8865725505688045,2.905203458097193,7.576276210080768,-4.671072751983575
0.05,spatial_shift,0.15,cx0.25_cy0.75_layoutA,2,2,True,0.8027223811561093,0.8865725505688045,3.198761484828376,11.583778426097886,-8.38501694126951
0.05,false_hotspot,0.05,cx0.25_cy0.75_layoutA,2,2,True,0.7313043650196187,0.8865725505688045,2.501064303240046,18.027882858158616,-15.52681855491857
0.05,false_hotspot,0.1,cx0.25_cy0.75_layoutA,2,2,True,0.6482680361277029,0.8865725505688045,2.0924315594051612,25.922883003515302,-23.830451444110146
0.05,false_hotspot,0.15,cx0.25_cy0.75_layoutA,2,2,True,0.6117705859349986,0.8865725505688045,2.3184353841716203,29.7986318475522,-27.480196463380583
0.05,false_negative_suppression,0.05,cx0.25_cy0.75_layoutA,2,2,True,0.7425235930217535,0.8865725505688045,1.3145675038784383,15.719463258583529,-14.404895754705091
0.05,false_negative_suppression,0.1,cx0.25_cy0.75_layoutA,2,2,True,0.785087925101115,0.8865725505688045,1.1785862953301787,11.32704884209911,-10.148462546768931
0.05,false_negative_suppression,0.15,cx0.25_cy0.75_layoutA,2,2,True,0.820502383220837,0.8865725505688045,1.656169276798448,8.263186011595185,-6.607016734796737
0.1,uniform_prior_baseline,,cx0.25_cy0.75_layoutA,1,1,True,0.44296372649936916,0.8397191814297007,3.0486180863731933,42.724163579406344,-39.67554549303315
0.1,diffuse_blur,0.05,cx0.25_cy0.75_layoutA,1,1,True,0.7378240918831342,0.8397191814297007,1.2787290565254432,11.468238011182084,-10.189508954656642
0.1,diffuse_blur,0.1,cx0.25_cy0.75_layoutA,1,1,True,0.7453604570078418,0.8397191814297007,1.562758228080285,10.998630670266172,-9.435872442185886
0.1,diffuse_blur,0.15,cx0.25_cy0.75_layoutA,1,1,True,0.6784597715882951,0.8397191814297007,2.014094965273544,18.140035949414113,-16.12594098414057
0.1,spatial_shift,0.05,cx0.25_cy0.75_layoutA,2,2,True,0.8572534937168287,0.8397191814297007,3.9105992293317158,2.1571680006189093,1.7534312287128067
0.1,spatial_shift,0.1,cx0.25_cy0.75_layoutA,2,2,True,0.8337337970144831,0.8397191814297007,4.62620626813274,5.224744709654492,-0.5985384415217518
0.1,spatial_shift,0.15,cx0.25_cy0.75_layoutA,2,2,True,0.7712033342387907,0.8397191814297007,4.6652595232115335,11.516844242302527,-6.851584719090994
0.1,false_hotspot,0.05,cx0.25_cy0.75_layoutA,2,2,True,0.755660934329019,0.8397191814297007,1.121668315036313,9.527493025104476,-8.405824710068163
0.1,false_hotspot,0.1,cx0.25_cy0.75_layoutA,2,2,True,0.6957869552496845,0.8397191814297007,1.53524753696916,15.928470154970787,-14.393222618001627
0.1,false_hotspot,0.15,cx0.25_cy0.75_layoutA,2,2,True,0.5459598250304569,0.8397191814297007,3.4136709945722834,32.78960663449665,-29.37593563992437
0.1,false_negative_suppression,0.05,cx0.25_cy0.75_layoutA,2,2,True,0.7298269398651577,0.8397191814297007,1.1066338527991324,12.095858009253433,-10.9892241564543
0.1,false_negative_suppression,0.1,cx0.25_cy0.75_layoutA,2,2,True,0.7185396303465269,0.8397191814297007,1.2885861503256373,13.40654125864301,-12.117955108317373
0.1,false_negative_suppression,0.15,cx0.25_cy0.75_layoutA,2,2,True,0.7037040376525056,0.8397191814297007,1.569616060232598,15.171130437952108,-13.60151437771951
0.05,uniform_prior_baseline,,cx0.25_cy0.75_layoutB,1,1,True,0.4624237737375839,0.8917490484808746,3.670088000460058,46.60261547478913,-42.93252747432908
0.05,diffuse_blur,0.05,cx0.25_cy0.75_layoutB,1,1,True,0.8743793261009418,0.8917490484808746,5.557540035637884,7.2945122736311765,-1.7369722379932924
0.05,diffuse_blur,0.1,cx0.25_cy0.75_layoutB,1,1,True,0.7334540744508484,0.8917490484808746,5.256553033394986,21.08605043639762,-15.829497403002634
0.05,diffuse_blur,0.15,cx0.25_cy0.75_layoutB,1,1,True,0.6158323556248497,0.8917490484808746,4.547430037005781,32.139099322608274,-27.591669285602492
0.05,spatial_shift,0.05,cx0.25_cy0.75_layoutB,2,2,True,0.9316163690929451,0.8917490484808746,5.60049071067338,1.6137586494663432,3.9867320612070376
0.05,spatial_shift,0.1,cx0.25_cy0.75_layoutB,2,2,True,0.8810583625019575,0.8917490484808746,5.494496802193883,6.56356540008561,-1.069068597891727
0.05,spatial_shift,0.15,cx0.25_cy0.75_layoutB,2,2,True,0.8902014475409199,0.8917490484808746,5.652364853096914,5.807124947092389,-0.15476009399547497
0.05,false_hotspot,0.05,cx0.25_cy0.75_layoutB,2,2,True,0.8814092904902161,0.8917490484808746,5.659295494058918,6.693271293124776,-1.0339757990658573
0.05,false_hotspot,0.1,cx0.25_cy0.75_layoutB,2,2,True,0.8215116932290741,0.8917490484808746,6.646549014872087,13.67028454005214,-7.023735525180054
0.05,false_hotspot,0.15,cx0.25_cy0.75_layoutB,2,2,True,0.7538750387967619,0.8917490484808746,6.315756430500805,20.103157398912096,-13.787400968411289
0.05,false_negative_suppression,0.05,cx0.25_cy0.75_layoutB,2,2,True,0.8414201094957385,0.8917490484808746,4.7099504710647,9.74284436957831,-5.03289389851361
0.05,false_negative_suppression,0.1,cx0.25_cy0.75_layoutB,2,2,True,0.8767577159759459,0.8917490484808746,5.58120855518942,7.0803418056822975,-1.499133250492878
0.05,false_negative_suppression,0.15,cx0.25_cy0.75_layoutB,2,2,True,0.8600796129111612,0.8917490484808746,4.179467510343184,7.346411067314545,-3.16694355697136
0.1,uniform_prior_baseline,,cx0.25_cy0.75_layoutB,1,1,True,0.3685225108876255,0.8034025548804454,12.42814410221437,55.91614850149635,-43.488004399281984
0.1,diffuse_blur,0.05,cx0.25_cy0.75_layoutB,1,1,True,0.8817741830209158,0.8034025548804454,14.058089498469878,6.220926684422837,7.837162814047041
0.1,diffuse_blur,0.1,cx0.25_cy0.75_layoutB,1,1,True,0.669576864528997,0.8034025548804454,14.206165403843446,27.588734438988283,-13.382569035144837
0.1,diffuse_blur,0.15,cx0.25_cy0.75_layoutB,1,1,True,0.5395458575096954,0.8034025548804454,14.250248585968148,40.63591832304315,-26.385669737075002
0.1,spatial_shift,0.05,cx0.25_cy0.75_layoutB,2,2,True,0.8806439924439937,0.8034025548804454,14.204156271840453,6.480012515485631,7.72414375635482
0.1,spatial_shift,0.1,cx0.25_cy0.75_layoutB,1,2,False,0.8488628370282782,0.8034025548804454,14.028686545503557,9.482658330720255,4.546028214783302
0.1,spatial_shift,0.15,cx0.25_cy0.75_layoutB,2,2,True,0.6526177978449401,0.8034025548804454,13.440530574839421,28.519006278389956,-15.078475703550533
0.1,false_hotspot,0.05,cx0.25_cy0.75_layoutB,2,2,True,0.873157335847097,0.8034025548804454,14.094608336448115,7.119130239782953,6.975478096665161
0.1,false_hotspot,0.1,cx0.25_cy0.75_layoutB,2,2,True,0.8096854922083627,0.8034025548804454,14.18046773371017,13.552174000918432,0.6282937327917377
0.1,false_hotspot,0.15,cx0.25_cy0.75_layoutB,2,2,True,0.7212917954287567,0.8034025548804454,13.099989064843214,21.311065010012094,-8.211075945168883
0.1,false_negative_suppression,0.05,cx0.25_cy0.75_layoutB,2,2,True,0.8821464570452608,0.8034025548804454,14.094606800147655,6.220216583666117,7.87439021648154
0.1,false_negative_suppression,0.1,cx0.25_cy0.75_layoutB,2,2,True,0.8632685236015645,0.8034025548804454,14.22486204359898,8.238265171487061,5.986596872111919
0.1,false_negative_suppression,0.15,cx0.25_cy0.75_layoutB,2,2,True,0.8366048732251034,0.8034025548804454,14.093787426959217,10.773555592493421,3.3202318344657957
0.05,uniform_prior_baseline,,cx0.25_cy0.75_layoutC,1,1,True,0.4582508883072793,0.9438541284418073,1.7578136081930404,50.31813762164584,-48.5603240134528
0.05,diffuse_blur,0.05,cx0.25_cy0.75_layoutC,1,1,True,0.8482620990961245,0.9438541284418073,1.5228316507616977,11.082034585329978,-9.559202934568281
0.05,diffuse_blur,0.1,cx0.25_cy0.75_layoutC,1,1,True,0.7105441711090097,0.9438541284418073,1.812799023298839,25.143794756578604,-23.330995733279764
0.05,diffuse_blur,0.15,cx0.25_cy0.75_layoutC,1,1,True,0.5904234901913846,0.9438541284418073,1.7776836705188246,37.12074749556109,-35.343063825042265
0.05,spatial_shift,0.05,cx0.25_cy0.75_layoutC,2,2,True,0.9284478734085286,0.9438541284418073,0.7679996770354642,2.308625180363337,-1.5406255033278724
0.05,spatial_shift,0.1,cx0.25_cy0.75_layoutC,2,2,True,0.9086162040053687,0.9438541284418073,1.030392466611563,4.554184910255418,-3.5237924436438552
0.05,spatial_shift,0.15,cx0.25_cy0.75_layoutC,2,2,True,0.8794253912743835,0.9438541284418073,1.408479079969262,7.851352796711637,-6.442873716742374
0.05,false_hotspot,0.05,cx0.25_cy0.75_layoutC,2,2,True,0.9354038404899918,0.9438541284418073,1.0674585915971873,1.912487386778734,-0.8450287951815469
0.05,false_hotspot,0.1,cx0.25_cy0.75_layoutC,2,2,True,0.8508679135844213,0.9438541284418073,1.8467638520409382,11.145385337779546,-9.298621485738607
0.05,false_hotspot,0.15,cx0.25_cy0.75_layoutC,2,2,True,0.7702807253143862,0.9438541284418073,2.3569504915118156,19.714290804253928,-17.357340312742114
0.05,false_negative_suppression,0.05,cx0.25_cy0.75_layoutC,2,2,True,0.8908118691213961,0.9438541284418073,1.164927501689899,6.469153433731021,-5.304225932041122
0.05,false_negative_suppression,0.1,cx0.25_cy0.75_layoutC,1,2,False,0.9278512076415135,0.9438541284418073,1.6426801431229425,3.2429722231523357,-1.6002920800293932
0.05,false_negative_suppression,0.15,cx0.25_cy0.75_layoutC,2,2,True,0.8302298279631892,0.9438541284418073,1.8503846837446087,13.212814731606422,-11.362430047861814
0.1,uniform_prior_baseline,,cx0.25_cy0.75_layoutC,1,1,True,0.28140858658143564,0.9224177045644054,3.8376808134790115,67.93859261177597,-64.10091179829696
0.1,diffuse_blur,0.05,cx0.25_cy0.75_layoutC,1,1,True,0.8050846137207699,0.9224177045644054,3.75025556005123,15.483564644414788,-11.733309084363558
0.1,diffuse_blur,0.1,cx0.25_cy0.75_layoutC,1,1,True,0.6039003089570222,0.9224177045644054,3.761940427857993,35.613679988596324,-31.85173956073833
0.1,diffuse_blur,0.15,cx0.25_cy0.75_layoutC,1,1,True,0.4452466690573963,0.9224177045644054,3.8225236262332665,51.539627176934175,-47.71710355070091
0.1,spatial_shift,0.05,cx0.25_cy0.75_layoutC,1,2,False,0.7536957897564587,0.9224177045644054,3.750315149216791,20.62250663001147,-16.872191480794676
0.1,spatial_shift,0.15,cx0.25_cy0.75_layoutC,2,2,True,0.6981877271296992,0.9224177045644054,3.742265884462988,26.165263627933598,-22.42299774347061
0.1,false_hotspot,0.05,cx0.25_cy0.75_layoutC,2,2,True,0.7752571187020196,0.9224177045644054,3.8240610340685937,18.540119620307163,-14.716058586238569
0.1,false_hotspot,0.1,cx0.25_cy0.75_layoutC,2,2,True,0.7869022380791474,0.9224177045644054,3.5715061201596336,17.123052768685433,-13.5515466485258
0.1,false_hotspot,0.15,cx0.25_cy0.75_layoutC,2,2,True,0.6839884811462115,0.9224177045644054,4.139097140603303,27.9820194824227,-23.842922341819396
0.1,false_negative_suppression,0.05,cx0.25_cy0.75_layoutC,2,2,True,0.8423677860061023,0.9224177045644054,3.777130126610139,11.782121982440447,-8.004991855830308
0.1,false_negative_suppression,0.1,cx0.25_cy0.75_layoutC,2,2,True,0.7449494078554002,0.9224177045644054,2.2410779780849746,19.987907648985484,-17.74682967090051
0.1,false_negative_suppression,0.15,cx0.25_cy0.75_layoutC,1,2,False,0.8307944141947156,0.9224177045644054,3.8495538608026263,13.011882897771605,-9.162329036968979
0.1,spatial_shift,0.1,cx0.25_cy0.75_layoutC,1,2,False,0.8239256203209936,0.9224177045644054,3.521480325207116,13.370688749548293,-9.849208424341178
0.05,uniform_prior_baseline,,cx0.75_cy0.25_layoutA,1,1,True,0.3545614369691842,0.7759022890083237,7.851764006257373,49.98584921017132,-42.13408520391394
0.05,diffuse_blur,0.05,cx0.75_cy0.25_layoutA,1,1,True,0.7911447560236207,0.7759022890083237,8.438312363329048,6.914065661799364,1.5242467015296848
0.05,diffuse_blur,0.1,cx0.75_cy0.25_layoutA,1,1,True,0.6060547533906588,0.7759022890083237,6.096368067098556,23.081121628865052,-16.984753561766496
0.05,diffuse_blur,0.15,cx0.75_cy0.25_layoutA,1,1,True,0.4499843398957189,0.7759022890083237,6.7099274630496835,39.30172237431017,-32.591794911260486
0.05,spatial_shift,0.05,cx0.75_cy0.25_layoutA,2,2,True,0.7245570438431211,0.7759022890083237,5.067779561816704,10.202304078336965,-5.134524516520262
0.05,spatial_shift,0.1,cx0.75_cy0.25_layoutA,2,2,True,0.6677495652713803,0.7759022890083237,6.50221823906657,17.31749061276091,-10.81527237369434
0.05,spatial_shift,0.15,cx0.75_cy0.25_layoutA,2,2,True,0.6091279317351114,0.7759022890083237,7.053549034657014,23.73098476197825,-16.67743572732123
0.05,false_hotspot,0.05,cx0.75_cy0.25_layoutA,2,2,True,0.7767462822330735,0.7759022890083237,9.643787367697396,9.559388045222422,0.08439932247497417
0.05,false_hotspot,0.1,cx0.75_cy0.25_layoutA,2,2,True,0.8092802773486045,0.7759022890083237,9.750774643074417,6.412975809046343,3.3377988340280735
0.05,false_hotspot,0.15,cx0.75_cy0.25_layoutA,2,2,True,0.6364774616541495,0.7759022890083237,7.405052951787992,21.347535687205408,-13.942482735417414
0.05,false_negative_suppression,0.05,cx0.75_cy0.25_layoutA,2,2,True,0.8480224619566558,0.7759022890083237,11.203437330316117,3.991420035482917,7.212017294833199
0.05,false_negative_suppression,0.1,cx0.75_cy0.25_layoutA,2,2,True,0.7482855540412314,0.7759022890083237,8.116559331077118,10.878232827786343,-2.761673496709225
0.05,false_negative_suppression,0.15,cx0.75_cy0.25_layoutA,2,2,True,0.698414186320766,0.7759022890083237,8.095222737410797,15.844033006166567,-7.74881026875577
0.1,uniform_prior_baseline,,cx0.75_cy0.25_layoutA,1,1,True,0.2284305032069632,0.7774559323410147,7.090872955086172,61.99341586849133,-54.90254291340516
0.1,diffuse_blur,0.05,cx0.75_cy0.25_layoutA,1,1,True,0.6693379646258385,0.7774559323410147,5.766091521543159,16.5778882930608,-10.811796771517638
0.1,diffuse_blur,0.1,cx0.75_cy0.25_layoutA,1,1,True,0.48783754598391665,0.7774559323410147,5.67965116867872,34.641489804388534,-28.961838635709814
0.1,diffuse_blur,0.15,cx0.75_cy0.25_layoutA,1,1,True,0.33272566004355136,0.7774559323410147,6.412420447876939,50.88544767762328,-44.47302722974634
0.1,spatial_shift,0.05,cx0.75_cy0.25_layoutA,2,2,True,0.6519273950768563,0.7774559323410147,6.56999141444051,19.122845140856356,-12.552853726415844
0.1,spatial_shift,0.1,cx0.75_cy0.25_layoutA,2,2,True,0.5522430486446506,0.7774559323410147,6.761106512032322,29.28239488166875,-22.521288369636427
0.1,spatial_shift,0.15,cx0.75_cy0.25_layoutA,2,2,True,0.4482525073105853,0.7774559323410147,6.47048559045775,39.3908280935007,-32.920342503042946
0.1,false_hotspot,0.05,cx0.75_cy0.25_layoutA,2,2,True,0.6228866029912457,0.7774559323410147,5.577239421641066,21.034172356617983,-15.45693293497692
0.1,false_hotspot,0.1,cx0.75_cy0.25_layoutA,2,2,True,0.5536524762807431,0.7774559323410147,5.331168641879906,27.71151424790707,-22.380345606027163
0.1,false_hotspot,0.15,cx0.75_cy0.25_layoutA,2,2,True,0.5023128805716215,0.7774559323410147,5.442798933351517,32.95710411029085,-27.51430517693933
0.1,false_negative_suppression,0.05,cx0.75_cy0.25_layoutA,2,2,True,0.6860259270668199,0.7774559323410147,5.018003028059431,14.161003555478919,-9.143000527419488
0.1,false_negative_suppression,0.1,cx0.75_cy0.25_layoutA,2,2,True,0.6685582667762971,0.7774559323410147,5.092585354309717,15.982351910781478,-10.88976655647176
0.1,false_negative_suppression,0.15,cx0.75_cy0.25_layoutA,2,2,True,0.6605882919510795,0.7774559323410147,5.1985325077201665,16.885296546713693,-11.686764038993527
0.05,uniform_prior_baseline,,cx0.75_cy0.25_layoutB,1,1,True,0.40497551394916403,0.7804488929680997,8.997592822117978,46.54493072401155,-37.54733790189357
0.05,diffuse_blur,0.05,cx0.75_cy0.25_layoutB,1,1,True,0.8452929799448787,0.7804488929680997,9.68716684154095,3.2027581438630564,6.484408697677894
0.05,diffuse_blur,0.1,cx0.75_cy0.25_layoutB,1,1,True,0.7000213047427939,0.7804488929680997,8.737818335414973,16.780577157945565,-8.042758822530592
0.05,diffuse_blur,0.15,cx0.75_cy0.25_layoutB,1,1,True,0.5315777493655105,0.7804488929680997,8.234206009804376,33.12132037006329,-24.887114360258913
0.05,spatial_shift,0.05,cx0.75_cy0.25_layoutB,2,2,True,0.7271587709937928,0.7804488929680997,5.363540576775703,10.692552774206401,-5.329012197430698
0.05,spatial_shift,0.1,cx0.75_cy0.25_layoutB,2,2,True,0.6930498890456434,0.7804488929680997,6.872623208939088,15.612523601184723,-8.739900392245634
0.05,spatial_shift,0.15,cx0.75_cy0.25_layoutB,2,2,True,0.7157645517804991,0.7804488929680997,6.031080181615277,12.499514300375337,-6.46843411876006
0.05,false_hotspot,0.05,cx0.75_cy0.25_layoutB,2,2,True,0.7741373375245857,0.7804488929680997,10.60984413502138,11.240999679372788,-0.631155544351409
0.05,false_hotspot,0.1,cx0.75_cy0.25_layoutB,2,2,True,0.8140997494401285,0.7804488929680997,9.53369003673772,6.168604389534838,3.365085647202883
0.05,false_hotspot,0.15,cx0.75_cy0.25_layoutB,2,2,True,0.6425273395940714,0.7804488929680997,7.213536547384169,21.005691884786998,-13.792155337402832
0.05,false_negative_suppression,0.05,cx0.75_cy0.25_layoutB,2,2,True,0.8377565251924219,0.7804488929680997,11.190060163217467,5.459296940785241,5.730763222432226
0.05,false_negative_suppression,0.1,cx0.75_cy0.25_layoutB,2,2,True,0.8440989427283616,0.7804488929680997,9.862805783904317,3.49780080787813,6.365004976026187
0.05,false_negative_suppression,0.15,cx0.75_cy0.25_layoutB,2,2,True,0.807263095973054,0.7804488929680997,8.959435254158157,6.278014953662733,2.681420300495424
0.1,uniform_prior_baseline,,cx0.75_cy0.25_layoutB,1,1,True,0.2958633603155106,0.7936406855176067,7.251196059769723,57.02892857997932,-49.7777325202096
0.1,diffuse_blur,0.05,cx0.75_cy0.25_layoutB,1,1,True,0.6622345861813801,0.7936406855176067,5.330741236978269,18.47135117060091,-13.140609933622642
0.1,diffuse_blur,0.1,cx0.75_cy0.25_layoutB,1,1,True,0.47667653977554064,0.7936406855176067,5.081520614563642,36.77793518877024,-31.6964145742066
0.1,diffuse_blur,0.15,cx0.75_cy0.25_layoutB,1,1,True,0.3764350005446767,0.7936406855176067,6.257263196594858,47.97783169388784,-41.72056849729299
0.1,spatial_shift,0.05,cx0.75_cy0.25_layoutB,2,2,True,0.7504475070216194,0.7936406855176067,5.702182011878457,10.02149986147717,-4.319317849598713
0.1,spatial_shift,0.1,cx0.75_cy0.25_layoutB,2,2,True,0.6203321174412657,0.7936406855176067,5.9019800348630005,23.232836842497093,-17.330856807634095
0.1,spatial_shift,0.15,cx0.75_cy0.25_layoutB,2,2,True,0.40792244375621217,0.7936406855176067,4.196027410492769,42.767851586632204,-38.571824176139444
0.1,false_hotspot,0.05,cx0.75_cy0.25_layoutB,2,2,True,0.6253780454795106,0.7936406855176067,5.03204631892133,21.85831032273093,-16.826264003809598
0.1,false_hotspot,0.1,cx0.75_cy0.25_layoutB,2,2,True,0.5534169395140104,0.7936406855176067,4.7643930604086435,28.786767660768263,-24.02237460035962
0.1,false_hotspot,0.15,cx0.75_cy0.25_layoutB,2,2,True,0.5206945618803882,0.7936406855176067,5.001732201434242,32.296344565156076,-27.294612363721836
0.1,false_negative_suppression,0.05,cx0.75_cy0.25_layoutB,2,2,True,0.6973759407934416,0.7936406855176067,4.694513993251638,14.32098846566814,-9.626474472416502
0.1,false_negative_suppression,0.1,cx0.75_cy0.25_layoutB,2,2,True,0.6691900019303808,0.7936406855176067,4.733598375949265,17.178666734671847,-12.445068358722583
0.1,false_negative_suppression,0.15,cx0.75_cy0.25_layoutB,2,2,True,0.6636439448452424,0.7936406855176067,4.661657646955072,17.661331714191498,-12.999674067236423
0.05,uniform_prior_baseline,,cx0.75_cy0.25_layoutC,1,1,True,0.40546044849572926,0.7833591294617754,7.687220135845623,45.47708823245025,-37.78986809660463
0.05,diffuse_blur,0.05,cx0.75_cy0.25_layoutC,1,1,True,0.8648638153713936,0.7833591294617754,9.87887161826699,1.728403027305183,8.150468590961808
0.05,diffuse_blur,0.1,cx0.75_cy0.25_layoutC,1,1,True,0.6501333737028342,0.7833591294617754,7.710311670113815,21.032887246007938,-13.322575575894124
0.05,diffuse_blur,0.15,cx0.75_cy0.25_layoutC,1,1,True,0.5275496034980391,0.7833591294617754,7.63428602041621,33.215238616789854,-25.580952596373642
0.05,spatial_shift,0.05,cx0.75_cy0.25_layoutC,2,2,True,0.7618633011151492,0.7833591294617754,8.313369166765355,10.462952001427988,-2.149582834662634
0.05,spatial_shift,0.1,cx0.75_cy0.25_layoutC,2,2,True,0.7021433074848511,0.7833591294617754,5.510497631216756,13.632079828909198,-8.121582197692442
0.05,spatial_shift,0.15,cx0.75_cy0.25_layoutC,2,2,True,0.6418301966614195,0.7833591294617754,4.889409625722669,19.042302905758284,-14.152893280035615
0.05,false_hotspot,0.05,cx0.75_cy0.25_layoutC,2,2,True,0.8340074287996624,0.7833591294617754,9.56198231124997,4.4971523774612905,5.06482993378868
0.05,false_hotspot,0.1,cx0.75_cy0.25_layoutC,2,2,True,0.7779678044265161,0.7833591294617754,8.364535284222669,8.903667787748605,-0.5391325035259373
0.05,false_hotspot,0.15,cx0.75_cy0.25_layoutC,2,2,True,0.6304310755447369,0.7833591294617754,6.4428036834926115,21.73560907519648,-15.292805391703869
0.05,false_negative_suppression,0.05,cx0.75_cy0.25_layoutC,2,2,True,0.822446845227268,0.7833591294617754,10.247983416370404,6.339211839821174,3.9087715765492304
0.05,false_negative_suppression,0.1,cx0.75_cy0.25_layoutC,2,2,True,0.7886421212838516,0.7833591294617754,9.053803274204542,8.525504091996938,0.5282991822076033
0.05,false_negative_suppression,0.15,cx0.75_cy0.25_layoutC,2,2,True,0.7954793103438584,0.7833591294617754,8.477966999892503,7.265948911684217,1.212018088208286
0.1,uniform_prior_baseline,,cx0.75_cy0.25_layoutC,1,1,True,0.2883299468207706,0.7919273475090425,7.6056441409265885,57.96538420975379,-50.35974006882721
0.1,diffuse_blur,0.05,cx0.75_cy0.25_layoutC,1,1,True,0.6683396764120262,0.7919273475090425,6.174767495411612,18.533534605113246,-12.358767109701635
0.1,diffuse_blur,0.1,cx0.75_cy0.25_layoutC,1,1,True,0.4738463640863448,0.7919273475090425,6.124641435900835,37.932739778170614,-31.80809834226978
0.1,diffuse_blur,0.15,cx0.75_cy0.25_layoutC,1,1,True,0.3516220993017064,0.7919273475090425,6.826341919755248,50.85686674048887,-44.03052482073362
0.1,spatial_shift,0.05,cx0.75_cy0.25_layoutC,2,2,True,0.6584330650272414,0.7919273475090425,5.189582878378198,18.539011126558314,-13.349428248180118
0.1,spatial_shift,0.1,cx0.75_cy0.25_layoutC,2,2,True,0.538917353514778,0.7919273475090425,5.300695025585792,30.601694425012248,-25.300999399426455
0.1,spatial_shift,0.15,cx0.75_cy0.25_layoutC,2,2,True,0.4466721631174424,0.7919273475090425,4.940953911807233,39.46647235096725,-34.52551843916002
0.1,false_hotspot,0.05,cx0.75_cy0.25_layoutC,2,2,True,0.6172819826234321,0.7919273475090425,5.954705129804257,23.41924161836529,-17.464536488561034
0.1,false_hotspot,0.1,cx0.75_cy0.25_layoutC,2,2,True,0.5498498369859085,0.7919273475090425,6.123358704798162,30.33110975711157,-24.207751052313412
0.1,false_hotspot,0.15,cx0.75_cy0.25_layoutC,2,2,True,0.5126626375596215,0.7919273475090425,5.955502845899225,33.88197384084134,-27.926470994942115
0.1,false_negative_suppression,0.05,cx0.75_cy0.25_layoutC,2,2,True,0.6789104193219042,0.7919273475090425,5.566140876290534,16.867833695004357,-11.301692818713821
0.1,false_negative_suppression,0.1,cx0.75_cy0.25_layoutC,2,2,True,0.6598944935689095,0.7919273475090425,5.591901580107349,18.795186974120657,-13.20328539401331
0.1,false_negative_suppression,0.15,cx0.75_cy0.25_layoutC,2,2,True,0.6550833076370203,0.7919273475090425,5.564596793162869,19.2490007803651,-13.68440398720223
0.05,uniform_prior_baseline,,cx0.75_cy0.75_layoutA,1,1,True,0.7869670396186361,0.7827316178627678,5.394547159066012,4.971004983479185,0.42354217558682716
0.05,diffuse_blur,0.05,cx0.75_cy0.75_layoutA,1,1,True,0.8282313105559755,0.7827316178627678,4.854412696607382,0.3044434272866143,4.549969269320768
0.05,diffuse_blur,0.1,cx0.75_cy0.75_layoutA,1,1,True,0.8042539144656562,0.7827316178627678,4.555444200766417,2.4032145404775678,2.1522296602888495
0.05,diffuse_blur,0.15,cx0.75_cy0.75_layoutA,1,1,True,0.7810626581535991,0.7827316178627678,4.607450461701071,4.774346432617945,-0.16689597091687336
0.05,spatial_shift,0.05,cx0.75_cy0.75_layoutA,2,2,True,0.7363483064372347,0.7827316178627678,2.915076253274758,7.55340739582807,-4.638331142553312
0.05,spatial_shift,0.1,cx0.75_cy0.75_layoutA,2,2,True,0.7278048127081305,0.7827316178627678,4.036109502762352,9.52879001822609,-5.492680515463739
0.05,spatial_shift,0.15,cx0.75_cy0.75_layoutA,2,2,True,0.7758763563590592,0.7827316178627678,5.556142567336649,6.2416687177075225,-0.6855261503708734
0.05,false_hotspot,0.05,cx0.75_cy0.75_layoutA,2,2,True,0.7632689983713844,0.7827316178627678,5.50419913671441,7.450461085852739,-1.946261949138329
0.05,false_hotspot,0.1,cx0.75_cy0.75_layoutA,2,2,True,0.7525482518103129,0.7827316178627678,8.09467615613519,11.113012761380677,-3.018336605245486
0.05,false_hotspot,0.15,cx0.75_cy0.75_layoutA,2,2,True,0.7810350319421582,0.7827316178627678,9.390003522420853,9.559662114481808,-0.16965859206095546
0.05,false_negative_suppression,0.05,cx0.75_cy0.75_layoutA,2,2,True,0.770187204395016,0.7827316178627678,2.2684673339155816,3.522908680690768,-1.2544413467751865
0.05,false_negative_suppression,0.1,cx0.75_cy0.75_layoutA,2,2,True,0.7858798418121645,0.7827316178627678,3.920035838455126,3.6052134435154457,0.31482239493968045
0.05,false_negative_suppression,0.15,cx0.75_cy0.75_layoutA,2,2,True,0.8357782699278629,0.7827316178627678,7.9971588283244905,2.692493621814977,5.3046652065095135
0.1,uniform_prior_baseline,,cx0.75_cy0.75_layoutA,1,1,True,0.7611534475951551,0.7471515223123313,5.771000135906687,4.370807607624305,1.400192528282382
0.1,diffuse_blur,0.05,cx0.75_cy0.75_layoutA,1,1,True,0.7765538428252632,0.7471515223123313,3.820452418045632,0.8802203667524454,2.9402320512931865
0.1,diffuse_blur,0.1,cx0.75_cy0.75_layoutA,1,1,True,0.7865082196982949,0.7471515223123313,4.10886121686063,0.17319147826426926,3.935669738596361
0.1,diffuse_blur,0.15,cx0.75_cy0.75_layoutA,1,1,True,0.7774213763134068,0.7471515223123313,5.449311848711873,2.4223264486043337,3.0269854001075394
0.1,spatial_shift,0.05,cx0.75_cy0.75_layoutA,2,2,True,0.804320170650126,0.7471515223123313,9.189932154219475,3.473067320440007,5.716864833779468
0.1,spatial_shift,0.1,cx0.75_cy0.75_layoutA,2,2,True,0.7689163046541423,0.7471515223123313,7.079433703631789,4.902955469450687,2.176478234181102
0.1,spatial_shift,0.15,cx0.75_cy0.75_layoutA,2,2,True,0.7556820270727479,0.7471515223123313,7.992386067540647,7.139335591498984,0.8530504760416626
0.1,false_hotspot,0.05,cx0.75_cy0.75_layoutA,2,2,True,0.760314186439321,0.7471515223123313,5.080333449238633,3.764067036539659,1.3162664126989747
0.1,false_hotspot,0.1,cx0.75_cy0.75_layoutA,2,2,True,0.7695023251381554,0.7471515223123313,7.663010669765354,5.427930387182941,2.2350802825824134
0.1,false_hotspot,0.15,cx0.75_cy0.75_layoutA,2,2,True,0.7109313012010268,0.7471515223123313,10.086590185718132,13.70861229684858,-3.6220221111304483
0.1,false_negative_suppression,0.05,cx0.75_cy0.75_layoutA,2,2,True,0.7524487128717627,0.7471515223123313,3.158411943915793,2.628692887972644,0.5297190559431495
0.1,false_negative_suppression,0.1,cx0.75_cy0.75_layoutA,2,2,True,0.7878155431825575,0.7471515223123313,6.6375424136940975,2.5711403266714745,4.066402087022623
0.1,false_negative_suppression,0.15,cx0.75_cy0.75_layoutA,2,2,True,0.7719804495239981,0.7471515223123313,6.418978820237696,3.9360860990710123,2.482892721166684
0.05,uniform_prior_baseline,,cx0.75_cy0.75_layoutB,1,1,True,0.7513489170442422,0.7732562541133707,6.764163049987798,8.954896756900665,-2.1907337069128667
0.05,diffuse_blur,0.05,cx0.75_cy0.75_layoutB,1,1,True,0.8334546522650894,0.7732562541133707,6.034645663420626,0.014805848248763373,6.019839815171863
0.05,diffuse_blur,0.1,cx0.75_cy0.75_layoutB,1,1,True,0.8034140769687895,0.7732562541133707,6.06403021323846,3.0482479276965817,3.015782285541878
0.05,diffuse_blur,0.15,cx0.75_cy0.75_layoutB,1,1,True,0.7516156633577639,0.7732562541133707,6.521222588860207,8.685281664420902,-2.1640590755606954
0.05,spatial_shift,0.05,cx0.75_cy0.75_layoutB,2,2,True,0.7396362099083756,0.7732562541133707,3.523432407148714,6.885436827648238,-3.3620044204995247
0.05,spatial_shift,0.1,cx0.75_cy0.75_layoutB,2,2,True,0.7552622040978729,0.7732562541133707,5.442983253588831,7.242388255138613,-1.7994050015497831
0.05,spatial_shift,0.15,cx0.75_cy0.75_layoutB,2,2,True,0.7362248069491886,0.7732562541133707,6.300270738479917,10.00341545489814,-3.7031447164182247
0.05,false_hotspot,0.05,cx0.75_cy0.75_layoutB,2,2,True,0.7676168340355749,0.7732562541133707,5.469469845089763,6.0334118528693566,-0.5639420077795938
0.05,false_hotspot,0.1,cx0.75_cy0.75_layoutB,2,2,True,0.7645275478646552,0.7732562541133707,8.297377178327523,9.17024780319909,-0.8728706248715663
0.05,false_hotspot,0.15,cx0.75_cy0.75_layoutB,2,2,True,0.7378624500153862,0.7732562541133707,9.26409295281098,12.80347336260945,-3.5393804097984702
0.05,false_negative_suppression,0.05,cx0.75_cy0.75_layoutB,2,2,True,0.7712769285625695,0.7732562541133707,2.738588176890387,2.9365207319705364,-0.1979325550801495
0.05,false_negative_suppression,0.1,cx0.75_cy0.75_layoutB,2,2,True,0.7827266971733222,0.7732562541133707,4.192835995245225,3.2457916892500718,0.947044305995153
0.05,false_negative_suppression,0.15,cx0.75_cy0.75_layoutB,2,2,True,0.7914868698160837,0.7732562541133707,5.0032504428085165,3.1801888725372374,1.8230615702712796
0.1,uniform_prior_baseline,,cx0.75_cy0.75_layoutB,1,1,True,0.7731836101576505,0.7439954190029322,6.017668833978383,3.0988497185065498,2.918819115471833
0.1,diffuse_blur,0.05,cx0.75_cy0.75_layoutB,1,1,True,0.7856206151521845,0.7439954190029322,4.162519614925225,0.0,4.162519614925225
0.1,diffuse_blur,0.1,cx0.75_cy0.75_layoutB,1,1,True,0.79244134524951,0.7439954190029322,4.8922169166387155,0.0476242919809385,4.844592624657777
0.1,diffuse_blur,0.15,cx0.75_cy0.75_layoutB,1,1,True,0.7756401227056589,0.7439954190029322,5.585318301654684,2.4208479313820193,3.164470370272665
0.1,spatial_shift,0.05,cx0.75_cy0.75_layoutB,2,2,True,0.7630802477906622,0.7439954190029322,5.513299187222379,3.60481630844939,1.9084828787729888
0.1,spatial_shift,0.1,cx0.75_cy0.75_layoutB,2,2,True,0.7643867664923966,0.7439954190029322,6.833824599834635,4.794689850888194,2.039134748946442
0.1,spatial_shift,0.15,cx0.75_cy0.75_layoutB,2,2,True,0.7638784271399597,0.7439954190029322,9.373202673874466,7.384901860171716,1.9883008137027507
0.1,false_hotspot,0.05,cx0.75_cy0.75_layoutB,2,2,True,0.7612573155148604,0.7439954190029322,5.1387903054922095,3.4126006542993803,1.7261896511928285
0.1,false_hotspot,0.1,cx0.75_cy0.75_layoutB,2,2,True,0.7967938856361704,0.7439954190029322,9.713171410265915,4.433324746942102,5.279846663323813
0.1,false_hotspot,0.15,cx0.75_cy0.75_layoutB,2,2,True,0.7430892729514706,0.7439954190029322,9.098267765646774,9.18888237079293,-0.09061460514615405
0.1,false_negative_suppression,0.05,cx0.75_cy0.75_layoutB,2,2,True,0.7465456449624135,0.7439954190029322,3.1928375675428473,2.937814971594717,0.25502259594813026
0.1,false_negative_suppression,0.1,cx0.75_cy0.75_layoutB,2,2,True,0.7595391059492915,0.7439954190029322,4.899204991963867,3.3448362973279258,1.5543686946359407
0.1,false_negative_suppression,0.15,cx0.75_cy0.75_layoutB,2,2,True,0.7436501461469613,0.7439954190029322,5.24697676970348,5.281504055300563,-0.03452728559708351
0.05,uniform_prior_baseline,,cx0.75_cy0.75_layoutC,1,1,True,0.7411906613538393,0.7876921339717422,6.8565414926805195,11.506688754470815,-4.650147261790296
0.05,diffuse_blur,0.05,cx0.75_cy0.75_layoutC,1,1,True,0.8465314296263253,0.7876921339717422,6.126358473246019,0.24242890778770002,5.883929565458319
0.05,diffuse_blur,0.1,cx0.75_cy0.75_layoutC,1,1,True,0.8089953959174048,0.7876921339717422,5.743321272945292,3.6129950783790306,2.1303261945662615
0.05,diffuse_blur,0.15,cx0.75_cy0.75_layoutC,1,1,True,0.7651145989978435,0.7876921339717422,6.082468777787454,8.340222275177318,-2.2577534973898636
0.05,spatial_shift,0.05,cx0.75_cy0.75_layoutC,2,2,True,0.7908332595284365,0.7876921339717422,3.9551529606076965,3.641040404938276,0.31411255566942087
0.05,spatial_shift,0.1,cx0.75_cy0.75_layoutC,2,2,True,0.7628004854811663,0.7876921339717422,4.355051451289876,6.8442163003474725,-2.4891648490575964
0.05,spatial_shift,0.15,cx0.75_cy0.75_layoutC,2,2,True,0.737534263176615,0.7876921339717422,4.942133624967947,9.95792070448068,-5.015787079512732
0.05,false_hotspot,0.05,cx0.75_cy0.75_layoutC,2,2,True,0.7897894734115334,0.7876921339717422,4.836232670546364,4.626498726567232,0.20973394397913214
0.05,false_hotspot,0.1,cx0.75_cy0.75_layoutC,2,2,True,0.7802964213407794,0.7876921339717422,7.143680366587805,7.883251629684093,-0.7395712630962881
0.05,false_hotspot,0.15,cx0.75_cy0.75_layoutC,2,2,True,0.7660899895531335,0.7876921339717422,10.769563654281479,12.929778096142346,-2.1602144418608695
0.05,false_negative_suppression,0.05,cx0.75_cy0.75_layoutC,2,2,True,0.7931060356834394,0.7876921339717422,2.7802277116375027,2.2388375404677765,0.541390171169726
0.05,false_negative_suppression,0.1,cx0.75_cy0.75_layoutC,2,2,True,0.7937969372116508,0.7876921339717422,3.723412745925421,3.112932421934561,0.6104803239908605
0.05,false_negative_suppression,0.15,cx0.75_cy0.75_layoutC,2,2,True,0.7942064234261865,0.7876921339717422,4.206779560350583,3.555350614906165,0.6514289454444178
0.1,uniform_prior_baseline,,cx0.75_cy0.75_layoutC,1,1,True,0.7757491390130553,0.7815081287798751,3.6221623958247315,4.1980613725067,-0.5758989766819687
0.1,diffuse_blur,0.05,cx0.75_cy0.75_layoutC,1,1,True,0.7993833631477195,0.7815081287798751,2.052673283113051,0.26514984632860616,1.787523436784445
0.1,diffuse_blur,0.1,cx0.75_cy0.75_layoutC,1,1,True,0.7921101575980145,0.7815081287798751,3.018628771649854,1.9584258898359181,1.0602028818139357
0.1,diffuse_blur,0.15,cx0.75_cy0.75_layoutC,1,1,True,0.7761991183681112,0.7815081287798751,3.6390197475777026,4.169920788754086,-0.5309010411763837
0.1,spatial_shift,0.05,cx0.75_cy0.75_layoutC,2,2,True,0.7669591746278128,0.7815081287798751,2.9041846250179955,4.359080040224214,-1.4548954152062186
0.1,spatial_shift,0.1,cx0.75_cy0.75_layoutC,2,2,True,0.7477671528226462,0.7815081287798751,3.584676890230729,6.95877448595362,-3.3740975957228905
0.1,spatial_shift,0.15,cx0.75_cy0.75_layoutC,2,2,True,0.7328428770781703,0.7815081287798751,4.306211638114681,9.172736808285165,-4.866525170170483
0.1,false_hotspot,0.05,cx0.75_cy0.75_layoutC,2,2,True,0.8077425991170643,0.7815081287798751,4.508749592888503,1.8853025591695936,2.623447033718909
0.1,false_hotspot,0.1,cx0.75_cy0.75_layoutC,2,2,True,0.7898501209031891,0.7815081287798751,5.828621861783857,4.994422649452458,0.8341992123313986
0.1,false_hotspot,0.15,cx0.75_cy0.75_layoutC,2,2,True,0.7445909603328684,0.7815081287798751,6.187282894131233,9.878999738831896,-3.6917168447006623
0.1,false_negative_suppression,0.05,cx0.75_cy0.75_layoutC,2,2,True,0.773410039838683,0.7815081287798751,2.012410557761582,2.822219451880784,-0.8098088941192019
0.1,false_negative_suppression,0.1,cx0.75_cy0.75_layoutC,2,2,True,0.7677448494277415,0.7815081287798751,3.167008968737023,4.543336903950387,-1.376327935213363
0.1,false_negative_suppression,0.15,cx0.75_cy0.75_layoutC,2,2,True,0.7507647199511889,0.7815081287798751,3.3211454322402867,6.39548631510891,-3.074340882868624
