gamma,rule,oracle_mass,oracle_frac_of_ideal,spatial_shift_mass,diffuse_blur_mass,false_hotspot_mass,false_negative_suppression_mass
0.05,ideal,0.808608858509153,1.0,0.742508433056513,0.7184958227016243,0.7421540460546456,0.7710942091880808
0.05,dwell_0.1,0.7891726395217821,0.9759633860267054,0.7227351029845099,0.6932721244992274,0.7181532170477973,0.747861934764135
0.05,dwell_0.25,0.6851895007142922,0.8473682838172075,0.6255765783074512,0.5846598276628356,0.6075469663883499,0.6319823144847881
0.05,dwell_0.5,0.3859006082216889,0.47724014418192373,0.3161125094247388,0.27722661503862744,0.27514365557318,0.280855453501253
0.05,range_1.0,0.808608858509153,1.0,0.742508433056513,0.7184958227016243,0.7421540460546456,0.7710942091880808
0.05,range_0.75,0.6892243560090803,0.8523581565502707,0.6373470097119573,0.6389715075662683,0.6461494733797345,0.6813823130646501
0.05,range_0.5,0.5821103926662984,0.7198911890967234,0.5098458675330626,0.5027866543257414,0.5130023148023797,0.5541013774741573
0.1,ideal,0.7748874737264019,1.0,0.656532260502232,0.6333924895213322,0.6572265930270496,0.7014217287123323
0.1,dwell_0.1,0.7382377601052447,0.9527031796695458,0.6288667220627603,0.612527847791104,0.6286975513874363,0.6756678187358003
0.1,dwell_0.25,0.5874776330391849,0.7581457346497411,0.5114955026752631,0.5159124379118813,0.520119504576259,0.568525823511406
0.1,dwell_0.5,0.27868501048975536,0.3596457807603608,0.22279234913758178,0.21199154785955043,0.22263004336384043,0.24098191553441936
0.1,range_1.0,0.7748874737264019,1.0,0.656532260502232,0.6333924895213322,0.6572265930270496,0.7014217287123323
0.1,range_0.75,0.6510467763005163,0.8401823469537574,0.5500486661642269,0.5531776503460574,0.5718516625554673,0.5994858983682467
0.1,range_0.5,0.5374932501980972,0.6936403909245228,0.4210388722480951,0.4322934279576549,0.4439513972548028,0.45458371558861216
