scene_id,prior_id,family,direction,target_js_nats,gamma,tf,phi_norm2_lambda,beta2
cx0.25_cy0.25_layoutA,diffuse_blur_js_0.05,diffuse_blur,,0.05,0.05,4.366232062279995,1.2522293329238892,0.039928788350016245
cx0.25_cy0.25_layoutA,diffuse_blur_js_0.1,diffuse_blur,,0.1,0.05,4.406151546472068,1.0766047239303589,0.04644230039922646
cx0.25_cy0.25_layoutA,diffuse_blur_js_0.15,diffuse_blur,,0.15,0.05,4.4673896020090185,1.008299469947815,0.049588442214085246
cx0.25_cy0.25_layoutA,false_hotspot_x_js_0.05,false_hotspot,x,0.05,0.05,4.5311220852382394,1.2566585540771484,0.039788055265909894
cx0.25_cy0.25_layoutA,false_hotspot_x_js_0.1,false_hotspot,x,0.1,0.05,4.573895038001547,1.2300515174865723,0.0406487039682432
cx0.25_cy0.25_layoutA,false_hotspot_x_js_0.15,false_hotspot,x,0.15,0.05,4.593026601601009,1.2559995651245117,0.039808930980834635
cx0.25_cy0.25_layoutA,false_hotspot_y_js_0.05,false_hotspot,y,0.05,0.05,4.531114215299664,1.2566585540771484,0.039788055265909894
cx0.25_cy0.25_layoutA,false_hotspot_y_js_0.1,false_hotspot,y,0.1,0.05,4.573894934585951,1.23005211353302,0.04064868427109758
cx0.25_cy0.25_layoutA,false_hotspot_y_js_0.15,false_hotspot,y,0.15,0.05,4.6128032596664355,1.2559973001480103,0.03980900276943897
cx0.25_cy0.25_layoutA,false_negative_suppression_x_js_0.05,false_negative_suppression,x,0.05,0.05,3.8675839497825195,1.2556393146514893,0.03982035240261478
cx0.25_cy0.25_layoutA,false_negative_suppression_x_js_0.1,false_negative_suppression,x,0.1,0.05,4.0322177610695205,1.2068099975585938,0.04143154274587651
cx0.25_cy0.25_layoutA,false_negative_suppression_x_js_0.15,false_negative_suppression,x,0.15,0.05,4.139391865589627,1.181808590888977,0.042308035654394026
cx0.25_cy0.25_layoutA,false_negative_suppression_y_js_0.05,false_negative_suppression,y,0.05,0.05,3.8675839366677986,1.2556391954421997,0.03982035618312429
cx0.25_cy0.25_layoutA,false_negative_suppression_y_js_0.1,false_negative_suppression,y,0.1,0.05,4.029251111093131,1.2068098783493042,0.04143154683850524
cx0.25_cy0.25_layoutA,false_negative_suppression_y_js_0.15,false_negative_suppression,y,0.15,0.05,4.148573775953693,1.1818076372146606,0.04230806979538763
cx0.25_cy0.25_layoutA,oracle,oracle,,0.0,0.05,4.1410109241834405,1.446302056312561,0.03457092505799112
cx0.25_cy0.25_layoutA,spatial_shift_x_js_0.05,spatial_shift,x,0.05,0.05,4.226830067742222,1.3293229341506958,0.03761313275765079
cx0.25_cy0.25_layoutA,spatial_shift_x_js_0.1,spatial_shift,x,0.1,0.05,4.300376087047818,1.2976481914520264,0.03853124470050054
cx0.25_cy0.25_layoutA,spatial_shift_x_js_0.15,spatial_shift,x,0.15,0.05,4.365080816637875,1.2821635007858276,0.038996586604871694
cx0.25_cy0.25_layoutA,spatial_shift_y_js_0.05,spatial_shift,y,0.05,0.05,4.241495440951006,1.329323649406433,0.0376131125195327
cx0.25_cy0.25_layoutA,spatial_shift_y_js_0.1,spatial_shift,y,0.1,0.05,4.339015763811509,1.2976481914520264,0.03853124470050054
cx0.25_cy0.25_layoutA,spatial_shift_y_js_0.15,spatial_shift,y,0.15,0.05,4.445439645735835,1.2821638584136963,0.03899657572773921
cx0.25_cy0.25_layoutA,uniform_prior_baseline,uniform_prior_baseline,,,0.05,4.523423783340837,1.0,0.05
cx0.25_cy0.25_layoutA,diffuse_blur_js_0.05,diffuse_blur,,0.05,0.1,3.600699374301492,1.2522293329238892,0.07985757670003249
cx0.25_cy0.25_layoutA,diffuse_blur_js_0.1,diffuse_blur,,0.1,0.1,3.6928184420124004,1.0766047239303589,0.09288460079845293
cx0.25_cy0.25_layoutA,diffuse_blur_js_0.15,diffuse_blur,,0.15,0.1,3.7977361443542,1.008299469947815,0.09917688442817049
cx0.25_cy0.25_layoutA,false_hotspot_x_js_0.05,false_hotspot,x,0.05,0.1,3.5532199187410596,1.2566585540771484,0.07957611053181979
cx0.25_cy0.25_layoutA,false_hotspot_x_js_0.1,false_hotspot,x,0.1,0.1,3.5170117551357056,1.2300515174865723,0.0812974079364864
cx0.25_cy0.25_layoutA,false_hotspot_x_js_0.15,false_hotspot,x,0.15,0.1,3.5211300380509845,1.2559995651245117,0.07961786196166927
cx0.25_cy0.25_layoutA,false_hotspot_y_js_0.05,false_hotspot,y,0.05,0.1,3.5532199186205107,1.2566585540771484,0.07957611053181979
cx0.25_cy0.25_layoutA,false_hotspot_y_js_0.1,false_hotspot,y,0.1,0.1,3.5170117551005333,1.23005211353302,0.08129736854219516
cx0.25_cy0.25_layoutA,false_hotspot_y_js_0.15,false_hotspot,y,0.15,0.1,3.5211269551157756,1.2559973001480103,0.07961800553887793
cx0.25_cy0.25_layoutA,false_negative_suppression_x_js_0.05,false_negative_suppression,x,0.05,0.1,3.0236289620065397,1.2556393146514893,0.07964070480522956
cx0.25_cy0.25_layoutA,false_negative_suppression_x_js_0.1,false_negative_suppression,x,0.1,0.1,2.8723596560860014,1.2068099975585938,0.08286308549175302
cx0.25_cy0.25_layoutA,false_negative_suppression_x_js_0.15,false_negative_suppression,x,0.15,0.1,2.7462920294394815,1.181808590888977,0.08461607130878805
cx0.25_cy0.25_layoutA,false_negative_suppression_y_js_0.05,false_negative_suppression,y,0.05,0.1,3.0151534065939196,1.2556391954421997,0.07964071236624858
cx0.25_cy0.25_layoutA,false_negative_suppression_y_js_0.1,false_negative_suppression,y,0.1,0.1,2.8723596560649876,1.2068098783493042,0.08286309367701047
cx0.25_cy0.25_layoutA,false_negative_suppression_y_js_0.15,false_negative_suppression,y,0.15,0.1,2.7462920292843043,1.1818076372146606,0.08461613959077526
cx0.25_cy0.25_layoutA,oracle,oracle,,0.0,0.1,3.3287601056735165,1.446302056312561,0.06914185011598224
cx0.25_cy0.25_layoutA,spatial_shift_x_js_0.05,spatial_shift,x,0.05,0.1,3.378502270118265,1.3293229341506958,0.07522626551530158
cx0.25_cy0.25_layoutA,spatial_shift_x_js_0.1,spatial_shift,x,0.1,0.1,3.388377880685943,1.2976481914520264,0.07706248940100108
cx0.25_cy0.25_layoutA,spatial_shift_x_js_0.15,spatial_shift,x,0.15,0.1,3.459776547197017,1.2821635007858276,0.07799317320974339
cx0.25_cy0.25_layoutA,spatial_shift_y_js_0.05,spatial_shift,y,0.05,0.1,3.3524022082702825,1.329323649406433,0.0752262250390654
cx0.25_cy0.25_layoutA,spatial_shift_y_js_0.1,spatial_shift,y,0.1,0.1,3.3892793460767887,1.2976481914520264,0.07706248940100108
cx0.25_cy0.25_layoutA,spatial_shift_y_js_0.15,spatial_shift,y,0.15,0.1,3.4542165499023647,1.2821638584136963,0.07799315145547842
cx0.25_cy0.25_layoutA,uniform_prior_baseline,uniform_prior_baseline,,,0.1,3.8562554930800657,1.0,0.1
cx0.25_cy0.25_layoutB,diffuse_blur_js_0.05,diffuse_blur,,0.05,0.05,6.036892433467686,1.2657347917556763,0.03950274601415196
cx0.25_cy0.25_layoutB,diffuse_blur_js_0.1,diffuse_blur,,0.1,0.05,4.440179769115272,1.081632375717163,0.04622642694737028
cx0.25_cy0.25_layoutB,diffuse_blur_js_0.15,diffuse_blur,,0.15,0.05,4.741914112386511,1.0104197263717651,0.04948438623574876
cx0.25_cy0.25_layoutB,false_hotspot_x_js_0.05,false_hotspot,x,0.05,0.05,4.546012629496828,1.2676218748092651,0.039443939074910124
cx0.25_cy0.25_layoutB,false_hotspot_x_js_0.1,false_hotspot,x,0.1,0.05,4.585391378793227,1.2380834817886353,0.04038499885950014
cx0.25_cy0.25_layoutB,false_hotspot_x_js_0.15,false_hotspot,x,0.15,0.05,4.648482289818485,1.2625303268432617,0.03960300908178288
cx0.25_cy0.25_layoutB,false_hotspot_y_js_0.05,false_hotspot,y,0.05,0.05,6.5000404895732595,1.267622709274292,0.039443913109307394
cx0.25_cy0.25_layoutB,false_hotspot_y_js_0.1,false_hotspot,y,0.1,0.05,6.375552450156284,1.2380852699279785,0.04038494053233392
cx0.25_cy0.25_layoutB,false_hotspot_y_js_0.15,false_hotspot,y,0.15,0.05,6.694852506183876,1.262532353401184,0.039602945512883764
cx0.25_cy0.25_layoutB,false_negative_suppression_x_js_0.05,false_negative_suppression,x,0.05,0.05,3.9581956956620252,1.2720048427581787,0.039308026447117485
cx0.25_cy0.25_layoutB,false_negative_suppression_x_js_0.1,false_negative_suppression,x,0.1,0.05,4.050995179617104,1.222654104232788,0.04089464046037359
cx0.25_cy0.25_layoutB,false_negative_suppression_x_js_0.15,false_negative_suppression,x,0.15,0.05,4.20135521077354,1.1974518299102783,0.04175533307569154
cx0.25_cy0.25_layoutB,false_negative_suppression_y_js_0.05,false_negative_suppression,y,0.05,0.05,3.887097238672019,1.2720049619674683,0.03930802276326243
cx0.25_cy0.25_layoutB,false_negative_suppression_y_js_0.1,false_negative_suppression,y,0.1,0.05,4.025971472910843,1.2226543426513672,0.040894632485885846
cx0.25_cy0.25_layoutB,false_negative_suppression_y_js_0.15,false_negative_suppression,y,0.15,0.05,4.410791734301063,1.1974512338638306,0.04175535385993498
cx0.25_cy0.25_layoutB,oracle,oracle,,0.0,0.05,4.375367568309029,1.4646629095077515,0.03413754774250695
cx0.25_cy0.25_layoutB,spatial_shift_x_js_0.05,spatial_shift,x,0.05,0.05,4.362026424392978,1.3500083684921265,0.03703680745019886
cx0.25_cy0.25_layoutB,spatial_shift_x_js_0.1,spatial_shift,x,0.1,0.05,4.398929482305972,1.3184700012207031,0.037922743751247726
cx0.25_cy0.25_layoutB,spatial_shift_x_js_0.15,spatial_shift,x,0.15,0.05,4.467801323705839,1.302773118019104,0.03837966819274421
cx0.25_cy0.25_layoutB,spatial_shift_y_js_0.05,spatial_shift,y,0.05,0.05,6.422635630743697,1.3500093221664429,0.03703678128663729
cx0.25_cy0.25_layoutB,spatial_shift_y_js_0.1,spatial_shift,y,0.1,0.05,6.4365842692152535,1.3184703588485718,0.03792273346491104
cx0.25_cy0.25_layoutB,spatial_shift_y_js_0.15,spatial_shift,y,0.15,0.05,6.377435382862169,1.3027743101119995,0.03837963307374514
cx0.25_cy0.25_layoutB,uniform_prior_baseline,uniform_prior_baseline,,,0.05,4.624327569415376,1.0010219812393188,0.04994895310700103
cx0.25_cy0.25_layoutB,diffuse_blur_js_0.05,diffuse_blur,,0.05,0.1,3.689606562608244,1.2657347917556763,0.07900549202830393
cx0.25_cy0.25_layoutB,diffuse_blur_js_0.1,diffuse_blur,,0.1,0.1,3.739090018150833,1.081632375717163,0.09245285389474056
cx0.25_cy0.25_layoutB,diffuse_blur_js_0.15,diffuse_blur,,0.15,0.1,4.160167562041264,1.0104197263717651,0.09896877247149752
cx0.25_cy0.25_layoutB,false_hotspot_x_js_0.05,false_hotspot,x,0.05,0.1,3.572414407490187,1.2676218748092651,0.07888787814982025
cx0.25_cy0.25_layoutB,false_hotspot_x_js_0.1,false_hotspot,x,0.1,0.1,3.5296655223320097,1.2380834817886353,0.08076999771900029
cx0.25_cy0.25_layoutB,false_hotspot_x_js_0.15,false_hotspot,x,0.15,0.1,3.535049150796846,1.2625303268432617,0.07920601816356576
cx0.25_cy0.25_layoutB,false_hotspot_y_js_0.05,false_hotspot,y,0.05,0.1,5.460129098146729,1.267622709274292,0.07888782621861479
cx0.25_cy0.25_layoutB,false_hotspot_y_js_0.1,false_hotspot,y,0.1,0.1,5.198056323626394,1.2380852699279785,0.08076988106466784
cx0.25_cy0.25_layoutB,false_hotspot_y_js_0.15,false_hotspot,y,0.15,0.1,5.29186743194753,1.262532353401184,0.07920589102576753
cx0.25_cy0.25_layoutB,false_negative_suppression_x_js_0.05,false_negative_suppression,x,0.05,0.1,3.169021764788256,1.2720048427581787,0.07861605289423497
cx0.25_cy0.25_layoutB,false_negative_suppression_x_js_0.1,false_negative_suppression,x,0.1,0.1,3.096355375212036,1.222654104232788,0.08178928092074718
cx0.25_cy0.25_layoutB,false_negative_suppression_x_js_0.15,false_negative_suppression,x,0.15,0.1,3.077791672717058,1.1974518299102783,0.08351066615138308
cx0.25_cy0.25_layoutB,false_negative_suppression_y_js_0.05,false_negative_suppression,y,0.05,0.1,3.1297597652684583,1.2720049619674683,0.07861604552652486
cx0.25_cy0.25_layoutB,false_negative_suppression_y_js_0.1,false_negative_suppression,y,0.1,0.1,2.9557265508721398,1.2226543426513672,0.08178926497177169
cx0.25_cy0.25_layoutB,false_negative_suppression_y_js_0.15,false_negative_suppression,y,0.15,0.1,2.812358544336216,1.1974512338638306,0.08351070771986996
cx0.25_cy0.25_layoutB,oracle,oracle,,0.0,0.1,3.5296588200233967,1.4646629095077515,0.0682750954850139
cx0.25_cy0.25_layoutB,spatial_shift_x_js_0.05,spatial_shift,x,0.05,0.1,3.478447094541845,1.3500083684921265,0.07407361490039772
cx0.25_cy0.25_layoutB,spatial_shift_x_js_0.1,spatial_shift,x,0.1,0.1,3.4549307316091067,1.3184700012207031,0.07584548750249545
cx0.25_cy0.25_layoutB,spatial_shift_x_js_0.15,spatial_shift,x,0.15,0.1,3.4773220848763033,1.302773118019104,0.07675933638548842
cx0.25_cy0.25_layoutB,spatial_shift_y_js_0.05,spatial_shift,y,0.05,0.1,5.977149278995813,1.3500093221664429,0.07407356257327458
cx0.25_cy0.25_layoutB,spatial_shift_y_js_0.1,spatial_shift,y,0.1,0.1,5.235999555980814,1.3184703588485718,0.07584546692982208
cx0.25_cy0.25_layoutB,spatial_shift_y_js_0.15,spatial_shift,y,0.15,0.1,5.261603830722627,1.3027743101119995,0.07675926614749028
cx0.25_cy0.25_layoutB,uniform_prior_baseline,uniform_prior_baseline,,,0.1,3.994932261844465,1.0010219812393188,0.09989790621400206
cx0.25_cy0.25_layoutC,diffuse_blur_js_0.05,diffuse_blur,,0.05,0.05,7.113970100109777,1.2603051662445068,0.03967293107985221
cx0.25_cy0.25_layoutC,diffuse_blur_js_0.1,diffuse_blur,,0.1,0.05,4.425534861241192,1.0780818462371826,0.046378667978237885
cx0.25_cy0.25_layoutC,diffuse_blur_js_0.15,diffuse_blur,,0.15,0.05,4.873919419633279,1.0090969800949097,0.04954925144587916
cx0.25_cy0.25_layoutC,false_hotspot_x_js_0.05,false_hotspot,x,0.05,0.05,6.214250743189186,1.266833782196045,0.03946847700360931
cx0.25_cy0.25_layoutC,false_hotspot_x_js_0.1,false_hotspot,x,0.1,0.05,4.581603224355759,1.2386915683746338,0.04036517344314226
cx0.25_cy0.25_layoutC,false_hotspot_x_js_0.15,false_hotspot,x,0.15,0.05,4.694802870224221,1.265085220336914,0.03952302911789938
cx0.25_cy0.25_layoutC,false_hotspot_y_js_0.05,false_hotspot,y,0.05,0.05,6.977846124783433,1.2668333053588867,0.03946849185957839
cx0.25_cy0.25_layoutC,false_hotspot_y_js_0.1,false_hotspot,y,0.1,0.05,6.920737322454177,1.2386916875839233,0.040365169558476126
cx0.25_cy0.25_layoutC,false_hotspot_y_js_0.15,false_hotspot,y,0.15,0.05,7.129334274679434,1.265082597732544,0.03952311105189252
cx0.25_cy0.25_layoutC,false_negative_suppression_x_js_0.05,false_negative_suppression,x,0.05,0.05,4.0695024333392205,1.2710387706756592,0.03933790310221693
cx0.25_cy0.25_layoutC,false_negative_suppression_x_js_0.1,false_negative_suppression,x,0.1,0.05,4.1250858123209735,1.222413182258606,0.04090270026998312
cx0.25_cy0.25_layoutC,false_negative_suppression_x_js_0.15,false_negative_suppression,x,0.15,0.05,4.191754186049397,1.1975468397140503,0.041752020331780076
cx0.25_cy0.25_layoutC,false_negative_suppression_y_js_0.05,false_negative_suppression,y,0.05,0.05,3.963201999647903,1.2710388898849487,0.03933789941275981
cx0.25_cy0.25_layoutC,false_negative_suppression_y_js_0.1,false_negative_suppression,y,0.1,0.05,4.027412417665172,1.2224136590957642,0.04090268431472344
cx0.25_cy0.25_layoutC,false_negative_suppression_y_js_0.15,false_negative_suppression,y,0.15,0.05,4.36878132584775,1.1975469589233398,0.041752016175593425
cx0.25_cy0.25_layoutC,oracle,oracle,,0.0,0.05,8.558490071919177,1.4602031707763672,0.034241810318365346
cx0.25_cy0.25_layoutC,spatial_shift_x_js_0.05,spatial_shift,x,0.05,0.05,5.799233124590254,1.3448808193206787,0.03717801553988689
cx0.25_cy0.25_layoutC,spatial_shift_x_js_0.1,spatial_shift,x,0.1,0.05,5.638266490402114,1.3127877712249756,0.0380868873826761
cx0.25_cy0.25_layoutC,spatial_shift_x_js_0.15,spatial_shift,x,0.15,0.05,5.633502767559306,1.2953330278396606,0.03860011203712557
cx0.25_cy0.25_layoutC,spatial_shift_y_js_0.05,spatial_shift,y,0.05,0.05,7.483182031414275,1.344880223274231,0.03717803201705988
cx0.25_cy0.25_layoutC,spatial_shift_y_js_0.1,spatial_shift,y,0.1,0.05,7.084593945556077,1.3127868175506592,0.0380869150509051
cx0.25_cy0.25_layoutC,spatial_shift_y_js_0.15,spatial_shift,y,0.15,0.05,8.38002866280783,1.2953318357467651,0.03860014756077909
cx0.25_cy0.25_layoutC,uniform_prior_baseline,uniform_prior_baseline,,,0.05,4.68142321799549,1.0006067752838135,0.049969679633458344
cx0.25_cy0.25_layoutC,diffuse_blur_js_0.05,diffuse_blur,,0.05,0.1,3.792792677136348,1.2603051662445068,0.07934586215970442
cx0.25_cy0.25_layoutC,diffuse_blur_js_0.1,diffuse_blur,,0.1,0.1,3.723763751263899,1.0780818462371826,0.09275733595647577
cx0.25_cy0.25_layoutC,diffuse_blur_js_0.15,diffuse_blur,,0.15,0.1,4.112246967483016,1.0090969800949097,0.09909850289175832
cx0.25_cy0.25_layoutC,false_hotspot_x_js_0.05,false_hotspot,x,0.05,0.1,3.584566579074853,1.266833782196045,0.07893695400721862
cx0.25_cy0.25_layoutC,false_hotspot_x_js_0.1,false_hotspot,x,0.1,0.1,3.5350478115649246,1.2386915683746338,0.08073034688628453
cx0.25_cy0.25_layoutC,false_hotspot_x_js_0.15,false_hotspot,x,0.15,0.1,3.539609472855486,1.265085220336914,0.07904605823579876
cx0.25_cy0.25_layoutC,false_hotspot_y_js_0.05,false_hotspot,y,0.05,0.1,5.869146024157523,1.2668333053588867,0.07893698371915678
cx0.25_cy0.25_layoutC,false_hotspot_y_js_0.1,false_hotspot,y,0.1,0.1,5.626571987219964,1.2386916875839233,0.08073033911695225
cx0.25_cy0.25_layoutC,false_hotspot_y_js_0.15,false_hotspot,y,0.15,0.1,5.755742477467473,1.265082597732544,0.07904622210378504
cx0.25_cy0.25_layoutC,false_negative_suppression_x_js_0.05,false_negative_suppression,x,0.05,0.1,3.4101232073572314,1.2710387706756592,0.07867580620443386
cx0.25_cy0.25_layoutC,false_negative_suppression_x_js_0.1,false_negative_suppression,x,0.1,0.1,3.342659009015253,1.222413182258606,0.08180540053996624
cx0.25_cy0.25_layoutC,false_negative_suppression_x_js_0.15,false_negative_suppression,x,0.15,0.1,3.3337713246082417,1.1975468397140503,0.08350404066356015
cx0.25_cy0.25_layoutC,false_negative_suppression_y_js_0.05,false_negative_suppression,y,0.05,0.1,3.2757841458672448,1.2710388898849487,0.07867579882551962
cx0.25_cy0.25_layoutC,false_negative_suppression_y_js_0.1,false_negative_suppression,y,0.1,0.1,3.0882617351805903,1.2224136590957642,0.08180536862944689
cx0.25_cy0.25_layoutC,false_negative_suppression_y_js_0.15,false_negative_suppression,y,0.15,0.1,2.9378881870153775,1.1975469589233398,0.08350403235118685
cx0.25_cy0.25_layoutC,oracle,oracle,,0.0,0.1,3.8534305188635116,1.4602031707763672,0.06848362063673069
cx0.25_cy0.25_layoutC,spatial_shift_x_js_0.05,spatial_shift,x,0.05,0.1,3.6788719476145473,1.3448808193206787,0.07435603107977377
cx0.25_cy0.25_layoutC,spatial_shift_x_js_0.1,spatial_shift,x,0.1,0.1,3.6265443649663154,1.3127877712249756,0.0761737747653522
cx0.25_cy0.25_layoutC,spatial_shift_x_js_0.15,spatial_shift,x,0.15,0.1,3.6105822756594605,1.2953330278396606,0.07720022407425114
cx0.25_cy0.25_layoutC,spatial_shift_y_js_0.05,spatial_shift,y,0.05,0.1,6.266969223533957,1.344880223274231,0.07435606403411976
cx0.25_cy0.25_layoutC,spatial_shift_y_js_0.1,spatial_shift,y,0.1,0.1,5.936706604728429,1.3127868175506592,0.0761738301018102
cx0.25_cy0.25_layoutC,uniform_prior_baseline,uniform_prior_baseline,,,0.1,3.9666641514126657,1.0006067752838135,0.09993935926691669
cx0.25_cy0.75_layoutA,diffuse_blur_js_0.05,diffuse_blur,,0.05,0.05,4.4979685117970325,1.2522305250167847,0.03992875033878432
cx0.25_cy0.75_layoutA,diffuse_blur_js_0.1,diffuse_blur,,0.1,0.05,4.233409487642066,1.0766047239303589,0.04644230039922646
cx0.25_cy0.75_layoutA,diffuse_blur_js_0.15,diffuse_blur,,0.15,0.05,4.464338255548017,1.008299469947815,0.049588442214085246
cx0.25_cy0.75_layoutA,false_hotspot_x_js_0.05,false_hotspot,x,0.05,0.05,4.781707258541877,1.2566583156585693,0.03978806281466956
cx0.25_cy0.75_layoutA,false_hotspot_x_js_0.1,false_hotspot,x,0.1,0.05,5.111378491086923,1.2300527095794678,0.040648664573971045
cx0.25_cy0.75_layoutA,false_hotspot_x_js_0.15,false_hotspot,x,0.15,0.05,5.148186160436244,1.255996823310852,0.03980901788286234
cx0.25_cy0.75_layoutA,false_hotspot_y_js_0.05,false_hotspot,y,0.05,0.05,4.397661169006906,1.2566574811935425,0.03978808923535093
cx0.25_cy0.75_layoutA,false_hotspot_y_js_0.1,false_hotspot,y,0.1,0.05,4.552233858252615,1.2300525903701782,0.040648668513394826
cx0.25_cy0.75_layoutA,false_hotspot_y_js_0.15,false_hotspot,y,0.15,0.05,4.692514603832398,1.2559983730316162,0.03980896876427832
cx0.25_cy0.75_layoutA,false_negative_suppression_x_js_0.05,false_negative_suppression,x,0.05,0.05,4.641661599087948,1.2556381225585938,0.03982039020774218
cx0.25_cy0.75_layoutA,false_negative_suppression_x_js_0.1,false_negative_suppression,x,0.1,0.05,4.8501262752772645,1.2068126201629639,0.041431452708249085
cx0.25_cy0.75_layoutA,false_negative_suppression_x_js_0.15,false_negative_suppression,x,0.15,0.05,5.035349645575364,1.181808590888977,0.042308035654394026
cx0.25_cy0.75_layoutA,false_negative_suppression_y_js_0.05,false_negative_suppression,y,0.05,0.05,4.667029393289366,1.2556381225585938,0.03982039020774218
cx0.25_cy0.75_layoutA,false_negative_suppression_y_js_0.1,false_negative_suppression,y,0.1,0.05,4.786420796158466,1.2068132162094116,0.04143143224520652
cx0.25_cy0.75_layoutA,false_negative_suppression_y_js_0.15,false_negative_suppression,y,0.15,0.05,4.731095311796226,1.1818087100982666,0.0423080313867737
cx0.25_cy0.75_layoutA,oracle,oracle,,0.0,0.05,5.35215656784166,1.4462990760803223,0.034570996294561125
cx0.25_cy0.75_layoutA,spatial_shift_x_js_0.05,spatial_shift,x,0.05,0.05,5.0449049567025295,1.32932710647583,0.037613014702268924
cx0.25_cy0.75_layoutA,spatial_shift_x_js_0.1,spatial_shift,x,0.1,0.05,4.9040142053813565,1.2976471185684204,0.038531276557806096
cx0.25_cy0.75_layoutA,spatial_shift_x_js_0.15,spatial_shift,x,0.15,0.05,4.805203140977673,1.2821623086929321,0.038996622862023794
cx0.25_cy0.75_layoutA,spatial_shift_y_js_0.05,spatial_shift,y,0.05,0.05,4.954490454213877,1.3293259143829346,0.037613048432302405
cx0.25_cy0.75_layoutA,spatial_shift_y_js_0.1,spatial_shift,y,0.1,0.05,4.759207060724514,1.2976478338241577,0.03853125531959654
cx0.25_cy0.75_layoutA,spatial_shift_y_js_0.15,spatial_shift,y,0.15,0.05,4.600181096978062,1.2821629047393799,0.03899660473343931
cx0.25_cy0.75_layoutA,uniform_prior_baseline,uniform_prior_baseline,,,0.05,4.523423783340837,1.0,0.05
cx0.25_cy0.75_layoutA,diffuse_blur_js_0.05,diffuse_blur,,0.05,0.1,3.5607125936115525,1.2522305250167847,0.07985750067756864
cx0.25_cy0.75_layoutA,diffuse_blur_js_0.1,diffuse_blur,,0.1,0.1,3.1844605693119536,1.0766047239303589,0.09288460079845293
cx0.25_cy0.75_layoutA,diffuse_blur_js_0.15,diffuse_blur,,0.15,0.1,3.735497980010398,1.008299469947815,0.09917688442817049
cx0.25_cy0.75_layoutA,false_hotspot_x_js_0.05,false_hotspot,x,0.05,0.1,3.6124553485990782,1.2566583156585693,0.07957612562933912
cx0.25_cy0.75_layoutA,false_hotspot_x_js_0.1,false_hotspot,x,0.1,0.1,3.7554822351275017,1.2300527095794678,0.08129732914794209
cx0.25_cy0.75_layoutA,false_hotspot_x_js_0.15,false_hotspot,x,0.15,0.1,4.492006577747068,1.255996823310852,0.07961803576572468
cx0.25_cy0.75_layoutA,false_hotspot_y_js_0.05,false_hotspot,y,0.05,0.1,3.4047791091375075,1.2566574811935425,0.07957617847070186
cx0.25_cy0.75_layoutA,false_hotspot_y_js_0.1,false_hotspot,y,0.1,0.1,3.478689697687302,1.2300525903701782,0.08129733702678965
cx0.25_cy0.75_layoutA,false_hotspot_y_js_0.15,false_hotspot,y,0.15,0.1,3.6222093659312913,1.2559983730316162,0.07961793752855664
cx0.25_cy0.75_layoutA,false_negative_suppression_x_js_0.05,false_negative_suppression,x,0.05,0.1,3.56666614437595,1.2556381225585938,0.07964078041548436
cx0.25_cy0.75_layoutA,false_negative_suppression_x_js_0.1,false_negative_suppression,x,0.1,0.1,3.4601493826324816,1.2068126201629639,0.08286290541649817
cx0.25_cy0.75_layoutA,false_negative_suppression_x_js_0.15,false_negative_suppression,x,0.15,0.1,3.4631133261586475,1.181808590888977,0.08461607130878805
cx0.25_cy0.75_layoutA,false_negative_suppression_y_js_0.05,false_negative_suppression,y,0.05,0.1,3.5799305306637805,1.2556381225585938,0.07964078041548436
cx0.25_cy0.75_layoutA,false_negative_suppression_y_js_0.1,false_negative_suppression,y,0.1,0.1,3.4828509720171987,1.2068132162094116,0.08286286449041304
cx0.25_cy0.75_layoutA,false_negative_suppression_y_js_0.15,false_negative_suppression,y,0.15,0.1,3.491462774317541,1.1818087100982666,0.0846160627735474
cx0.25_cy0.75_layoutA,oracle,oracle,,0.0,0.1,4.219610121483,1.4462990760803223,0.06914199258912225
cx0.25_cy0.75_layoutA,spatial_shift_x_js_0.05,spatial_shift,x,0.05,0.1,3.9253984269957645,1.32932710647583,0.07522602940453785
cx0.25_cy0.75_layoutA,spatial_shift_x_js_0.1,spatial_shift,x,0.1,0.1,3.7921312157507945,1.2976471185684204,0.07706255311561219
cx0.25_cy0.75_layoutA,spatial_shift_x_js_0.15,spatial_shift,x,0.15,0.1,3.679784758587461,1.2821623086929321,0.07799324572404759
cx0.25_cy0.75_layoutA,spatial_shift_y_js_0.05,spatial_shift,y,0.05,0.1,3.8881251989900845,1.3293259143829346,0.07522609686460481
cx0.25_cy0.75_layoutA,spatial_shift_y_js_0.1,spatial_shift,y,0.1,0.1,3.7317681316682365,1.2976478338241577,0.07706251063919307
cx0.25_cy0.75_layoutA,spatial_shift_y_js_0.15,spatial_shift,y,0.15,0.1,3.596668162436262,1.2821629047393799,0.07799320946687863
cx0.25_cy0.75_layoutA,uniform_prior_baseline,uniform_prior_baseline,,,0.1,3.8562554930800657,1.0,0.1
cx0.25_cy0.75_layoutB,diffuse_blur_js_0.05,diffuse_blur,,0.05,0.05,6.208637279766616,1.2657337188720703,0.03950277949816835
cx0.25_cy0.75_layoutB,diffuse_blur_js_0.1,diffuse_blur,,0.1,0.05,4.5701649512384535,1.0816326141357422,0.04622641675792251
cx0.25_cy0.75_layoutB,diffuse_blur_js_0.15,diffuse_blur,,0.15,0.05,4.560211492678192,1.0104198455810547,0.04948438039758302
cx0.25_cy0.75_layoutB,false_hotspot_x_js_0.05,false_hotspot,x,0.05,0.05,7.423246318393652,1.2676244974136353,0.03944385746884523
cx0.25_cy0.75_layoutB,false_hotspot_x_js_0.1,false_hotspot,x,0.1,0.05,5.377838640678409,1.2380858659744263,0.04038492108998262
cx0.25_cy0.75_layoutB,false_hotspot_x_js_0.15,false_hotspot,x,0.15,0.05,5.514996447917842,1.2625325918197632,0.039602938034203165
cx0.25_cy0.75_layoutB,false_hotspot_y_js_0.05,false_hotspot,y,0.05,0.05,6.425284774552337,1.2676239013671875,0.03944387601564851
cx0.25_cy0.75_layoutB,false_hotspot_y_js_0.1,false_hotspot,y,0.1,0.05,6.493068245422965,1.2380858659744263,0.04038492108998262
cx0.25_cy0.75_layoutB,false_hotspot_y_js_0.15,false_hotspot,y,0.15,0.05,6.6277322523728,1.26253080368042,0.03960299412437649
cx0.25_cy0.75_layoutB,false_negative_suppression_x_js_0.05,false_negative_suppression,x,0.05,0.05,6.371877965296816,1.272009253501892,0.039307890144940384
cx0.25_cy0.75_layoutB,false_negative_suppression_x_js_0.1,false_negative_suppression,x,0.1,0.05,6.218505226211491,1.2226554155349731,0.04089459660072948
cx0.25_cy0.75_layoutB,false_negative_suppression_x_js_0.15,false_negative_suppression,x,0.15,0.05,6.161940385605639,1.1974529027938843,0.041755295664105484
cx0.25_cy0.75_layoutB,false_negative_suppression_y_js_0.05,false_negative_suppression,y,0.05,0.05,6.458558916039769,1.2720088958740234,0.03930790119643304
cx0.25_cy0.75_layoutB,false_negative_suppression_y_js_0.1,false_negative_suppression,y,0.1,0.05,5.078170711948599,1.2226555347442627,0.04089459261349377
cx0.25_cy0.75_layoutB,false_negative_suppression_y_js_0.15,false_negative_suppression,y,0.15,0.05,4.864473113260587,1.1974529027938843,0.041755295664105484
cx0.25_cy0.75_layoutB,oracle,oracle,,0.0,0.05,7.9002410754154795,1.4646656513214111,0.03413748383796012
cx0.25_cy0.75_layoutB,spatial_shift_x_js_0.05,spatial_shift,x,0.05,0.05,7.204338489471107,1.3500133752822876,0.037036670091912985
cx0.25_cy0.75_layoutB,spatial_shift_x_js_0.1,spatial_shift,x,0.1,0.05,5.883230325588254,1.3184694051742554,0.0379227608951546
cx0.25_cy0.75_layoutB,spatial_shift_x_js_0.15,spatial_shift,x,0.15,0.05,5.571454880493365,1.3027751445770264,0.03837960849048403
cx0.25_cy0.75_layoutB,spatial_shift_y_js_0.05,spatial_shift,y,0.05,0.05,7.052192804278997,1.3500125408172607,0.03703669298488988
cx0.25_cy0.75_layoutB,spatial_shift_y_js_0.1,spatial_shift,y,0.1,0.05,6.789572206736199,1.3184704780578613,0.03792273003613339
cx0.25_cy0.75_layoutB,spatial_shift_y_js_0.15,spatial_shift,y,0.15,0.05,6.562574731561804,1.3027746677398682,0.03837962253805795
cx0.25_cy0.75_layoutB,uniform_prior_baseline,uniform_prior_baseline,,,0.05,4.624327569415376,1.0010219812393188,0.04994895310700103
cx0.25_cy0.75_layoutB,diffuse_blur_js_0.05,diffuse_blur,,0.05,0.1,4.728694253678054,1.2657337188720703,0.0790055589963367
cx0.25_cy0.75_layoutB,diffuse_blur_js_0.1,diffuse_blur,,0.1,0.1,4.240902459570206,1.0816326141357422,0.09245283351584502
cx0.25_cy0.75_layoutB,diffuse_blur_js_0.15,diffuse_blur,,0.15,0.1,4.0519012368620615,1.0104198455810547,0.09896876079516603
cx0.25_cy0.75_layoutB,false_hotspot_x_js_0.05,false_hotspot,x,0.05,0.1,4.63299792798253,1.2676244974136353,0.07888771493769046
cx0.25_cy0.75_layoutB,false_hotspot_x_js_0.1,false_hotspot,x,0.1,0.1,4.540983352839412,1.2380858659744263,0.08076984217996525
cx0.25_cy0.75_layoutB,false_hotspot_x_js_0.15,false_hotspot,x,0.15,0.1,4.608809875179361,1.2625325918197632,0.07920587606840633
cx0.25_cy0.75_layoutB,false_hotspot_y_js_0.05,false_hotspot,y,0.05,0.1,5.016676034128614,1.2676239013671875,0.07888775203129703
cx0.25_cy0.75_layoutB,false_hotspot_y_js_0.1,false_hotspot,y,0.1,0.1,5.133285390515127,1.2380858659744263,0.08076984217996525
cx0.25_cy0.75_layoutB,false_hotspot_y_js_0.15,false_hotspot,y,0.15,0.1,5.44377271744761,1.26253080368042,0.07920598824875298
cx0.25_cy0.75_layoutB,false_negative_suppression_x_js_0.05,false_negative_suppression,x,0.05,0.1,5.044507128806802,1.272009253501892,0.07861578028988077
cx0.25_cy0.75_layoutB,false_negative_suppression_x_js_0.1,false_negative_suppression,x,0.1,0.1,4.8741331144468365,1.2226554155349731,0.08178919320145896
cx0.25_cy0.75_layoutB,false_negative_suppression_x_js_0.15,false_negative_suppression,x,0.15,0.1,4.860336841201674,1.1974529027938843,0.08351059132821097
cx0.25_cy0.75_layoutB,false_negative_suppression_y_js_0.05,false_negative_suppression,y,0.05,0.1,4.715428334569468,1.2720088958740234,0.07861580239286609
cx0.25_cy0.75_layoutB,false_negative_suppression_y_js_0.1,false_negative_suppression,y,0.1,0.1,4.5428731985332576,1.2226555347442627,0.08178918522698754
cx0.25_cy0.75_layoutB,false_negative_suppression_y_js_0.15,false_negative_suppression,y,0.15,0.1,4.4650234592015785,1.1974529027938843,0.08351059132821097
cx0.25_cy0.75_layoutB,oracle,oracle,,0.0,0.1,6.613138250179894,1.4646656513214111,0.06827496767592024
cx0.25_cy0.75_layoutB,spatial_shift_x_js_0.05,spatial_shift,x,0.05,0.1,5.142267806454087,1.3500133752822876,0.07407334018382597
cx0.25_cy0.75_layoutB,spatial_shift_x_js_0.1,spatial_shift,x,0.1,0.1,4.7826644793538176,1.3184694051742554,0.0758455217903092
cx0.25_cy0.75_layoutB,spatial_shift_x_js_0.15,spatial_shift,x,0.15,0.1,4.48976144383178,1.3027751445770264,0.07675921698096806
cx0.25_cy0.75_layoutB,spatial_shift_y_js_0.05,spatial_shift,y,0.05,0.1,6.000931876945908,1.3500125408172607,0.07407338596977976
cx0.25_cy0.75_layoutB,spatial_shift_y_js_0.15,spatial_shift,y,0.15,0.1,5.503592663521343,1.3027746677398682,0.0767592450761159
cx0.25_cy0.75_layoutB,uniform_prior_baseline,uniform_prior_baseline,,,0.1,3.994932261844465,1.0010219812393188,0.09989790621400206
cx0.25_cy0.75_layoutC,diffuse_blur_js_0.05,diffuse_blur,,0.05,0.05,6.767940736023409,1.2716132402420044,0.03932013163883411
cx0.25_cy0.75_layoutC,diffuse_blur_js_0.1,diffuse_blur,,0.1,0.05,4.7824179428831215,1.0837013721466064,0.046138171718800636
cx0.25_cy0.75_layoutC,diffuse_blur_js_0.15,diffuse_blur,,0.15,0.05,4.614753805956535,1.0099761486053467,0.04950611959405564
cx0.25_cy0.75_layoutC,false_hotspot_x_js_0.05,false_hotspot,x,0.05,0.05,7.854957653184327,1.2668859958648682,0.03946685034265169
cx0.25_cy0.75_layoutC,false_hotspot_x_js_0.1,false_hotspot,x,0.1,0.05,5.894531048122726,1.2373814582824707,0.040407911129848165
cx0.25_cy0.75_layoutC,false_hotspot_x_js_0.15,false_hotspot,x,0.15,0.05,6.110757646536363,1.262188196182251,0.03961374393393579
cx0.25_cy0.75_layoutC,false_hotspot_y_js_0.05,false_hotspot,y,0.05,0.05,6.754698359044287,1.2668859958648682,0.03946685034265169
cx0.25_cy0.75_layoutC,false_hotspot_y_js_0.1,false_hotspot,y,0.1,0.05,6.914576806569585,1.2373822927474976,0.04040788387958861
cx0.25_cy0.75_layoutC,false_hotspot_y_js_0.15,false_hotspot,y,0.15,0.05,7.19026620761785,1.2621873617172241,0.039613770123616415
cx0.25_cy0.75_layoutC,false_negative_suppression_x_js_0.05,false_negative_suppression,x,0.05,0.05,6.538716164125318,1.2672492265701294,0.03945553798863022
cx0.25_cy0.75_layoutC,false_negative_suppression_x_js_0.1,false_negative_suppression,x,0.1,0.05,6.318697566704057,1.216392159461975,0.04110516465521745
cx0.25_cy0.75_layoutC,false_negative_suppression_x_js_0.15,false_negative_suppression,x,0.15,0.05,6.189990948090686,1.1903307437896729,0.04200513198610186
cx0.25_cy0.75_layoutC,false_negative_suppression_y_js_0.05,false_negative_suppression,y,0.05,0.05,6.959013064586783,1.2672492265701294,0.03945553798863022
cx0.25_cy0.75_layoutC,false_negative_suppression_y_js_0.15,false_negative_suppression,y,0.15,0.05,5.011915113656501,1.190330982208252,0.042005123572640364
cx0.25_cy0.75_layoutC,oracle,oracle,,0.0,0.05,8.375559548581633,1.4674381017684937,0.0340729874328206
cx0.25_cy0.75_layoutC,spatial_shift_x_js_0.05,spatial_shift,x,0.05,0.05,7.6301460005812185,1.3397917747497559,0.037319231945082604
cx0.25_cy0.75_layoutC,spatial_shift_x_js_0.1,spatial_shift,x,0.1,0.05,7.324077411615599,1.3058446645736694,0.038289393337854576
cx0.25_cy0.75_layoutC,spatial_shift_x_js_0.15,spatial_shift,x,0.15,0.05,7.9447226985383415,1.2910364866256714,0.03872857236644251
cx0.25_cy0.75_layoutC,spatial_shift_y_js_0.05,spatial_shift,y,0.05,0.05,7.574510399267588,1.339792013168335,0.03731922530405313
cx0.25_cy0.75_layoutC,spatial_shift_y_js_0.1,spatial_shift,y,0.1,0.05,7.092781563323115,1.305842399597168,0.03828945975059795
cx0.25_cy0.75_layoutC,spatial_shift_y_js_0.15,spatial_shift,y,0.15,0.05,6.911597721604854,1.29103684425354,0.0387285616383081
cx0.25_cy0.75_layoutC,uniform_prior_baseline,uniform_prior_baseline,,,0.05,4.68142321799549,1.0006067752838135,0.049969679633458344
cx0.25_cy0.75_layoutC,diffuse_blur_js_0.05,diffuse_blur,,0.05,0.1,5.186605918784442,1.2716132402420044,0.07864026327766822
cx0.25_cy0.75_layoutC,diffuse_blur_js_0.1,diffuse_blur,,0.1,0.1,4.473270897425054,1.0837013721466064,0.09227634343760127
cx0.25_cy0.75_layoutC,diffuse_blur_js_0.15,diffuse_blur,,0.15,0.1,4.1215833347065285,1.0099761486053467,0.09901223918811128
cx0.25_cy0.75_layoutC,false_hotspot_x_js_0.05,false_hotspot,x,0.05,0.1,5.024074996326817,1.2668859958648682,0.07893370068530338
cx0.25_cy0.75_layoutC,false_hotspot_x_js_0.1,false_hotspot,x,0.1,0.1,4.830378311758314,1.2373814582824707,0.08081582225969633
cx0.25_cy0.75_layoutC,false_hotspot_x_js_0.15,false_hotspot,x,0.15,0.1,4.858037073710718,1.262188196182251,0.07922748786787158
cx0.25_cy0.75_layoutC,false_hotspot_y_js_0.05,false_hotspot,y,0.05,0.1,5.790969398702352,1.2668859958648682,0.07893370068530338
cx0.25_cy0.75_layoutC,false_hotspot_y_js_0.1,false_hotspot,y,0.1,0.1,5.563698619380384,1.2373822927474976,0.08081576775917722
cx0.25_cy0.75_layoutC,false_hotspot_y_js_0.15,false_hotspot,y,0.15,0.1,5.842594560867511,1.2621873617172241,0.07922754024723283
cx0.25_cy0.75_layoutC,false_negative_suppression_x_js_0.05,false_negative_suppression,x,0.05,0.1,5.2494158268890985,1.2672492265701294,0.07891107597726044
cx0.25_cy0.75_layoutC,false_negative_suppression_x_js_0.1,false_negative_suppression,x,0.1,0.1,5.073856315317738,1.216392159461975,0.0822103293104349
cx0.25_cy0.75_layoutC,false_negative_suppression_x_js_0.15,false_negative_suppression,x,0.15,0.1,5.037404352753386,1.1903307437896729,0.08401026397220372
cx0.25_cy0.75_layoutC,false_negative_suppression_y_js_0.05,false_negative_suppression,y,0.05,0.1,4.99143052366969,1.2672492265701294,0.07891107597726044
cx0.25_cy0.75_layoutC,false_negative_suppression_y_js_0.1,false_negative_suppression,y,0.1,0.1,6.109676160431534,1.2163923978805542,0.0822103131968272
cx0.25_cy0.75_layoutC,oracle,oracle,,0.0,0.1,6.98739354148808,1.4674381017684937,0.0681459748656412
cx0.25_cy0.75_layoutC,spatial_shift_x_js_0.05,spatial_shift,x,0.05,0.1,5.64918849362593,1.3397917747497559,0.07463846389016521
cx0.25_cy0.75_layoutC,spatial_shift_x_js_0.15,spatial_shift,x,0.15,0.1,4.994069165675136,1.2910364866256714,0.07745714473288502
cx0.25_cy0.75_layoutC,spatial_shift_y_js_0.1,spatial_shift,y,0.1,0.1,6.04093719144314,1.305842399597168,0.0765789195011959
cx0.25_cy0.75_layoutC,spatial_shift_y_js_0.15,spatial_shift,y,0.15,0.1,5.845077849167201,1.29103684425354,0.0774571232766162
cx0.25_cy0.75_layoutC,uniform_prior_baseline,uniform_prior_baseline,,,0.1,3.9666641514126657,1.0006067752838135,0.09993935926691669
cx0.75_cy0.25_layoutA,diffuse_blur_js_0.05,diffuse_blur,,0.05,0.05,4.516514768727236,1.2522294521331787,0.0399287845488898
cx0.75_cy0.25_layoutA,diffuse_blur_js_0.1,diffuse_blur,,0.1,0.05,4.226733529960606,1.0766047239303589,0.04644230039922646
cx0.75_cy0.25_layoutA,diffuse_blur_js_0.15,diffuse_blur,,0.15,0.05,4.445095332112624,1.0082995891571045,0.04958843635134065
cx0.75_cy0.25_layoutA,false_hotspot_x_js_0.05,false_hotspot,x,0.05,0.05,4.335674818136494,1.2566584348678589,0.03978805904028937
cx0.75_cy0.25_layoutA,false_hotspot_x_js_0.1,false_hotspot,x,0.1,0.05,4.552233858204671,1.2300517559051514,0.04064869608938266
cx0.75_cy0.25_layoutA,false_hotspot_x_js_0.15,false_hotspot,x,0.15,0.05,4.692514603779773,1.2559996843338013,0.03980892720249421
cx0.75_cy0.25_layoutA,false_hotspot_y_js_0.05,false_hotspot,y,0.05,0.05,4.811238395849137,1.2566585540771484,0.039788055265909894
cx0.75_cy0.25_layoutA,false_hotspot_y_js_0.1,false_hotspot,y,0.1,0.05,5.006657337228855,1.23005211353302,0.04064868427109758
cx0.75_cy0.25_layoutA,false_hotspot_y_js_0.15,false_hotspot,y,0.15,0.05,5.278615365087616,1.2559973001480103,0.03980900276943897
cx0.75_cy0.25_layoutA,false_negative_suppression_x_js_0.05,false_negative_suppression,x,0.05,0.05,4.670263964040892,1.2556391954421997,0.03982035618312429
cx0.75_cy0.25_layoutA,false_negative_suppression_x_js_0.1,false_negative_suppression,x,0.1,0.05,4.875557633015514,1.2068101167678833,0.04143153865324859
cx0.75_cy0.25_layoutA,false_negative_suppression_x_js_0.15,false_negative_suppression,x,0.15,0.05,5.016282148172827,1.181808590888977,0.042308035654394026
cx0.75_cy0.25_layoutA,false_negative_suppression_y_js_0.05,false_negative_suppression,y,0.05,0.05,4.641661598798959,1.2556393146514893,0.03982035240261478
cx0.75_cy0.25_layoutA,false_negative_suppression_y_js_0.1,false_negative_suppression,y,0.1,0.05,4.775420561899034,1.2068097591400146,0.04143155093113477
cx0.75_cy0.25_layoutA,false_negative_suppression_y_js_0.15,false_negative_suppression,y,0.15,0.05,4.719498502919674,1.1818076372146606,0.04230806979538763
cx0.75_cy0.25_layoutA,oracle,oracle,,0.0,0.05,5.352156161698602,1.446302056312561,0.03457092505799112
cx0.75_cy0.25_layoutA,spatial_shift_x_js_0.05,spatial_shift,x,0.05,0.05,4.954490454119434,1.3293230533599854,0.037613129384629594
cx0.75_cy0.25_layoutA,spatial_shift_x_js_0.1,spatial_shift,x,0.1,0.05,4.7593091004282515,1.297648549079895,0.0385312340814104
cx0.75_cy0.25_layoutA,spatial_shift_x_js_0.15,spatial_shift,x,0.15,0.05,4.600536368570832,1.282163381576538,0.03899659023058387
cx0.75_cy0.25_layoutA,spatial_shift_y_js_0.05,spatial_shift,y,0.05,0.05,5.044904950295485,1.3293240070343018,0.03761310240048182
cx0.75_cy0.25_layoutA,spatial_shift_y_js_0.1,spatial_shift,y,0.1,0.05,4.904014205717197,1.297648310661316,0.03853124116080318
cx0.75_cy0.25_layoutA,spatial_shift_y_js_0.15,spatial_shift,y,0.15,0.05,4.805205069179846,1.2821639776229858,0.03899657210202973
cx0.75_cy0.25_layoutA,uniform_prior_baseline,uniform_prior_baseline,,,0.05,4.523423783340837,1.0,0.05
cx0.75_cy0.25_layoutA,diffuse_blur_js_0.05,diffuse_blur,,0.05,0.1,3.5600531211567583,1.2522294521331787,0.0798575690977796
cx0.75_cy0.25_layoutA,diffuse_blur_js_0.1,diffuse_blur,,0.1,0.1,3.184460549240091,1.0766047239303589,0.09288460079845293
cx0.75_cy0.25_layoutA,diffuse_blur_js_0.15,diffuse_blur,,0.15,0.1,3.70072533018372,1.0082995891571045,0.0991768727026813
cx0.75_cy0.25_layoutA,false_hotspot_x_js_0.05,false_hotspot,x,0.05,0.1,3.404756436578871,1.2566584348678589,0.07957611808057874
cx0.75_cy0.25_layoutA,false_hotspot_x_js_0.1,false_hotspot,x,0.1,0.1,3.478689697605973,1.2300517559051514,0.08129739217876532
cx0.75_cy0.25_layoutA,false_hotspot_x_js_0.15,false_hotspot,x,0.15,0.1,3.622209286539169,1.2559996843338013,0.07961785440498842
cx0.75_cy0.25_layoutA,false_hotspot_y_js_0.05,false_hotspot,y,0.05,0.1,3.6124553486392554,1.2566585540771484,0.07957611053181979
cx0.75_cy0.25_layoutA,false_hotspot_y_js_0.1,false_hotspot,y,0.1,0.1,3.755488858687626,1.23005211353302,0.08129736854219516
cx0.75_cy0.25_layoutA,false_hotspot_y_js_0.15,false_hotspot,y,0.15,0.1,3.930583582212662,1.2559973001480103,0.07961800553887793
cx0.75_cy0.25_layoutA,false_negative_suppression_x_js_0.05,false_negative_suppression,x,0.05,0.1,3.579930530620895,1.2556391954421997,0.07964071236624858
cx0.75_cy0.25_layoutA,false_negative_suppression_x_js_0.1,false_negative_suppression,x,0.1,0.1,3.4828516577242583,1.2068101167678833,0.08286307730649718
cx0.75_cy0.25_layoutA,false_negative_suppression_x_js_0.15,false_negative_suppression,x,0.15,0.1,3.4914627744248103,1.181808590888977,0.08461607130878805
cx0.75_cy0.25_layoutA,false_negative_suppression_y_js_0.05,false_negative_suppression,y,0.05,0.1,3.5665442175570243,1.2556393146514893,0.07964070480522956
cx0.75_cy0.25_layoutA,false_negative_suppression_y_js_0.1,false_negative_suppression,y,0.1,0.1,3.460149382647594,1.2068097591400146,0.08286310186226954
cx0.75_cy0.25_layoutA,false_negative_suppression_y_js_0.15,false_negative_suppression,y,0.15,0.1,3.463113326129238,1.1818076372146606,0.08461613959077526
cx0.75_cy0.25_layoutA,oracle,oracle,,0.0,0.1,4.219609687930216,1.446302056312561,0.06914185011598224
cx0.75_cy0.25_layoutA,spatial_shift_x_js_0.05,spatial_shift,x,0.05,0.1,3.888125198841884,1.3293230533599854,0.07522625876925919
cx0.75_cy0.25_layoutA,spatial_shift_x_js_0.1,spatial_shift,x,0.1,0.1,3.7317681939452707,1.297648549079895,0.0770624681628208
cx0.75_cy0.25_layoutA,spatial_shift_x_js_0.15,spatial_shift,x,0.15,0.1,3.5966681622702423,1.282163381576538,0.07799318046116774
cx0.75_cy0.25_layoutA,spatial_shift_y_js_0.05,spatial_shift,y,0.05,0.1,3.925398426997781,1.3293240070343018,0.07522620480096363
cx0.75_cy0.25_layoutA,spatial_shift_y_js_0.1,spatial_shift,y,0.1,0.1,3.7921312157497034,1.297648310661316,0.07706248232160635
cx0.75_cy0.25_layoutA,spatial_shift_y_js_0.15,spatial_shift,y,0.15,0.1,3.6797847586010968,1.2821639776229858,0.07799314420405946
cx0.75_cy0.25_layoutA,uniform_prior_baseline,uniform_prior_baseline,,,0.1,3.8562554930800657,1.0,0.1
cx0.75_cy0.25_layoutB,diffuse_blur_js_0.05,diffuse_blur,,0.05,0.05,4.399338260471437,1.2657347917556763,0.03950274601415196
cx0.75_cy0.25_layoutB,diffuse_blur_js_0.1,diffuse_blur,,0.1,0.05,4.294836548456915,1.081632375717163,0.04622642694737028
cx0.75_cy0.25_layoutB,diffuse_blur_js_0.15,diffuse_blur,,0.15,0.05,4.608433236069734,1.0104196071624756,0.049484392073915875
cx0.75_cy0.25_layoutB,false_hotspot_x_js_0.05,false_hotspot,x,0.05,0.05,4.4183213953398095,1.2676218748092651,0.039443939074910124
cx0.75_cy0.25_layoutB,false_hotspot_x_js_0.1,false_hotspot,x,0.1,0.05,4.572101196755248,1.2380836009979248,0.040384994971017156
cx0.75_cy0.25_layoutB,false_hotspot_x_js_0.15,false_hotspot,x,0.15,0.05,4.700534373738373,1.2625303268432617,0.03960300908178288
cx0.75_cy0.25_layoutB,false_hotspot_y_js_0.05,false_hotspot,y,0.05,0.05,4.838601145614123,1.267622709274292,0.039443913109307394
cx0.75_cy0.25_layoutB,false_hotspot_y_js_0.1,false_hotspot,y,0.1,0.05,5.03735662501546,1.2380852699279785,0.04038494053233392
cx0.75_cy0.25_layoutB,false_hotspot_y_js_0.15,false_hotspot,y,0.15,0.05,5.294700810319983,1.2625325918197632,0.039602938034203165
cx0.75_cy0.25_layoutB,false_negative_suppression_x_js_0.05,false_negative_suppression,x,0.05,0.05,4.636211319192442,1.2720048427581787,0.039308026447117485
cx0.75_cy0.25_layoutB,false_negative_suppression_x_js_0.1,false_negative_suppression,x,0.1,0.05,4.847044087592746,1.222654104232788,0.04089464046037359
cx0.75_cy0.25_layoutB,false_negative_suppression_x_js_0.15,false_negative_suppression,x,0.15,0.05,5.094569564900059,1.1974518299102783,0.04175533307569154
cx0.75_cy0.25_layoutB,false_negative_suppression_y_js_0.05,false_negative_suppression,y,0.05,0.05,4.613030620062066,1.2720049619674683,0.03930802276326243
cx0.75_cy0.25_layoutB,false_negative_suppression_y_js_0.1,false_negative_suppression,y,0.1,0.05,4.802446447458147,1.2226547002792358,0.040894620524160055
cx0.75_cy0.25_layoutB,false_negative_suppression_y_js_0.15,false_negative_suppression,y,0.15,0.05,5.108486130264307,1.1974515914916992,0.041755341389386434
cx0.75_cy0.25_layoutB,oracle,oracle,,0.0,0.05,5.39850147894398,1.4646631479263306,0.034137542185580336
cx0.75_cy0.25_layoutB,spatial_shift_x_js_0.05,spatial_shift,x,0.05,0.05,4.973314957481887,1.3500081300735474,0.037036813991095034
cx0.75_cy0.25_layoutB,spatial_shift_x_js_0.1,spatial_shift,x,0.1,0.05,4.776281419627696,1.3184702396392822,0.037922736893689316
cx0.75_cy0.25_layoutB,spatial_shift_x_js_0.15,spatial_shift,x,0.15,0.05,4.67101348887208,1.3027732372283936,0.03837966468084141
cx0.75_cy0.25_layoutB,spatial_shift_y_js_0.05,spatial_shift,y,0.05,0.05,5.06806587482095,1.3500094413757324,0.03703677801619469
cx0.75_cy0.25_layoutB,spatial_shift_y_js_0.1,spatial_shift,y,0.1,0.05,4.93368534407732,1.3184702396392822,0.037922736893689316
cx0.75_cy0.25_layoutB,spatial_shift_y_js_0.15,spatial_shift,y,0.15,0.05,4.902501789279779,1.3027745485305786,0.038379626049953035
cx0.75_cy0.25_layoutB,uniform_prior_baseline,uniform_prior_baseline,,,0.05,4.624327569415376,1.0010219812393188,0.04994895310700103
cx0.75_cy0.25_layoutB,diffuse_blur_js_0.05,diffuse_blur,,0.05,0.1,3.4856959964267515,1.2657347917556763,0.07900549202830393
cx0.75_cy0.25_layoutB,diffuse_blur_js_0.1,diffuse_blur,,0.1,0.1,3.066436041939345,1.081632375717163,0.09245285389474056
cx0.75_cy0.25_layoutB,diffuse_blur_js_0.15,diffuse_blur,,0.15,0.1,3.706876426022547,1.0104196071624756,0.09896878414783175
cx0.75_cy0.25_layoutB,false_hotspot_x_js_0.05,false_hotspot,x,0.05,0.1,3.415604108724697,1.2676218748092651,0.07888787814982025
cx0.75_cy0.25_layoutB,false_hotspot_x_js_0.1,false_hotspot,x,0.1,0.1,3.484981223563105,1.2380836009979248,0.08076998994203431
cx0.75_cy0.25_layoutB,false_hotspot_x_js_0.15,false_hotspot,x,0.15,0.1,3.6306526952774854,1.2625303268432617,0.07920601816356576
cx0.75_cy0.25_layoutB,false_hotspot_y_js_0.05,false_hotspot,y,0.05,0.1,3.6240050632092258,1.267622709274292,0.07888782621861479
cx0.75_cy0.25_layoutB,false_hotspot_y_js_0.1,false_hotspot,y,0.1,0.1,3.7688321823655087,1.2380852699279785,0.08076988106466784
cx0.75_cy0.25_layoutB,false_hotspot_y_js_0.15,false_hotspot,y,0.15,0.1,3.9425080162112924,1.2625325918197632,0.07920587606840633
cx0.75_cy0.25_layoutB,false_negative_suppression_x_js_0.05,false_negative_suppression,x,0.05,0.1,3.5817025226964896,1.2720048427581787,0.07861605289423497
cx0.75_cy0.25_layoutB,false_negative_suppression_x_js_0.1,false_negative_suppression,x,0.1,0.1,3.4666289206139536,1.222654104232788,0.08178928092074718
cx0.75_cy0.25_layoutB,false_negative_suppression_x_js_0.15,false_negative_suppression,x,0.15,0.1,3.4617674810728416,1.1974518299102783,0.08351066615138308
cx0.75_cy0.25_layoutB,false_negative_suppression_y_js_0.05,false_negative_suppression,y,0.05,0.1,3.5679427792141576,1.2720049619674683,0.07861604552652486
cx0.75_cy0.25_layoutB,false_negative_suppression_y_js_0.1,false_negative_suppression,y,0.1,0.1,3.443755785263358,1.2226547002792358,0.08178924104832011
cx0.75_cy0.25_layoutB,false_negative_suppression_y_js_0.15,false_negative_suppression,y,0.15,0.1,3.4326021089661523,1.1974515914916992,0.08351068277877287
cx0.75_cy0.25_layoutB,oracle,oracle,,0.0,0.1,4.2614754868060425,1.4646631479263306,0.06827508437116067
cx0.75_cy0.25_layoutB,spatial_shift_x_js_0.05,spatial_shift,x,0.05,0.1,3.970621240989162,1.3500081300735474,0.07407362798219007
cx0.75_cy0.25_layoutB,spatial_shift_x_js_0.1,spatial_shift,x,0.1,0.1,3.7958459654076018,1.3184702396392822,0.07584547378737863
cx0.75_cy0.25_layoutB,spatial_shift_x_js_0.15,spatial_shift,x,0.15,0.1,3.647438169260245,1.3027732372283936,0.07675932936168282
cx0.75_cy0.25_layoutB,spatial_shift_y_js_0.05,spatial_shift,y,0.05,0.1,3.9601183615534024,1.3500094413757324,0.07407355603238938
cx0.75_cy0.25_layoutB,spatial_shift_y_js_0.1,spatial_shift,y,0.1,0.1,3.826168705309718,1.3184702396392822,0.07584547378737863
cx0.75_cy0.25_layoutB,spatial_shift_y_js_0.15,spatial_shift,y,0.15,0.1,3.7600043762254316,1.3027745485305786,0.07675925209990607
cx0.75_cy0.25_layoutB,uniform_prior_baseline,uniform_prior_baseline,,,0.1,3.994932261844465,1.0010219812393188,0.09989790621400206
cx0.75_cy0.25_layoutC,diffuse_blur_js_0.05,diffuse_blur,,0.05,0.05,4.481994286652036,1.2716137170791626,0.039320116894340895
cx0.75_cy0.25_layoutC,diffuse_blur_js_0.1,diffuse_blur,,0.1,0.05,4.259978073675269,1.083701491355896,0.04613816664351126
cx0.75_cy0.25_layoutC,diffuse_blur_js_0.15,diffuse_blur,,0.15,0.05,4.630433218383479,1.0099761486053467,0.04950611959405564
cx0.75_cy0.25_layoutC,false_hotspot_x_js_0.05,false_hotspot,x,0.05,0.05,4.4434617154253715,1.266884684562683,0.03946689119322611
cx0.75_cy0.25_layoutC,false_hotspot_x_js_0.1,false_hotspot,x,0.1,0.05,4.570128850149499,1.2373830080032349,0.04040786052225253
cx0.75_cy0.25_layoutC,false_hotspot_x_js_0.15,false_hotspot,x,0.15,0.05,4.689698369615395,1.2621873617172241,0.039613770123616415
cx0.75_cy0.25_layoutC,false_hotspot_y_js_0.05,false_hotspot,y,0.05,0.05,4.854720855940198,1.2668862342834473,0.03946684291528361
cx0.75_cy0.25_layoutC,false_hotspot_y_js_0.1,false_hotspot,y,0.1,0.05,5.070345007870162,1.237382173538208,0.04040788777248058
cx0.75_cy0.25_layoutC,false_hotspot_y_js_0.15,false_hotspot,y,0.15,0.05,5.280512456477129,1.2621883153915405,0.039613740192555674
cx0.75_cy0.25_layoutC,false_negative_suppression_x_js_0.05,false_negative_suppression,x,0.05,0.05,4.641672757581424,1.2672460079193115,0.039455638200900624
cx0.75_cy0.25_layoutC,false_negative_suppression_x_js_0.1,false_negative_suppression,x,0.1,0.05,4.851264824055891,1.216391921043396,0.04110517271202445
cx0.75_cy0.25_layoutC,false_negative_suppression_x_js_0.15,false_negative_suppression,x,0.15,0.05,5.024665969613003,1.1903318166732788,0.04200509412555168
cx0.75_cy0.25_layoutC,false_negative_suppression_y_js_0.05,false_negative_suppression,y,0.05,0.05,4.616464951066651,1.267246961593628,0.03945560850832299
cx0.75_cy0.25_layoutC,false_negative_suppression_y_js_0.1,false_negative_suppression,y,0.1,0.05,4.859404100563169,1.216392159461975,0.04110516465521745
cx0.75_cy0.25_layoutC,false_negative_suppression_y_js_0.15,false_negative_suppression,y,0.15,0.05,5.164334126642015,1.1903311014175415,0.042005119365910885
cx0.75_cy0.25_layoutC,oracle,oracle,,0.0,0.05,5.347618711038381,1.4674367904663086,0.034073017880457704
cx0.75_cy0.25_layoutC,spatial_shift_x_js_0.05,spatial_shift,x,0.05,0.05,4.9549444830254465,1.3397948741912842,0.03731914561188375
cx0.75_cy0.25_layoutC,spatial_shift_x_js_0.1,spatial_shift,x,0.1,0.05,4.807037003448723,1.3058395385742188,0.03828954364070835
cx0.75_cy0.25_layoutC,spatial_shift_x_js_0.15,spatial_shift,x,0.15,0.05,5.779408209180259,1.2910375595092773,0.03872854018205712
cx0.75_cy0.25_layoutC,spatial_shift_y_js_0.05,spatial_shift,y,0.05,0.05,5.062413170877614,1.3397948741912842,0.03731914561188375
cx0.75_cy0.25_layoutC,spatial_shift_y_js_0.1,spatial_shift,y,0.1,0.05,4.981278156540833,1.305842638015747,0.038289452759772004
cx0.75_cy0.25_layoutC,spatial_shift_y_js_0.15,spatial_shift,y,0.15,0.05,4.9354578669403955,1.2910369634628296,0.03872855806226462
cx0.75_cy0.25_layoutC,uniform_prior_baseline,uniform_prior_baseline,,,0.05,4.68142321799549,1.0006067752838135,0.049969679633458344
cx0.75_cy0.25_layoutC,diffuse_blur_js_0.05,diffuse_blur,,0.05,0.1,3.5255642138732735,1.2716137170791626,0.07864023378868179
cx0.75_cy0.25_layoutC,diffuse_blur_js_0.1,diffuse_blur,,0.1,0.1,3.083645136053342,1.083701491355896,0.09227633328702252
cx0.75_cy0.25_layoutC,diffuse_blur_js_0.15,diffuse_blur,,0.15,0.1,3.6829109159426014,1.0099761486053467,0.09901223918811128
cx0.75_cy0.25_layoutC,false_hotspot_x_js_0.05,false_hotspot,x,0.05,0.1,3.4052887142717503,1.266884684562683,0.07893378238645223
cx0.75_cy0.25_layoutC,false_hotspot_x_js_0.1,false_hotspot,x,0.1,0.1,3.4838458105200742,1.2373830080032349,0.08081572104450506
cx0.75_cy0.25_layoutC,false_hotspot_x_js_0.15,false_hotspot,x,0.15,0.1,3.636085916206088,1.2621873617172241,0.07922754024723283
cx0.75_cy0.25_layoutC,false_hotspot_y_js_0.05,false_hotspot,y,0.05,0.1,3.616933166929235,1.2668862342834473,0.07893368583056722
cx0.75_cy0.25_layoutC,false_hotspot_y_js_0.1,false_hotspot,y,0.1,0.1,3.7640404572129658,1.237382173538208,0.08081577554496117
cx0.75_cy0.25_layoutC,false_hotspot_y_js_0.15,false_hotspot,y,0.15,0.1,3.9438915194158732,1.2621883153915405,0.07922748038511135
cx0.75_cy0.25_layoutC,false_negative_suppression_x_js_0.05,false_negative_suppression,x,0.05,0.1,3.5675321765351833,1.2672460079193115,0.07891127640180125
cx0.75_cy0.25_layoutC,false_negative_suppression_x_js_0.1,false_negative_suppression,x,0.1,0.1,3.462074719966509,1.216391921043396,0.0822103454240489
cx0.75_cy0.25_layoutC,false_negative_suppression_x_js_0.15,false_negative_suppression,x,0.15,0.1,3.46466402059136,1.1903318166732788,0.08401018825110336
cx0.75_cy0.25_layoutC,false_negative_suppression_y_js_0.05,false_negative_suppression,y,0.05,0.1,3.5527065368230213,1.267246961593628,0.07891121701664598
cx0.75_cy0.25_layoutC,false_negative_suppression_y_js_0.1,false_negative_suppression,y,0.1,0.1,3.438429772058729,1.216392159461975,0.0822103293104349
cx0.75_cy0.25_layoutC,false_negative_suppression_y_js_0.15,false_negative_suppression,y,0.15,0.1,3.4354236765805792,1.1903311014175415,0.08401023873182177
cx0.75_cy0.25_layoutC,oracle,oracle,,0.0,0.1,4.23740947168122,1.4674367904663086,0.06814603576091541
cx0.75_cy0.25_layoutC,spatial_shift_x_js_0.05,spatial_shift,x,0.05,0.1,3.9134060668006496,1.3397948741912842,0.0746382912237675
cx0.75_cy0.25_layoutC,spatial_shift_x_js_0.1,spatial_shift,x,0.1,0.1,3.753601231728111,1.3058395385742188,0.0765790872814167
cx0.75_cy0.25_layoutC,spatial_shift_x_js_0.15,spatial_shift,x,0.15,0.1,3.6642877443706983,1.2910375595092773,0.07745708036411424
cx0.75_cy0.25_layoutC,spatial_shift_y_js_0.05,spatial_shift,y,0.05,0.1,3.9631529790114586,1.3397948741912842,0.0746382912237675
cx0.75_cy0.25_layoutC,spatial_shift_y_js_0.1,spatial_shift,y,0.1,0.1,3.8355953344816047,1.305842638015747,0.07657890551954401
cx0.75_cy0.25_layoutC,spatial_shift_y_js_0.15,spatial_shift,y,0.15,0.1,3.776379904085583,1.2910369634628296,0.07745711612452924
cx0.75_cy0.25_layoutC,uniform_prior_baseline,uniform_prior_baseline,,,0.1,3.9666641514126657,1.0006067752838135,0.09993935926691669
cx0.75_cy0.75_layoutA,diffuse_blur_js_0.05,diffuse_blur,,0.05,0.05,4.884608779727033,1.2522307634353638,0.03992874273654661
cx0.75_cy0.75_layoutA,diffuse_blur_js_0.1,diffuse_blur,,0.1,0.05,4.578109906324572,1.0766048431396484,0.046442295256807056
cx0.75_cy0.75_layoutA,diffuse_blur_js_0.15,diffuse_blur,,0.15,0.05,4.52064883142525,1.008299469947815,0.049588442214085246
cx0.75_cy0.75_layoutA,false_hotspot_x_js_0.05,false_hotspot,x,0.05,0.05,5.1311372723297675,1.2566585540771484,0.039788055265909894
cx0.75_cy0.75_layoutA,false_hotspot_x_js_0.1,false_hotspot,x,0.1,0.05,5.041788399250164,1.2300528287887573,0.04064866063454803
cx0.75_cy0.75_layoutA,false_hotspot_x_js_0.15,false_hotspot,x,0.15,0.05,5.088035335658005,1.255996584892273,0.03980902543957834
cx0.75_cy0.75_layoutA,false_hotspot_y_js_0.05,false_hotspot,y,0.05,0.05,5.052571082780174,1.256657361984253,0.03978809300973685
cx0.75_cy0.75_layoutA,false_hotspot_y_js_0.1,false_hotspot,y,0.1,0.05,5.074094636422683,1.2300525903701782,0.040648668513394826
cx0.75_cy0.75_layoutA,false_hotspot_y_js_0.15,false_hotspot,y,0.15,0.05,5.099776130647194,1.2559982538223267,0.039808972542626636
cx0.75_cy0.75_layoutA,false_negative_suppression_x_js_0.05,false_negative_suppression,x,0.05,0.05,4.135212959068093,1.2556382417678833,0.03982038642722621
cx0.75_cy0.75_layoutA,false_negative_suppression_x_js_0.1,false_negative_suppression,x,0.1,0.05,4.322691540557524,1.2068126201629639,0.041431452708249085
cx0.75_cy0.75_layoutA,false_negative_suppression_x_js_0.15,false_negative_suppression,x,0.15,0.05,4.356026724704303,1.181808590888977,0.042308035654394026
cx0.75_cy0.75_layoutA,false_negative_suppression_y_js_0.05,false_negative_suppression,y,0.05,0.05,4.168643720470515,1.2556382417678833,0.03982038642722621
cx0.75_cy0.75_layoutA,false_negative_suppression_y_js_0.1,false_negative_suppression,y,0.1,0.05,4.254098790112308,1.2068132162094116,0.04143143224520652
cx0.75_cy0.75_layoutA,false_negative_suppression_y_js_0.15,false_negative_suppression,y,0.15,0.05,4.356026724978715,1.181808590888977,0.042308035654394026
cx0.75_cy0.75_layoutA,oracle,oracle,,0.0,0.05,4.648991011305187,1.4462988376617432,0.03457100199349941
cx0.75_cy0.75_layoutA,spatial_shift_x_js_0.05,spatial_shift,x,0.05,0.05,4.649841945005075,1.32932710647583,0.037613014702268924
cx0.75_cy0.75_layoutA,spatial_shift_x_js_0.1,spatial_shift,x,0.1,0.05,4.695320132148267,1.2976473569869995,0.038531269478400305
cx0.75_cy0.75_layoutA,spatial_shift_x_js_0.15,spatial_shift,x,0.15,0.05,4.74364851223412,1.2821621894836426,0.03899662648774271
cx0.75_cy0.75_layoutA,spatial_shift_y_js_0.05,spatial_shift,y,0.05,0.05,4.669853220369559,1.3293260335922241,0.037613045059296336
cx0.75_cy0.75_layoutA,spatial_shift_y_js_0.1,spatial_shift,y,0.1,0.05,4.715242372235876,1.2976478338241577,0.03853125531959654
cx0.75_cy0.75_layoutA,spatial_shift_y_js_0.15,spatial_shift,y,0.15,0.05,4.751187322877356,1.2821629047393799,0.03899660473343931
cx0.75_cy0.75_layoutA,uniform_prior_baseline,uniform_prior_baseline,,,0.05,4.523423783340837,1.0,0.05
cx0.75_cy0.75_layoutA,diffuse_blur_js_0.05,diffuse_blur,,0.05,0.1,3.810261973448748,1.2522307634353638,0.07985748547309322
cx0.75_cy0.75_layoutA,diffuse_blur_js_0.1,diffuse_blur,,0.1,0.1,3.8165402348819275,1.0766048431396484,0.09288459051361411
cx0.75_cy0.75_layoutA,diffuse_blur_js_0.15,diffuse_blur,,0.15,0.1,3.8443824364359247,1.008299469947815,0.09917688442817049
cx0.75_cy0.75_layoutA,false_hotspot_x_js_0.05,false_hotspot,x,0.05,0.1,4.272204204646391,1.2566585540771484,0.07957611053181979
cx0.75_cy0.75_layoutA,false_hotspot_x_js_0.1,false_hotspot,x,0.1,0.1,4.403728023168907,1.2300528287887573,0.08129732126909606
cx0.75_cy0.75_layoutA,false_hotspot_x_js_0.15,false_hotspot,x,0.15,0.1,3.8126236632275217,1.255996584892273,0.07961805087915667
cx0.75_cy0.75_layoutA,false_hotspot_y_js_0.05,false_hotspot,y,0.05,0.1,3.800355267361854,1.256657361984253,0.0795761860194737
cx0.75_cy0.75_layoutA,false_hotspot_y_js_0.1,false_hotspot,y,0.1,0.1,3.793738527370312,1.2300525903701782,0.08129733702678965
cx0.75_cy0.75_layoutA,false_hotspot_y_js_0.15,false_hotspot,y,0.15,0.1,3.812627662432886,1.2559982538223267,0.07961794508525327
cx0.75_cy0.75_layoutA,false_negative_suppression_x_js_0.05,false_negative_suppression,x,0.05,0.1,3.2302638706977653,1.2556382417678833,0.07964077285445242
cx0.75_cy0.75_layoutA,false_negative_suppression_x_js_0.1,false_negative_suppression,x,0.1,0.1,3.100606540015145,1.2068126201629639,0.08286290541649817
cx0.75_cy0.75_layoutA,false_negative_suppression_x_js_0.15,false_negative_suppression,x,0.15,0.1,2.995540173621293,1.181808590888977,0.08461607130878805
cx0.75_cy0.75_layoutA,false_negative_suppression_y_js_0.05,false_negative_suppression,y,0.05,0.1,3.247674032061802,1.2556382417678833,0.07964077285445242
cx0.75_cy0.75_layoutA,false_negative_suppression_y_js_0.1,false_negative_suppression,y,0.1,0.1,3.100606539770345,1.2068132162094116,0.08286286449041304
cx0.75_cy0.75_layoutA,false_negative_suppression_y_js_0.15,false_negative_suppression,y,0.15,0.1,2.9955401734975364,1.181808590888977,0.08461607130878805
cx0.75_cy0.75_layoutA,oracle,oracle,,0.0,0.1,3.574637568209026,1.4462988376617432,0.06914200398699882
cx0.75_cy0.75_layoutA,spatial_shift_x_js_0.05,spatial_shift,x,0.05,0.1,3.564534942731174,1.32932710647583,0.07522602940453785
cx0.75_cy0.75_layoutA,spatial_shift_x_js_0.1,spatial_shift,x,0.1,0.1,3.5743928897664956,1.2976473569869995,0.07706253895680061
cx0.75_cy0.75_layoutA,spatial_shift_x_js_0.15,spatial_shift,x,0.15,0.1,3.610000097757007,1.2821621894836426,0.07799325297548541
cx0.75_cy0.75_layoutA,spatial_shift_y_js_0.05,spatial_shift,y,0.05,0.1,3.56829177697003,1.3293260335922241,0.07522609011859267
cx0.75_cy0.75_layoutA,spatial_shift_y_js_0.1,spatial_shift,y,0.1,0.1,3.5724836534331703,1.2976478338241577,0.07706251063919307
cx0.75_cy0.75_layoutA,spatial_shift_y_js_0.15,spatial_shift,y,0.15,0.1,3.6053453482610753,1.2821629047393799,0.07799320946687863
cx0.75_cy0.75_layoutA,uniform_prior_baseline,uniform_prior_baseline,,,0.1,3.8562554930800657,1.0,0.1
cx0.75_cy0.75_layoutB,diffuse_blur_js_0.05,diffuse_blur,,0.05,0.05,5.002376228489651,1.2657339572906494,0.039502772057270916
cx0.75_cy0.75_layoutB,diffuse_blur_js_0.1,diffuse_blur,,0.1,0.05,4.610607022886141,1.0816326141357422,0.04622641675792251
cx0.75_cy0.75_layoutB,diffuse_blur_js_0.15,diffuse_blur,,0.15,0.05,4.568382947936238,1.0104198455810547,0.04948438039758302
cx0.75_cy0.75_layoutB,false_hotspot_x_js_0.05,false_hotspot,x,0.05,0.05,5.407353043139073,1.2676246166229248,0.03944385375948667
cx0.75_cy0.75_layoutB,false_hotspot_x_js_0.1,false_hotspot,x,0.1,0.05,5.3028469036097166,1.2380859851837158,0.0403849172015146
cx0.75_cy0.75_layoutB,false_hotspot_x_js_0.15,false_hotspot,x,0.15,0.05,5.633618809201398,1.2625324726104736,0.039602941773543114
cx0.75_cy0.75_layoutB,false_hotspot_y_js_0.05,false_hotspot,y,0.05,0.05,5.069694971097988,1.2676241397857666,0.03944386859692511
cx0.75_cy0.75_layoutB,false_hotspot_y_js_0.1,false_hotspot,y,0.1,0.05,5.103285461897416,1.2380858659744263,0.04038492108998262
cx0.75_cy0.75_layoutB,false_hotspot_y_js_0.15,false_hotspot,y,0.15,0.05,5.142229723588939,1.26253080368042,0.03960299412437649
cx0.75_cy0.75_layoutB,false_negative_suppression_x_js_0.05,false_negative_suppression,x,0.05,0.05,4.1806154006565395,1.2720093727111816,0.03930788646111088
cx0.75_cy0.75_layoutB,false_negative_suppression_x_js_0.1,false_negative_suppression,x,0.1,0.05,4.327590796533828,1.2226552963256836,0.040894600587965964
cx0.75_cy0.75_layoutB,false_negative_suppression_x_js_0.15,false_negative_suppression,x,0.15,0.05,4.677366630800417,1.1974529027938843,0.041755295664105484
cx0.75_cy0.75_layoutB,false_negative_suppression_y_js_0.05,false_negative_suppression,y,0.05,0.05,4.234820304411705,1.2720086574554443,0.03930790856409827
cx0.75_cy0.75_layoutB,false_negative_suppression_y_js_0.1,false_negative_suppression,y,0.1,0.05,4.270800470499983,1.2226555347442627,0.04089459261349377
cx0.75_cy0.75_layoutB,false_negative_suppression_y_js_0.15,false_negative_suppression,y,0.15,0.05,4.360637154557148,1.1974530220031738,0.04175529150726673
cx0.75_cy0.75_layoutB,oracle,oracle,,0.0,0.05,4.919862736702023,1.4646656513214111,0.03413748383796012
cx0.75_cy0.75_layoutB,spatial_shift_x_js_0.05,spatial_shift,x,0.05,0.05,4.974533524821783,1.3500131368637085,0.03703667663276064
cx0.75_cy0.75_layoutB,spatial_shift_x_js_0.1,spatial_shift,x,0.1,0.05,5.045739134520053,1.3184691667556763,0.037922767752721694
cx0.75_cy0.75_layoutB,spatial_shift_x_js_0.15,spatial_shift,x,0.15,0.05,5.165382104738925,1.3027750253677368,0.038379612002376544
cx0.75_cy0.75_layoutB,spatial_shift_y_js_0.05,spatial_shift,y,0.05,0.05,4.807057236612534,1.3500125408172607,0.03703669298488988
cx0.75_cy0.75_layoutB,spatial_shift_y_js_0.1,spatial_shift,y,0.1,0.05,4.790660922650166,1.3184703588485718,0.03792273346491104
cx0.75_cy0.75_layoutB,spatial_shift_y_js_0.15,spatial_shift,y,0.15,0.05,4.805552417155664,1.3027751445770264,0.03837960849048403
cx0.75_cy0.75_layoutB,uniform_prior_baseline,uniform_prior_baseline,,,0.05,4.624327569415376,1.0010219812393188,0.04994895310700103
cx0.75_cy0.75_layoutB,diffuse_blur_js_0.05,diffuse_blur,,0.05,0.1,3.89588836579591,1.2657339572906494,0.07900554411454183
cx0.75_cy0.75_layoutB,diffuse_blur_js_0.1,diffuse_blur,,0.1,0.1,3.8574604110798316,1.0816326141357422,0.09245283351584502
cx0.75_cy0.75_layoutB,diffuse_blur_js_0.15,diffuse_blur,,0.15,0.1,3.896993679135012,1.0104198455810547,0.09896876079516603
cx0.75_cy0.75_layoutB,false_hotspot_x_js_0.05,false_hotspot,x,0.05,0.1,4.391156548229895,1.2676246166229248,0.07888770751897334
cx0.75_cy0.75_layoutB,false_hotspot_x_js_0.1,false_hotspot,x,0.1,0.1,4.549748308173143,1.2380859851837158,0.0807698344030292
cx0.75_cy0.75_layoutB,false_hotspot_x_js_0.15,false_hotspot,x,0.15,0.1,4.609305273801607,1.2625324726104736,0.07920588354708623
cx0.75_cy0.75_layoutB,false_hotspot_y_js_0.05,false_hotspot,y,0.05,0.1,3.8223601270045013,1.2676241397857666,0.07888773719385021
cx0.75_cy0.75_layoutB,false_hotspot_y_js_0.1,false_hotspot,y,0.1,0.1,3.8130988179360545,1.2380858659744263,0.08076984217996525
cx0.75_cy0.75_layoutB,false_hotspot_y_js_0.15,false_hotspot,y,0.15,0.1,3.8345105240151702,1.26253080368042,0.07920598824875298
cx0.75_cy0.75_layoutB,false_negative_suppression_x_js_0.05,false_negative_suppression,x,0.05,0.1,3.322744289735199,1.2720093727111816,0.07861577292222176
cx0.75_cy0.75_layoutB,false_negative_suppression_x_js_0.1,false_negative_suppression,x,0.1,0.1,3.1687809358894943,1.2226552963256836,0.08178920117593193
cx0.75_cy0.75_layoutB,false_negative_suppression_x_js_0.15,false_negative_suppression,x,0.15,0.1,3.0443279567957533,1.1974529027938843,0.08351059132821097
cx0.75_cy0.75_layoutB,false_negative_suppression_y_js_0.05,false_negative_suppression,y,0.05,0.1,3.37835439310493,1.2720086574554443,0.07861581712819654
cx0.75_cy0.75_layoutB,false_negative_suppression_y_js_0.1,false_negative_suppression,y,0.1,0.1,3.315099451138191,1.2226555347442627,0.08178918522698754
cx0.75_cy0.75_layoutB,false_negative_suppression_y_js_0.15,false_negative_suppression,y,0.15,0.1,3.290617466139528,1.1974530220031738,0.08351058301453346
cx0.75_cy0.75_layoutB,oracle,oracle,,0.0,0.1,3.78155650036483,1.4646656513214111,0.06827496767592024
cx0.75_cy0.75_layoutB,spatial_shift_x_js_0.05,spatial_shift,x,0.05,0.1,3.8568119446183617,1.3500131368637085,0.07407335326552128
cx0.75_cy0.75_layoutB,spatial_shift_x_js_0.1,spatial_shift,x,0.1,0.1,3.958938277319774,1.3184691667556763,0.07584553550544339
cx0.75_cy0.75_layoutB,spatial_shift_x_js_0.15,spatial_shift,x,0.15,0.1,4.081595442764851,1.3027750253677368,0.07675922400475309
cx0.75_cy0.75_layoutB,spatial_shift_y_js_0.05,spatial_shift,y,0.05,0.1,3.683621879362446,1.3500125408172607,0.07407338596977976
cx0.75_cy0.75_layoutB,spatial_shift_y_js_0.1,spatial_shift,y,0.1,0.1,3.6416675801382574,1.3184703588485718,0.07584546692982208
cx0.75_cy0.75_layoutB,spatial_shift_y_js_0.15,spatial_shift,y,0.15,0.1,3.6370189125737276,1.3027751445770264,0.07675921698096806
cx0.75_cy0.75_layoutB,uniform_prior_baseline,uniform_prior_baseline,,,0.1,3.994932261844465,1.0010219812393188,0.09989790621400206
cx0.75_cy0.75_layoutC,diffuse_blur_js_0.05,diffuse_blur,,0.05,0.05,5.163774122810582,1.2603049278259277,0.039672938584991366
cx0.75_cy0.75_layoutC,diffuse_blur_js_0.1,diffuse_blur,,0.1,0.05,4.592262024980721,1.0780820846557617,0.04637865772156423
cx0.75_cy0.75_layoutC,diffuse_blur_js_0.15,diffuse_blur,,0.15,0.05,4.589640943491354,1.0090969800949097,0.04954925144587916
cx0.75_cy0.75_layoutC,false_hotspot_x_js_0.05,false_hotspot,x,0.05,0.05,5.8600821058450325,1.2668336629867554,0.03946848071760053
cx0.75_cy0.75_layoutC,false_hotspot_x_js_0.1,false_hotspot,x,0.1,0.05,5.902439033263802,1.2386926412582397,0.04036513848117398
cx0.75_cy0.75_layoutC,false_hotspot_x_js_0.15,false_hotspot,x,0.15,0.05,8.571948794678056,1.2650821208953857,0.039523125949018675
cx0.75_cy0.75_layoutC,false_hotspot_y_js_0.05,false_hotspot,y,0.05,0.05,5.0709796155760385,1.2668323516845703,0.0394685215715501
cx0.75_cy0.75_layoutC,false_hotspot_y_js_0.1,false_hotspot,y,0.1,0.05,5.111561633670373,1.2386929988861084,0.040365126827198006
cx0.75_cy0.75_layoutC,false_hotspot_y_js_0.15,false_hotspot,y,0.15,0.05,5.237091596474045,1.2650830745697021,0.03952309615477759
cx0.75_cy0.75_layoutC,false_negative_suppression_x_js_0.05,false_negative_suppression,x,0.05,0.05,4.285380273758571,1.2710424661636353,0.03933778872936804
cx0.75_cy0.75_layoutC,false_negative_suppression_x_js_0.1,false_negative_suppression,x,0.1,0.05,4.326965844503142,1.222412109375,0.040902736169362894
cx0.75_cy0.75_layoutC,false_negative_suppression_x_js_0.15,false_negative_suppression,x,0.15,0.05,4.623847384486245,1.197546124458313,0.04175204526891734
cx0.75_cy0.75_layoutC,false_negative_suppression_y_js_0.05,false_negative_suppression,y,0.05,0.05,4.380102035868502,1.271042823791504,0.03933777766106311
cx0.75_cy0.75_layoutC,false_negative_suppression_y_js_0.1,false_negative_suppression,y,0.1,0.05,4.2954604996197565,1.2224115133285522,0.04090275611349
cx0.75_cy0.75_layoutC,false_negative_suppression_y_js_0.15,false_negative_suppression,y,0.15,0.05,4.351647217004364,1.1975458860397339,0.041752053581303045
cx0.75_cy0.75_layoutC,oracle,oracle,,0.0,0.05,5.3462770108915425,1.4601945877075195,0.03424201159278309
cx0.75_cy0.75_layoutC,spatial_shift_x_js_0.05,spatial_shift,x,0.05,0.05,5.480125734157157,1.3448816537857056,0.03717799247186923
cx0.75_cy0.75_layoutC,spatial_shift_x_js_0.1,spatial_shift,x,0.1,0.05,5.589891607089231,1.3127875328063965,0.038086894299729585
cx0.75_cy0.75_layoutC,spatial_shift_x_js_0.15,spatial_shift,x,0.15,0.05,5.792260040481908,1.2953307628631592,0.03860017953212316
cx0.75_cy0.75_layoutC,spatial_shift_y_js_0.05,spatial_shift,y,0.05,0.05,5.082748393566521,1.3448816537857056,0.03717799247186923
cx0.75_cy0.75_layoutC,spatial_shift_y_js_0.1,spatial_shift,y,0.1,0.05,4.999686953042682,1.3127877712249756,0.0380868873826761
cx0.75_cy0.75_layoutC,spatial_shift_y_js_0.15,spatial_shift,y,0.15,0.05,4.950599215487307,1.295331358909607,0.03860016177025881
cx0.75_cy0.75_layoutC,uniform_prior_baseline,uniform_prior_baseline,,,0.05,4.68142321799549,1.0006067752838135,0.049969679633458344
cx0.75_cy0.75_layoutC,diffuse_blur_js_0.05,diffuse_blur,,0.05,0.1,4.0070433216874,1.2603049278259277,0.07934587716998273
cx0.75_cy0.75_layoutC,diffuse_blur_js_0.1,diffuse_blur,,0.1,0.1,3.844934996248427,1.0780820846557617,0.09275731544312846
cx0.75_cy0.75_layoutC,diffuse_blur_js_0.15,diffuse_blur,,0.15,0.1,3.877923285231809,1.0090969800949097,0.09909850289175832
cx0.75_cy0.75_layoutC,false_hotspot_x_js_0.05,false_hotspot,x,0.05,0.1,4.668254586538804,1.2668336629867554,0.07893696143520106
cx0.75_cy0.75_layoutC,false_hotspot_x_js_0.1,false_hotspot,x,0.1,0.1,4.808294707178751,1.2386926412582397,0.08073027696234795
cx0.75_cy0.75_layoutC,false_hotspot_x_js_0.15,false_hotspot,x,0.15,0.1,4.970113292940343,1.2650821208953857,0.07904625189803735
cx0.75_cy0.75_layoutC,false_hotspot_y_js_0.05,false_hotspot,y,0.05,0.1,3.83356149990075,1.2668323516845703,0.0789370431431002
cx0.75_cy0.75_layoutC,false_hotspot_y_js_0.1,false_hotspot,y,0.1,0.1,3.816849298376306,1.2386929988861084,0.08073025365439601
cx0.75_cy0.75_layoutC,false_hotspot_y_js_0.15,false_hotspot,y,0.15,0.1,3.841917250698505,1.2650830745697021,0.07904619230955517
cx0.75_cy0.75_layoutC,false_negative_suppression_x_js_0.05,false_negative_suppression,x,0.05,0.1,3.4622415297637548,1.2710424661636353,0.07867557745873607
cx0.75_cy0.75_layoutC,false_negative_suppression_x_js_0.1,false_negative_suppression,x,0.1,0.1,3.2900407705838006,1.222412109375,0.08180547233872579
cx0.75_cy0.75_layoutC,false_negative_suppression_x_js_0.15,false_negative_suppression,x,0.15,0.1,3.161212757913563,1.197546124458313,0.08350409053783468
cx0.75_cy0.75_layoutC,false_negative_suppression_y_js_0.05,false_negative_suppression,y,0.05,0.1,3.598659721587828,1.271042823791504,0.07867555532212622
cx0.75_cy0.75_layoutC,false_negative_suppression_y_js_0.1,false_negative_suppression,y,0.1,0.1,3.5251863988591174,1.2224115133285522,0.08180551222698
cx0.75_cy0.75_layoutC,false_negative_suppression_y_js_0.15,false_negative_suppression,y,0.15,0.1,3.507892486910796,1.1975458860397339,0.08350410716260609
cx0.75_cy0.75_layoutC,oracle,oracle,,0.0,0.1,4.149383695387661,1.4601945877075195,0.06848402318556618
cx0.75_cy0.75_layoutC,spatial_shift_x_js_0.05,spatial_shift,x,0.05,0.1,4.313660237096907,1.3448816537857056,0.07435598494373846
cx0.75_cy0.75_layoutC,spatial_shift_x_js_0.1,spatial_shift,x,0.1,0.1,4.447373054273355,1.3127875328063965,0.07617378859945917
cx0.75_cy0.75_layoutC,spatial_shift_x_js_0.15,spatial_shift,x,0.15,0.1,4.613910117219418,1.2953307628631592,0.07720035906424633
cx0.75_cy0.75_layoutC,spatial_shift_y_js_0.05,spatial_shift,y,0.05,0.1,3.90933285866071,1.3448816537857056,0.07435598494373846
cx0.75_cy0.75_layoutC,spatial_shift_y_js_0.1,spatial_shift,y,0.1,0.1,3.8249059673387142,1.3127877712249756,0.0761737747653522
cx0.75_cy0.75_layoutC,spatial_shift_y_js_0.15,spatial_shift,y,0.15,0.1,3.7754780053123533,1.295331358909607,0.07720032354051762
cx0.75_cy0.75_layoutC,uniform_prior_baseline,uniform_prior_baseline,,,0.1,3.9666641514126657,1.0006067752838135,0.09993935926691669
