gamma,family,target_js_nats,rule,n,oracle_mass,family_mass,net_shortfall
0.05,spatial_shift,0.05,ideal,24,0.808608858509153,0.7764940692515839,0.032114789257569054
0.05,spatial_shift,0.1,ideal,24,0.808608858509153,0.7362491203820681,0.07235973812708485
0.05,spatial_shift,0.15,ideal,24,0.808608858509153,0.7147821095358872,0.09382674897326582
0.05,diffuse_blur,0.05,ideal,12,0.808608858509153,0.8047580788519757,0.0038507796571772834
0.05,diffuse_blur,0.1,ideal,12,0.808608858509153,0.7187272623933123,0.08988159611584068
0.05,diffuse_blur,0.15,ideal,12,0.808608858509153,0.6320021268595842,0.17660673164956875
0.05,false_hotspot,0.05,ideal,24,0.808608858509153,0.778515194349254,0.030093664159899003
0.05,false_hotspot,0.1,ideal,24,0.808608858509153,0.7564107077450234,0.05219815076412959
0.05,false_hotspot,0.15,ideal,24,0.808608858509153,0.6915362360696595,0.11707262243949346
0.05,false_negative_suppression,0.05,ideal,24,0.808608858509153,0.7796979181224112,0.0289109403867418
0.05,false_negative_suppression,0.1,ideal,23,0.808608858509153,0.7744775246393034,0.03413133386984957
0.05,false_negative_suppression,0.15,ideal,24,0.808608858509153,0.7592481562796621,0.04936070222949085
0.05,spatial_shift,0.05,dwell_0.1,24,0.7891726395217821,0.7593892148747238,0.0297834246470583
0.05,spatial_shift,0.1,dwell_0.1,24,0.7891726395217821,0.7154752297893294,0.07369740973245265
0.05,spatial_shift,0.15,dwell_0.1,24,0.7891726395217821,0.6933408642894769,0.09583177523230513
0.05,diffuse_blur,0.05,dwell_0.1,12,0.7891726395217821,0.7823038444420239,0.006868795079758128
0.05,diffuse_blur,0.1,dwell_0.1,12,0.7891726395217821,0.6940759423324567,0.09509669718932534
0.05,diffuse_blur,0.15,dwell_0.1,12,0.7891726395217821,0.6034365867232014,0.18573605279858063
0.05,false_hotspot,0.05,dwell_0.1,24,0.7891726395217821,0.7542819266978927,0.034890712823889336
0.05,false_hotspot,0.1,dwell_0.1,24,0.7891726395217821,0.7320549383585758,0.05711770116320625
0.05,false_hotspot,0.15,dwell_0.1,24,0.7891726395217821,0.6681227860869235,0.12104985343485852
0.05,false_negative_suppression,0.05,dwell_0.1,24,0.7891726395217821,0.7553135074193049,0.03385913210247715
0.05,false_negative_suppression,0.1,dwell_0.1,23,0.7891726395217821,0.7524605073083656,0.036712132213416515
0.05,false_negative_suppression,0.15,dwell_0.1,24,0.7891726395217821,0.7360033967540772,0.05316924276770485
0.05,spatial_shift,0.05,dwell_0.25,24,0.6851895007142922,0.6627259035127492,0.022463597201543006
0.05,spatial_shift,0.1,dwell_0.25,24,0.6851895007142922,0.620161723795934,0.06502777691835815
0.05,spatial_shift,0.15,dwell_0.25,24,0.6851895007142922,0.5938421076136704,0.09134739310062179
0.05,diffuse_blur,0.05,dwell_0.25,12,0.6851895007142922,0.6921707544261317,-0.006981253711839552
0.05,diffuse_blur,0.1,dwell_0.25,12,0.6851895007142922,0.57607023449863,0.10911926621566215
0.05,diffuse_blur,0.15,dwell_0.25,12,0.6851895007142922,0.48573849406374486,0.19945100665054732
0.05,false_hotspot,0.05,dwell_0.25,24,0.6851895007142922,0.6450720452796583,0.04011745543463385
0.05,false_hotspot,0.1,dwell_0.25,24,0.6851895007142922,0.6276243176631243,0.05756518305116787
0.05,false_hotspot,0.15,dwell_0.25,24,0.6851895007142922,0.5499445362222669,0.13524496449202528
0.05,false_negative_suppression,0.05,dwell_0.25,24,0.6851895007142922,0.627978446608235,0.0572110541060572
0.05,false_negative_suppression,0.1,dwell_0.25,23,0.6851895007142922,0.6454378740279789,0.03975162668631327
0.05,false_negative_suppression,0.15,dwell_0.25,24,0.6851895007142922,0.6230912711324501,0.06209822958184208
0.05,spatial_shift,0.05,dwell_0.5,24,0.3859006082216889,0.34131650139535213,0.04458410682633679
0.05,spatial_shift,0.1,dwell_0.5,24,0.3859006082216889,0.3239106222234689,0.06198998599822003
0.05,spatial_shift,0.15,dwell_0.5,24,0.3859006082216889,0.28311040465539533,0.10279020356629359
0.05,diffuse_blur,0.05,dwell_0.5,12,0.3859006082216889,0.39758133463812856,-0.011680726416439635
0.05,diffuse_blur,0.1,dwell_0.5,12,0.3859006082216889,0.23245334287817665,0.15344726534351227
0.05,diffuse_blur,0.15,dwell_0.5,12,0.3859006082216889,0.20164516759957696,0.18425544062211197
0.05,false_hotspot,0.05,dwell_0.5,24,0.3859006082216889,0.30647506654602125,0.07942554167566768
0.05,false_hotspot,0.1,dwell_0.5,24,0.3859006082216889,0.290164231737952,0.0957363764837369
0.05,false_hotspot,0.15,dwell_0.5,24,0.3859006082216889,0.22879166843556678,0.15710893978612214
0.05,false_negative_suppression,0.05,dwell_0.5,24,0.3859006082216889,0.28480638744415654,0.10109422077753238
0.05,false_negative_suppression,0.1,dwell_0.5,23,0.3859006082216889,0.306576024353766,0.0793245838679229
0.05,false_negative_suppression,0.15,dwell_0.5,24,0.3859006082216889,0.25225563915802446,0.13364496906366446
0.05,spatial_shift,0.05,range_1.0,24,0.808608858509153,0.7764940692515839,0.032114789257569054
0.05,spatial_shift,0.1,range_1.0,24,0.808608858509153,0.7362491203820681,0.07235973812708485
0.05,spatial_shift,0.15,range_1.0,24,0.808608858509153,0.7147821095358872,0.09382674897326582
0.05,diffuse_blur,0.05,range_1.0,12,0.808608858509153,0.8047580788519757,0.0038507796571772834
0.05,diffuse_blur,0.1,range_1.0,12,0.808608858509153,0.7187272623933123,0.08988159611584068
0.05,diffuse_blur,0.15,range_1.0,12,0.808608858509153,0.6320021268595842,0.17660673164956875
0.05,false_hotspot,0.05,range_1.0,24,0.808608858509153,0.778515194349254,0.030093664159899003
0.05,false_hotspot,0.1,range_1.0,24,0.808608858509153,0.7564107077450234,0.05219815076412959
0.05,false_hotspot,0.15,range_1.0,24,0.808608858509153,0.6915362360696595,0.11707262243949346
0.05,false_negative_suppression,0.05,range_1.0,24,0.808608858509153,0.7796979181224112,0.0289109403867418
0.05,false_negative_suppression,0.1,range_1.0,23,0.808608858509153,0.7744775246393034,0.03413133386984957
0.05,false_negative_suppression,0.15,range_1.0,24,0.808608858509153,0.7592481562796621,0.04936070222949085
0.05,spatial_shift,0.05,range_0.75,24,0.6892243560090803,0.6768044484101955,0.012419907598884783
0.05,spatial_shift,0.1,range_0.75,24,0.6892243560090803,0.6294114834605994,0.05981287254848089
0.05,spatial_shift,0.15,range_0.75,24,0.6892243560090803,0.6058250972650773,0.083399258744003
0.05,diffuse_blur,0.05,range_0.75,12,0.6892243560090803,0.7188306887391689,-0.029606332730088614
0.05,diffuse_blur,0.1,range_0.75,12,0.6892243560090803,0.6531257713683619,0.036098584640718356
0.05,diffuse_blur,0.15,range_0.75,12,0.6892243560090803,0.5449580625912738,0.1442662934178065
0.05,false_hotspot,0.05,range_0.75,24,0.6892243560090803,0.6685408893552749,0.020683466653805382
0.05,false_hotspot,0.1,range_0.75,24,0.6892243560090803,0.6571294393238776,0.0320949166852027
0.05,false_hotspot,0.15,range_0.75,24,0.6892243560090803,0.612778091460051,0.07644626454902925
0.05,false_negative_suppression,0.05,range_0.75,24,0.6892243560090803,0.683812407182898,0.0054119488261822335
0.05,false_negative_suppression,0.1,range_0.75,23,0.6892243560090803,0.6913354526904394,-0.0021110966813591148
0.05,false_negative_suppression,0.15,range_0.75,24,0.6892243560090803,0.6694137934716878,0.01981056253739244
0.05,spatial_shift,0.05,range_0.5,24,0.5821103926662984,0.5608989511872312,0.021211441479067172
0.05,spatial_shift,0.1,range_0.5,24,0.5821103926662984,0.5054788851386873,0.07663150752761105
0.05,spatial_shift,0.15,range_0.5,24,0.5821103926662984,0.4631597662732691,0.11895062639302928
0.05,diffuse_blur,0.05,range_0.5,12,0.5821103926662984,0.5821977666779704,-8.737401167202563e-05
0.05,diffuse_blur,0.1,range_0.5,12,0.5821103926662984,0.5233247271918375,0.058785665474460846
0.05,diffuse_blur,0.15,range_0.5,12,0.5821103926662984,0.4028374691074164,0.17927292355888197
0.05,false_hotspot,0.05,range_0.5,24,0.5821103926662984,0.5377173016179347,0.04439309104836364
0.05,false_hotspot,0.1,range_0.5,24,0.5821103926662984,0.5225062293872461,0.05960416327905227
0.05,false_hotspot,0.15,range_0.5,24,0.5821103926662984,0.47878341340195824,0.10332697926434015
0.05,false_negative_suppression,0.05,range_0.5,24,0.5821103926662984,0.5725810125641336,0.009529380102164753
0.05,false_negative_suppression,0.1,range_0.5,23,0.5821103926662984,0.5648460120271135,0.017264380639184895
0.05,false_negative_suppression,0.15,range_0.5,24,0.5821103926662984,0.5253248009375985,0.0567855917286999
0.1,spatial_shift,0.05,ideal,23,0.7748874737264019,0.7221596435607696,0.05272783016563232
0.1,spatial_shift,0.1,ideal,22,0.7748874737264019,0.6607628318950322,0.11412464183136972
0.1,spatial_shift,0.15,ideal,23,0.7748874737264019,0.5868582439375379,0.18802922978886394
0.1,diffuse_blur,0.05,ideal,12,0.7748874737264019,0.7318804687502588,0.04300700497614307
0.1,diffuse_blur,0.1,ideal,12,0.7748874737264019,0.6338177446257912,0.14106972910061066
0.1,diffuse_blur,0.15,ideal,12,0.7748874737264019,0.5344792551879463,0.24040821853845562
0.1,false_hotspot,0.05,ideal,24,0.7748874737264019,0.7152688290662955,0.05961864466010636
0.1,false_hotspot,0.1,ideal,24,0.7748874737264019,0.6617328315774639,0.113154642148938
0.1,false_hotspot,0.15,ideal,24,0.7748874737264019,0.5946781184373893,0.1802093552890126
0.1,false_negative_suppression,0.05,ideal,24,0.7748874737264019,0.7221851224833363,0.05270235124306555
0.1,false_negative_suppression,0.1,ideal,24,0.7748874737264019,0.6963496266565636,0.07853784706983824
0.1,false_negative_suppression,0.15,ideal,23,0.7748874737264019,0.6850482069225222,0.08983926680387966
0.1,spatial_shift,0.05,dwell_0.1,23,0.7382377601052447,0.6945166024217475,0.04372115768349716
0.1,spatial_shift,0.1,dwell_0.1,22,0.7382377601052447,0.6308011036743223,0.10743665643092237
0.1,spatial_shift,0.15,dwell_0.1,23,0.7382377601052447,0.5613665636405396,0.17687119646470506
0.1,diffuse_blur,0.05,dwell_0.1,12,0.7382377601052447,0.708290041403655,0.029947718701589632
0.1,diffuse_blur,0.1,dwell_0.1,12,0.7382377601052447,0.6137190335570422,0.12451872654820251
0.1,diffuse_blur,0.15,dwell_0.1,12,0.7382377601052447,0.5155744684126148,0.22266329169262988
0.1,false_hotspot,0.05,dwell_0.1,24,0.7382377601052447,0.6874659797377206,0.050771780367524055
0.1,false_hotspot,0.1,dwell_0.1,24,0.7382377601052447,0.6345508675195298,0.10368689258571484
0.1,false_hotspot,0.15,dwell_0.1,24,0.7382377601052447,0.5640758069050585,0.17416195320018613
0.1,false_negative_suppression,0.05,dwell_0.1,24,0.7382377601052447,0.6959251021516888,0.04231265795355588
0.1,false_negative_suppression,0.1,dwell_0.1,24,0.7382377601052447,0.6695598079625101,0.06867795214273453
0.1,false_negative_suppression,0.15,dwell_0.1,23,0.7382377601052447,0.6609033603261322,0.0773343997791125
0.1,spatial_shift,0.05,dwell_0.25,23,0.5874776330391849,0.5734656011417887,0.014012031897396193
0.1,spatial_shift,0.1,dwell_0.25,22,0.5874776330391849,0.5144634173633021,0.07301421567588273
0.1,spatial_shift,0.15,dwell_0.25,23,0.5874776330391849,0.44668652928974373,0.14079110374944115
0.1,diffuse_blur,0.05,dwell_0.25,12,0.5874776330391849,0.6020715274220724,-0.014593894382887496
0.1,diffuse_blur,0.1,dwell_0.25,12,0.5874776330391849,0.5206304651560639,0.06684716788312095
0.1,diffuse_blur,0.15,dwell_0.25,12,0.5874776330391849,0.42503532115750753,0.16244231188167735
0.1,false_hotspot,0.05,dwell_0.25,24,0.5874776330391849,0.5771537372575245,0.010323895781660375
0.1,false_hotspot,0.1,dwell_0.25,24,0.5874776330391849,0.5277383998170838,0.05973923322210106
0.1,false_hotspot,0.15,dwell_0.25,24,0.5874776330391849,0.4554663766541685,0.13201125638501637
0.1,false_negative_suppression,0.05,dwell_0.25,24,0.5874776330391849,0.588161084299126,-0.0006834512599410703
0.1,false_negative_suppression,0.1,dwell_0.25,24,0.5874776330391849,0.5612787205763948,0.026198912462790047
0.1,false_negative_suppression,0.15,dwell_0.25,23,0.5874776330391849,0.5555990500998834,0.03187858293930146
0.1,spatial_shift,0.05,dwell_0.5,23,0.27868501048975536,0.2606794874743471,0.018005523015408254
0.1,spatial_shift,0.1,dwell_0.5,22,0.27868501048975536,0.22467749552721472,0.05400751496254064
0.1,spatial_shift,0.15,dwell_0.5,23,0.27868501048975536,0.1831020272976893,0.09558298319206607
0.1,diffuse_blur,0.05,dwell_0.5,12,0.27868501048975536,0.27291198343991874,0.005773027049836621
0.1,diffuse_blur,0.1,dwell_0.5,12,0.27868501048975536,0.20429045498184706,0.0743945555079083
0.1,diffuse_blur,0.15,dwell_0.5,12,0.27868501048975536,0.15877220515688564,0.11991280533286972
0.1,false_hotspot,0.05,dwell_0.5,24,0.27868501048975536,0.2708608357449965,0.007824174744758883
0.1,false_hotspot,0.1,dwell_0.5,24,0.27868501048975536,0.21683950340824565,0.06184550708150971
0.1,false_hotspot,0.15,dwell_0.5,24,0.27868501048975536,0.18018979093827922,0.09849521955147614
0.1,false_negative_suppression,0.05,dwell_0.5,24,0.27868501048975536,0.25880920163666477,0.019875808853090593
0.1,false_negative_suppression,0.1,dwell_0.5,24,0.27868501048975536,0.23426090486677,0.04442410562298535
0.1,false_negative_suppression,0.15,dwell_0.5,23,0.27868501048975536,0.2293927585591885,0.049292251930566855
0.1,spatial_shift,0.05,range_1.0,23,0.7748874737264019,0.7221596435607696,0.05272783016563232
0.1,spatial_shift,0.1,range_1.0,22,0.7748874737264019,0.6607628318950322,0.11412464183136972
0.1,spatial_shift,0.15,range_1.0,23,0.7748874737264019,0.5868582439375379,0.18802922978886394
0.1,diffuse_blur,0.05,range_1.0,12,0.7748874737264019,0.7318804687502588,0.04300700497614307
0.1,diffuse_blur,0.1,range_1.0,12,0.7748874737264019,0.6338177446257912,0.14106972910061066
0.1,diffuse_blur,0.15,range_1.0,12,0.7748874737264019,0.5344792551879463,0.24040821853845562
0.1,false_hotspot,0.05,range_1.0,24,0.7748874737264019,0.7152688290662955,0.05961864466010636
0.1,false_hotspot,0.1,range_1.0,24,0.7748874737264019,0.6617328315774639,0.113154642148938
0.1,false_hotspot,0.15,range_1.0,24,0.7748874737264019,0.5946781184373893,0.1802093552890126
0.1,false_negative_suppression,0.05,range_1.0,24,0.7748874737264019,0.7221851224833363,0.05270235124306555
0.1,false_negative_suppression,0.1,range_1.0,24,0.7748874737264019,0.6963496266565636,0.07853784706983824
0.1,false_negative_suppression,0.15,range_1.0,23,0.7748874737264019,0.6850482069225222,0.08983926680387966
0.1,spatial_shift,0.05,range_0.75,23,0.6510467763005163,0.6105814734853581,0.040465302815158255
0.1,spatial_shift,0.1,range_0.75,22,0.6510467763005163,0.5546875121699834,0.09635926413053297
0.1,spatial_shift,0.15,range_0.75,23,0.6510467763005163,0.48507870179411133,0.165968074506405
0.1,diffuse_blur,0.05,range_0.75,12,0.6510467763005163,0.6556703685876054,-0.004623592287089084
0.1,diffuse_blur,0.1,range_0.75,12,0.6510467763005163,0.5575682910173531,0.09347848528316327
0.1,diffuse_blur,0.15,range_0.75,12,0.6510467763005163,0.4462942914332137,0.20475248486730263
0.1,false_hotspot,0.05,range_0.75,24,0.6510467763005163,0.6249372425952157,0.02610953370530067
0.1,false_hotspot,0.1,range_0.75,24,0.6510467763005163,0.5788330902092872,0.07221368609122913
0.1,false_hotspot,0.15,range_0.75,24,0.6510467763005163,0.5117846548618991,0.13926212143861727
0.1,false_negative_suppression,0.05,range_0.75,24,0.6510467763005163,0.6285654157764616,0.022481360524054694
0.1,false_negative_suppression,0.1,range_0.75,24,0.6510467763005163,0.5929816967822816,0.0580650795182347
0.1,false_negative_suppression,0.15,range_0.75,23,0.6510467763005163,0.575929047075464,0.07511772922505233
0.1,spatial_shift,0.05,range_0.5,23,0.5374932501980972,0.480053969257645,0.05743928094045225
0.1,spatial_shift,0.1,range_0.5,22,0.5374932501980972,0.4225136955650026,0.11497955463309462
0.1,spatial_shift,0.15,range_0.5,23,0.5374932501980972,0.3606130746745468,0.17688017552355045
0.1,diffuse_blur,0.05,range_0.5,12,0.5374932501980972,0.5443182634281878,-0.006825013230090549
0.1,diffuse_blur,0.1,range_0.5,12,0.5374932501980972,0.4329727224857298,0.10452052771236742
0.1,diffuse_blur,0.15,range_0.5,12,0.5374932501980972,0.31958929795904717,0.21790395223905007
0.1,false_hotspot,0.05,range_0.5,24,0.5374932501980972,0.4992754896461087,0.038217760551988555
0.1,false_hotspot,0.1,range_0.5,24,0.5374932501980972,0.4463982875948472,0.09109496260325006
0.1,false_hotspot,0.15,range_0.5,24,0.5374932501980972,0.3861804145234524,0.15131283567464482
0.1,false_negative_suppression,0.05,range_0.5,24,0.5374932501980972,0.4915732456880287,0.04592000451006856
0.1,false_negative_suppression,0.1,range_0.5,24,0.5374932501980972,0.447962695747736,0.08953055445036123
0.1,false_negative_suppression,0.15,range_0.5,23,0.5374932501980972,0.42289483531883115,0.11459841487926609
