gamma,js,rule,order,same_as_ideal,fn_rank_base,fn_rank_now,fn_moved
0.05,0.05,dwell_0.1,false_hotspot>false_negative_suppression>spatial_shift>diffuse_blur,False,2,1,True
0.05,0.05,dwell_0.25,false_negative_suppression>false_hotspot>spatial_shift>diffuse_blur,False,2,0,True
0.05,0.05,dwell_0.5,false_negative_suppression>false_hotspot>spatial_shift>diffuse_blur,False,2,0,True
0.05,0.05,range_1.0,spatial_shift>false_hotspot>false_negative_suppression>diffuse_blur,True,2,2,False
0.05,0.05,range_0.75,false_hotspot>spatial_shift>false_negative_suppression>diffuse_blur,False,2,2,False
0.05,0.05,range_0.5,false_hotspot>spatial_shift>false_negative_suppression>diffuse_blur,False,2,2,False
0.05,0.1,dwell_0.1,diffuse_blur>spatial_shift>false_hotspot>false_negative_suppression,True,3,3,False
0.05,0.1,dwell_0.25,diffuse_blur>spatial_shift>false_hotspot>false_negative_suppression,True,3,3,False
0.05,0.1,dwell_0.5,diffuse_blur>false_hotspot>false_negative_suppression>spatial_shift,False,3,2,True
0.05,0.1,range_1.0,diffuse_blur>spatial_shift>false_hotspot>false_negative_suppression,True,3,3,False
0.05,0.1,range_0.75,spatial_shift>diffuse_blur>false_hotspot>false_negative_suppression,False,3,3,False
0.05,0.1,range_0.5,spatial_shift>false_hotspot>diffuse_blur>false_negative_suppression,False,3,3,False
0.05,0.15,dwell_0.1,diffuse_blur>false_hotspot>spatial_shift>false_negative_suppression,True,3,3,False
0.05,0.15,dwell_0.25,diffuse_blur>false_hotspot>spatial_shift>false_negative_suppression,True,3,3,False
0.05,0.15,dwell_0.5,diffuse_blur>false_hotspot>false_negative_suppression>spatial_shift,False,3,2,True
0.05,0.15,range_1.0,diffuse_blur>false_hotspot>spatial_shift>false_negative_suppression,True,3,3,False
0.05,0.15,range_0.75,diffuse_blur>spatial_shift>false_hotspot>false_negative_suppression,False,3,3,False
0.05,0.15,range_0.5,diffuse_blur>spatial_shift>false_hotspot>false_negative_suppression,False,3,3,False
0.1,0.05,dwell_0.1,false_hotspot>spatial_shift>false_negative_suppression>diffuse_blur,True,2,2,False
0.1,0.05,dwell_0.25,spatial_shift>false_hotspot>false_negative_suppression>diffuse_blur,False,2,2,False
0.1,0.05,dwell_0.5,false_negative_suppression>spatial_shift>false_hotspot>diffuse_blur,False,2,0,True
0.1,0.05,range_1.0,false_hotspot>spatial_shift>false_negative_suppression>diffuse_blur,True,2,2,False
0.1,0.05,range_0.75,spatial_shift>false_hotspot>false_negative_suppression>diffuse_blur,False,2,2,False
0.1,0.05,range_0.5,spatial_shift>false_negative_suppression>false_hotspot>diffuse_blur,False,2,1,True
0.1,0.1,dwell_0.1,diffuse_blur>spatial_shift>false_hotspot>false_negative_suppression,True,3,3,False
0.1,0.1,dwell_0.25,spatial_shift>diffuse_blur>false_hotspot>false_negative_suppression,False,3,3,False
0.1,0.1,dwell_0.5,diffuse_blur>false_hotspot>spatial_shift>false_negative_suppression,False,3,3,False
0.1,0.1,range_1.0,diffuse_blur>spatial_shift>false_hotspot>false_negative_suppression,True,3,3,False
0.1,0.1,range_0.75,spatial_shift>diffuse_blur>false_hotspot>false_negative_suppression,False,3,3,False
0.1,0.1,range_0.5,spatial_shift>diffuse_blur>false_hotspot>false_negative_suppression,False,3,3,False
0.1,0.15,dwell_0.1,diffuse_blur>spatial_shift>false_hotspot>false_negative_suppression,True,3,3,False
0.1,0.15,dwell_0.25,diffuse_blur>spatial_shift>false_hotspot>false_negative_suppression,True,3,3,False
0.1,0.15,dwell_0.5,diffuse_blur>false_hotspot>spatial_shift>false_negative_suppression,False,3,3,False
0.1,0.15,range_1.0,diffuse_blur>spatial_shift>false_hotspot>false_negative_suppression,True,3,3,False
0.1,0.15,range_0.75,diffuse_blur>spatial_shift>false_hotspot>false_negative_suppression,True,3,3,False
0.1,0.15,range_0.5,diffuse_blur>spatial_shift>false_hotspot>false_negative_suppression,True,3,3,False
