scene_id,prior_id,phi_norm2_lambda
cx0.25_cy0.25_layoutA,oracle,1.446302056312561
cx0.25_cy0.25_layoutA,spatial_shift_x_js_0.05,1.3293229341506958
cx0.25_cy0.25_layoutA,spatial_shift_x_js_0.1,1.2976481914520264
cx0.25_cy0.25_layoutA,spatial_shift_x_js_0.15,1.2821635007858276
cx0.25_cy0.25_layoutA,spatial_shift_y_js_0.05,1.329323649406433
cx0.25_cy0.25_layoutA,spatial_shift_y_js_0.1,1.2976481914520264
cx0.25_cy0.25_layoutA,spatial_shift_y_js_0.15,1.2821638584136963
cx0.25_cy0.25_layoutA,false_hotspot_x_js_0.05,1.2566585540771484
cx0.25_cy0.25_layoutA,false_hotspot_x_js_0.1,1.2300515174865723
cx0.25_cy0.25_layoutA,false_hotspot_x_js_0.15,1.2559995651245117
cx0.25_cy0.25_layoutA,false_hotspot_y_js_0.05,1.2566585540771484
cx0.25_cy0.25_layoutA,false_hotspot_y_js_0.1,1.23005211353302
cx0.25_cy0.25_layoutA,false_hotspot_y_js_0.15,1.2559973001480103
cx0.25_cy0.25_layoutA,false_negative_suppression_x_js_0.05,1.2556393146514893
cx0.25_cy0.25_layoutA,false_negative_suppression_x_js_0.1,1.2068099975585938
cx0.25_cy0.25_layoutA,false_negative_suppression_x_js_0.15,1.181808590888977
cx0.25_cy0.25_layoutA,false_negative_suppression_y_js_0.05,1.2556391954421997
cx0.25_cy0.25_layoutA,false_negative_suppression_y_js_0.1,1.2068098783493042
cx0.25_cy0.25_layoutA,false_negative_suppression_y_js_0.15,1.1818076372146606
cx0.25_cy0.25_layoutA,diffuse_blur_js_0.05,1.2522293329238892
cx0.25_cy0.25_layoutA,diffuse_blur_js_0.1,1.0766047239303589
cx0.25_cy0.25_layoutA,diffuse_blur_js_0.15,1.008299469947815
cx0.25_cy0.25_layoutA,uniform_prior_baseline,1.0
cx0.25_cy0.25_layoutB,oracle,1.4646629095077515
cx0.25_cy0.25_layoutB,spatial_shift_x_js_0.05,1.3500083684921265
cx0.25_cy0.25_layoutB,spatial_shift_x_js_0.1,1.3184700012207031
cx0.25_cy0.25_layoutB,spatial_shift_x_js_0.15,1.302773118019104
cx0.25_cy0.25_layoutB,spatial_shift_y_js_0.05,1.3500093221664429
cx0.25_cy0.25_layoutB,spatial_shift_y_js_0.1,1.3184703588485718
cx0.25_cy0.25_layoutB,spatial_shift_y_js_0.15,1.3027743101119995
cx0.25_cy0.25_layoutB,false_hotspot_x_js_0.05,1.2676218748092651
cx0.25_cy0.25_layoutB,false_hotspot_x_js_0.1,1.2380834817886353
cx0.25_cy0.25_layoutB,false_hotspot_x_js_0.15,1.2625303268432617
cx0.25_cy0.25_layoutB,false_hotspot_y_js_0.05,1.267622709274292
cx0.25_cy0.25_layoutB,false_hotspot_y_js_0.1,1.2380852699279785
cx0.25_cy0.25_layoutB,false_hotspot_y_js_0.15,1.262532353401184
cx0.25_cy0.25_layoutB,false_negative_suppression_x_js_0.05,1.2720048427581787
cx0.25_cy0.25_layoutB,false_negative_suppression_x_js_0.1,1.222654104232788
cx0.25_cy0.25_layoutB,false_negative_suppression_x_js_0.15,1.1974518299102783
cx0.25_cy0.25_layoutB,false_negative_suppression_y_js_0.05,1.2720049619674683
cx0.25_cy0.25_layoutB,false_negative_suppression_y_js_0.1,1.2226543426513672
cx0.25_cy0.25_layoutB,false_negative_suppression_y_js_0.15,1.1974512338638306
cx0.25_cy0.25_layoutB,diffuse_blur_js_0.05,1.2657347917556763
cx0.25_cy0.25_layoutB,diffuse_blur_js_0.1,1.081632375717163
cx0.25_cy0.25_layoutB,diffuse_blur_js_0.15,1.0104197263717651
cx0.25_cy0.25_layoutB,uniform_prior_baseline,1.0010219812393188
cx0.25_cy0.25_layoutC,oracle,1.4602031707763672
cx0.25_cy0.25_layoutC,spatial_shift_x_js_0.05,1.3448808193206787
cx0.25_cy0.25_layoutC,spatial_shift_x_js_0.1,1.3127877712249756
cx0.25_cy0.25_layoutC,spatial_shift_x_js_0.15,1.2953330278396606
cx0.25_cy0.25_layoutC,spatial_shift_y_js_0.05,1.344880223274231
cx0.25_cy0.25_layoutC,spatial_shift_y_js_0.1,1.3127868175506592
cx0.25_cy0.25_layoutC,spatial_shift_y_js_0.15,1.2953318357467651
cx0.25_cy0.25_layoutC,false_hotspot_x_js_0.05,1.266833782196045
cx0.25_cy0.25_layoutC,false_hotspot_x_js_0.1,1.2386915683746338
cx0.25_cy0.25_layoutC,false_hotspot_x_js_0.15,1.265085220336914
cx0.25_cy0.25_layoutC,false_hotspot_y_js_0.05,1.2668333053588867
cx0.25_cy0.25_layoutC,false_hotspot_y_js_0.1,1.2386916875839233
cx0.25_cy0.25_layoutC,false_hotspot_y_js_0.15,1.265082597732544
cx0.25_cy0.25_layoutC,false_negative_suppression_x_js_0.05,1.2710387706756592
cx0.25_cy0.25_layoutC,false_negative_suppression_x_js_0.1,1.222413182258606
cx0.25_cy0.25_layoutC,false_negative_suppression_x_js_0.15,1.1975468397140503
cx0.25_cy0.25_layoutC,false_negative_suppression_y_js_0.05,1.2710388898849487
cx0.25_cy0.25_layoutC,false_negative_suppression_y_js_0.1,1.2224136590957642
cx0.25_cy0.25_layoutC,false_negative_suppression_y_js_0.15,1.1975469589233398
cx0.25_cy0.25_layoutC,diffuse_blur_js_0.05,1.2603051662445068
cx0.25_cy0.25_layoutC,diffuse_blur_js_0.1,1.0780818462371826
cx0.25_cy0.25_layoutC,diffuse_blur_js_0.15,1.0090969800949097
cx0.25_cy0.25_layoutC,uniform_prior_baseline,1.0006067752838135
cx0.25_cy0.75_layoutA,oracle,1.4462990760803223
cx0.25_cy0.75_layoutA,spatial_shift_x_js_0.05,1.32932710647583
cx0.25_cy0.75_layoutA,spatial_shift_x_js_0.1,1.2976471185684204
cx0.25_cy0.75_layoutA,spatial_shift_x_js_0.15,1.2821623086929321
cx0.25_cy0.75_layoutA,spatial_shift_y_js_0.05,1.3293259143829346
cx0.25_cy0.75_layoutA,spatial_shift_y_js_0.1,1.2976478338241577
cx0.25_cy0.75_layoutA,spatial_shift_y_js_0.15,1.2821629047393799
cx0.25_cy0.75_layoutA,false_hotspot_x_js_0.05,1.2566583156585693
cx0.25_cy0.75_layoutA,false_hotspot_x_js_0.1,1.2300527095794678
cx0.25_cy0.75_layoutA,false_hotspot_x_js_0.15,1.255996823310852
cx0.25_cy0.75_layoutA,false_hotspot_y_js_0.05,1.2566574811935425
cx0.25_cy0.75_layoutA,false_hotspot_y_js_0.1,1.2300525903701782
cx0.25_cy0.75_layoutA,false_hotspot_y_js_0.15,1.2559983730316162
cx0.25_cy0.75_layoutA,false_negative_suppression_x_js_0.05,1.2556381225585938
cx0.25_cy0.75_layoutA,false_negative_suppression_x_js_0.1,1.2068126201629639
cx0.25_cy0.75_layoutA,false_negative_suppression_x_js_0.15,1.181808590888977
cx0.25_cy0.75_layoutA,false_negative_suppression_y_js_0.05,1.2556381225585938
cx0.25_cy0.75_layoutA,false_negative_suppression_y_js_0.1,1.2068132162094116
cx0.25_cy0.75_layoutA,false_negative_suppression_y_js_0.15,1.1818087100982666
cx0.25_cy0.75_layoutA,diffuse_blur_js_0.05,1.2522305250167847
cx0.25_cy0.75_layoutA,diffuse_blur_js_0.1,1.0766047239303589
cx0.25_cy0.75_layoutA,diffuse_blur_js_0.15,1.008299469947815
cx0.25_cy0.75_layoutA,uniform_prior_baseline,1.0
cx0.25_cy0.75_layoutB,oracle,1.4646656513214111
cx0.25_cy0.75_layoutB,spatial_shift_x_js_0.05,1.3500133752822876
cx0.25_cy0.75_layoutB,spatial_shift_x_js_0.1,1.3184694051742554
cx0.25_cy0.75_layoutB,spatial_shift_x_js_0.15,1.3027751445770264
cx0.25_cy0.75_layoutB,spatial_shift_y_js_0.05,1.3500125408172607
cx0.25_cy0.75_layoutB,spatial_shift_y_js_0.1,1.3184704780578613
cx0.25_cy0.75_layoutB,spatial_shift_y_js_0.15,1.3027746677398682
cx0.25_cy0.75_layoutB,false_hotspot_x_js_0.05,1.2676244974136353
cx0.25_cy0.75_layoutB,false_hotspot_x_js_0.1,1.2380858659744263
cx0.25_cy0.75_layoutB,false_hotspot_x_js_0.15,1.2625325918197632
cx0.25_cy0.75_layoutB,false_hotspot_y_js_0.05,1.2676239013671875
cx0.25_cy0.75_layoutB,false_hotspot_y_js_0.1,1.2380858659744263
cx0.25_cy0.75_layoutB,false_hotspot_y_js_0.15,1.26253080368042
cx0.25_cy0.75_layoutB,false_negative_suppression_x_js_0.05,1.272009253501892
cx0.25_cy0.75_layoutB,false_negative_suppression_x_js_0.1,1.2226554155349731
cx0.25_cy0.75_layoutB,false_negative_suppression_x_js_0.15,1.1974529027938843
cx0.25_cy0.75_layoutB,false_negative_suppression_y_js_0.05,1.2720088958740234
cx0.25_cy0.75_layoutB,false_negative_suppression_y_js_0.1,1.2226555347442627
cx0.25_cy0.75_layoutB,false_negative_suppression_y_js_0.15,1.1974529027938843
cx0.25_cy0.75_layoutB,diffuse_blur_js_0.05,1.2657337188720703
cx0.25_cy0.75_layoutB,diffuse_blur_js_0.1,1.0816326141357422
cx0.25_cy0.75_layoutB,diffuse_blur_js_0.15,1.0104198455810547
cx0.25_cy0.75_layoutB,uniform_prior_baseline,1.0010219812393188
cx0.25_cy0.75_layoutC,oracle,1.4674381017684937
cx0.25_cy0.75_layoutC,spatial_shift_x_js_0.05,1.3397917747497559
cx0.25_cy0.75_layoutC,spatial_shift_x_js_0.1,1.3058446645736694
cx0.25_cy0.75_layoutC,spatial_shift_x_js_0.15,1.2910364866256714
cx0.25_cy0.75_layoutC,spatial_shift_y_js_0.05,1.339792013168335
cx0.25_cy0.75_layoutC,spatial_shift_y_js_0.1,1.305842399597168
cx0.25_cy0.75_layoutC,spatial_shift_y_js_0.15,1.29103684425354
cx0.25_cy0.75_layoutC,false_hotspot_x_js_0.05,1.2668859958648682
cx0.25_cy0.75_layoutC,false_hotspot_x_js_0.1,1.2373814582824707
cx0.25_cy0.75_layoutC,false_hotspot_x_js_0.15,1.262188196182251
cx0.25_cy0.75_layoutC,false_hotspot_y_js_0.05,1.2668859958648682
cx0.25_cy0.75_layoutC,false_hotspot_y_js_0.1,1.2373822927474976
cx0.25_cy0.75_layoutC,false_hotspot_y_js_0.15,1.2621873617172241
cx0.25_cy0.75_layoutC,false_negative_suppression_x_js_0.05,1.2672492265701294
cx0.25_cy0.75_layoutC,false_negative_suppression_x_js_0.1,1.216392159461975
cx0.25_cy0.75_layoutC,false_negative_suppression_x_js_0.15,1.1903307437896729
cx0.25_cy0.75_layoutC,false_negative_suppression_y_js_0.05,1.2672492265701294
cx0.25_cy0.75_layoutC,false_negative_suppression_y_js_0.1,1.2163923978805542
cx0.25_cy0.75_layoutC,false_negative_suppression_y_js_0.15,1.190330982208252
cx0.25_cy0.75_layoutC,diffuse_blur_js_0.05,1.2716132402420044
cx0.25_cy0.75_layoutC,diffuse_blur_js_0.1,1.0837013721466064
cx0.25_cy0.75_layoutC,diffuse_blur_js_0.15,1.0099761486053467
cx0.25_cy0.75_layoutC,uniform_prior_baseline,1.0006067752838135
cx0.75_cy0.25_layoutA,oracle,1.446302056312561
cx0.75_cy0.25_layoutA,spatial_shift_x_js_0.05,1.3293230533599854
cx0.75_cy0.25_layoutA,spatial_shift_x_js_0.1,1.297648549079895
cx0.75_cy0.25_layoutA,spatial_shift_x_js_0.15,1.282163381576538
cx0.75_cy0.25_layoutA,spatial_shift_y_js_0.05,1.3293240070343018
cx0.75_cy0.25_layoutA,spatial_shift_y_js_0.1,1.297648310661316
cx0.75_cy0.25_layoutA,spatial_shift_y_js_0.15,1.2821639776229858
cx0.75_cy0.25_layoutA,false_hotspot_x_js_0.05,1.2566584348678589
cx0.75_cy0.25_layoutA,false_hotspot_x_js_0.1,1.2300517559051514
cx0.75_cy0.25_layoutA,false_hotspot_x_js_0.15,1.2559996843338013
cx0.75_cy0.25_layoutA,false_hotspot_y_js_0.05,1.2566585540771484
cx0.75_cy0.25_layoutA,false_hotspot_y_js_0.1,1.23005211353302
cx0.75_cy0.25_layoutA,false_hotspot_y_js_0.15,1.2559973001480103
cx0.75_cy0.25_layoutA,false_negative_suppression_x_js_0.05,1.2556391954421997
cx0.75_cy0.25_layoutA,false_negative_suppression_x_js_0.1,1.2068101167678833
cx0.75_cy0.25_layoutA,false_negative_suppression_x_js_0.15,1.181808590888977
cx0.75_cy0.25_layoutA,false_negative_suppression_y_js_0.05,1.2556393146514893
cx0.75_cy0.25_layoutA,false_negative_suppression_y_js_0.1,1.2068097591400146
cx0.75_cy0.25_layoutA,false_negative_suppression_y_js_0.15,1.1818076372146606
cx0.75_cy0.25_layoutA,diffuse_blur_js_0.05,1.2522294521331787
cx0.75_cy0.25_layoutA,diffuse_blur_js_0.1,1.0766047239303589
cx0.75_cy0.25_layoutA,diffuse_blur_js_0.15,1.0082995891571045
cx0.75_cy0.25_layoutA,uniform_prior_baseline,1.0
cx0.75_cy0.25_layoutB,oracle,1.4646631479263306
cx0.75_cy0.25_layoutB,spatial_shift_x_js_0.05,1.3500081300735474
cx0.75_cy0.25_layoutB,spatial_shift_x_js_0.1,1.3184702396392822
cx0.75_cy0.25_layoutB,spatial_shift_x_js_0.15,1.3027732372283936
cx0.75_cy0.25_layoutB,spatial_shift_y_js_0.05,1.3500094413757324
cx0.75_cy0.25_layoutB,spatial_shift_y_js_0.1,1.3184702396392822
cx0.75_cy0.25_layoutB,spatial_shift_y_js_0.15,1.3027745485305786
cx0.75_cy0.25_layoutB,false_hotspot_x_js_0.05,1.2676218748092651
cx0.75_cy0.25_layoutB,false_hotspot_x_js_0.1,1.2380836009979248
cx0.75_cy0.25_layoutB,false_hotspot_x_js_0.15,1.2625303268432617
cx0.75_cy0.25_layoutB,false_hotspot_y_js_0.05,1.267622709274292
cx0.75_cy0.25_layoutB,false_hotspot_y_js_0.1,1.2380852699279785
cx0.75_cy0.25_layoutB,false_hotspot_y_js_0.15,1.2625325918197632
cx0.75_cy0.25_layoutB,false_negative_suppression_x_js_0.05,1.2720048427581787
cx0.75_cy0.25_layoutB,false_negative_suppression_x_js_0.1,1.222654104232788
cx0.75_cy0.25_layoutB,false_negative_suppression_x_js_0.15,1.1974518299102783
cx0.75_cy0.25_layoutB,false_negative_suppression_y_js_0.05,1.2720049619674683
cx0.75_cy0.25_layoutB,false_negative_suppression_y_js_0.1,1.2226547002792358
cx0.75_cy0.25_layoutB,false_negative_suppression_y_js_0.15,1.1974515914916992
cx0.75_cy0.25_layoutB,diffuse_blur_js_0.05,1.2657347917556763
cx0.75_cy0.25_layoutB,diffuse_blur_js_0.1,1.081632375717163
cx0.75_cy0.25_layoutB,diffuse_blur_js_0.15,1.0104196071624756
cx0.75_cy0.25_layoutB,uniform_prior_baseline,1.0010219812393188
cx0.75_cy0.25_layoutC,oracle,1.4674367904663086
cx0.75_cy0.25_layoutC,spatial_shift_x_js_0.05,1.3397948741912842
cx0.75_cy0.25_layoutC,spatial_shift_x_js_0.1,1.3058395385742188
cx0.75_cy0.25_layoutC,spatial_shift_x_js_0.15,1.2910375595092773
cx0.75_cy0.25_layoutC,spatial_shift_y_js_0.05,1.3397948741912842
cx0.75_cy0.25_layoutC,spatial_shift_y_js_0.1,1.305842638015747
cx0.75_cy0.25_layoutC,spatial_shift_y_js_0.15,1.2910369634628296
cx0.75_cy0.25_layoutC,false_hotspot_x_js_0.05,1.266884684562683
cx0.75_cy0.25_layoutC,false_hotspot_x_js_0.1,1.2373830080032349
cx0.75_cy0.25_layoutC,false_hotspot_x_js_0.15,1.2621873617172241
cx0.75_cy0.25_layoutC,false_hotspot_y_js_0.05,1.2668862342834473
cx0.75_cy0.25_layoutC,false_hotspot_y_js_0.1,1.237382173538208
cx0.75_cy0.25_layoutC,false_hotspot_y_js_0.15,1.2621883153915405
cx0.75_cy0.25_layoutC,false_negative_suppression_x_js_0.05,1.2672460079193115
cx0.75_cy0.25_layoutC,false_negative_suppression_x_js_0.1,1.216391921043396
cx0.75_cy0.25_layoutC,false_negative_suppression_x_js_0.15,1.1903318166732788
cx0.75_cy0.25_layoutC,false_negative_suppression_y_js_0.05,1.267246961593628
cx0.75_cy0.25_layoutC,false_negative_suppression_y_js_0.1,1.216392159461975
cx0.75_cy0.25_layoutC,false_negative_suppression_y_js_0.15,1.1903311014175415
cx0.75_cy0.25_layoutC,diffuse_blur_js_0.05,1.2716137170791626
cx0.75_cy0.25_layoutC,diffuse_blur_js_0.1,1.083701491355896
cx0.75_cy0.25_layoutC,diffuse_blur_js_0.15,1.0099761486053467
cx0.75_cy0.25_layoutC,uniform_prior_baseline,1.0006067752838135
cx0.75_cy0.75_layoutA,oracle,1.4462988376617432
cx0.75_cy0.75_layoutA,spatial_shift_x_js_0.05,1.32932710647583
cx0.75_cy0.75_layoutA,spatial_shift_x_js_0.1,1.2976473569869995
cx0.75_cy0.75_layoutA,spatial_shift_x_js_0.15,1.2821621894836426
cx0.75_cy0.75_layoutA,spatial_shift_y_js_0.05,1.3293260335922241
cx0.75_cy0.75_layoutA,spatial_shift_y_js_0.1,1.2976478338241577
cx0.75_cy0.75_layoutA,spatial_shift_y_js_0.15,1.2821629047393799
cx0.75_cy0.75_layoutA,false_hotspot_x_js_0.05,1.2566585540771484
cx0.75_cy0.75_layoutA,false_hotspot_x_js_0.1,1.2300528287887573
cx0.75_cy0.75_layoutA,false_hotspot_x_js_0.15,1.255996584892273
cx0.75_cy0.75_layoutA,false_hotspot_y_js_0.05,1.256657361984253
cx0.75_cy0.75_layoutA,false_hotspot_y_js_0.1,1.2300525903701782
cx0.75_cy0.75_layoutA,false_hotspot_y_js_0.15,1.2559982538223267
cx0.75_cy0.75_layoutA,false_negative_suppression_x_js_0.05,1.2556382417678833
cx0.75_cy0.75_layoutA,false_negative_suppression_x_js_0.1,1.2068126201629639
cx0.75_cy0.75_layoutA,false_negative_suppression_x_js_0.15,1.181808590888977
cx0.75_cy0.75_layoutA,false_negative_suppression_y_js_0.05,1.2556382417678833
cx0.75_cy0.75_layoutA,false_negative_suppression_y_js_0.1,1.2068132162094116
cx0.75_cy0.75_layoutA,false_negative_suppression_y_js_0.15,1.181808590888977
cx0.75_cy0.75_layoutA,diffuse_blur_js_0.05,1.2522307634353638
cx0.75_cy0.75_layoutA,diffuse_blur_js_0.1,1.0766048431396484
cx0.75_cy0.75_layoutA,diffuse_blur_js_0.15,1.008299469947815
cx0.75_cy0.75_layoutA,uniform_prior_baseline,1.0
cx0.75_cy0.75_layoutB,oracle,1.4646656513214111
cx0.75_cy0.75_layoutB,spatial_shift_x_js_0.05,1.3500131368637085
cx0.75_cy0.75_layoutB,spatial_shift_x_js_0.1,1.3184691667556763
cx0.75_cy0.75_layoutB,spatial_shift_x_js_0.15,1.3027750253677368
cx0.75_cy0.75_layoutB,spatial_shift_y_js_0.05,1.3500125408172607
cx0.75_cy0.75_layoutB,spatial_shift_y_js_0.1,1.3184703588485718
cx0.75_cy0.75_layoutB,spatial_shift_y_js_0.15,1.3027751445770264
cx0.75_cy0.75_layoutB,false_hotspot_x_js_0.05,1.2676246166229248
cx0.75_cy0.75_layoutB,false_hotspot_x_js_0.1,1.2380859851837158
cx0.75_cy0.75_layoutB,false_hotspot_x_js_0.15,1.2625324726104736
cx0.75_cy0.75_layoutB,false_hotspot_y_js_0.05,1.2676241397857666
cx0.75_cy0.75_layoutB,false_hotspot_y_js_0.1,1.2380858659744263
cx0.75_cy0.75_layoutB,false_hotspot_y_js_0.15,1.26253080368042
cx0.75_cy0.75_layoutB,false_negative_suppression_x_js_0.05,1.2720093727111816
cx0.75_cy0.75_layoutB,false_negative_suppression_x_js_0.1,1.2226552963256836
cx0.75_cy0.75_layoutB,false_negative_suppression_x_js_0.15,1.1974529027938843
cx0.75_cy0.75_layoutB,false_negative_suppression_y_js_0.05,1.2720086574554443
cx0.75_cy0.75_layoutB,false_negative_suppression_y_js_0.1,1.2226555347442627
cx0.75_cy0.75_layoutB,false_negative_suppression_y_js_0.15,1.1974530220031738
cx0.75_cy0.75_layoutB,diffuse_blur_js_0.05,1.2657339572906494
cx0.75_cy0.75_layoutB,diffuse_blur_js_0.1,1.0816326141357422
cx0.75_cy0.75_layoutB,diffuse_blur_js_0.15,1.0104198455810547
cx0.75_cy0.75_layoutB,uniform_prior_baseline,1.0010219812393188
cx0.75_cy0.75_layoutC,oracle,1.4601945877075195
cx0.75_cy0.75_layoutC,spatial_shift_x_js_0.05,1.3448816537857056
cx0.75_cy0.75_layoutC,spatial_shift_x_js_0.1,1.3127875328063965
cx0.75_cy0.75_layoutC,spatial_shift_x_js_0.15,1.2953307628631592
cx0.75_cy0.75_layoutC,spatial_shift_y_js_0.05,1.3448816537857056
cx0.75_cy0.75_layoutC,spatial_shift_y_js_0.1,1.3127877712249756
cx0.75_cy0.75_layoutC,spatial_shift_y_js_0.15,1.295331358909607
cx0.75_cy0.75_layoutC,false_hotspot_x_js_0.05,1.2668336629867554
cx0.75_cy0.75_layoutC,false_hotspot_x_js_0.1,1.2386926412582397
cx0.75_cy0.75_layoutC,false_hotspot_x_js_0.15,1.2650821208953857
cx0.75_cy0.75_layoutC,false_hotspot_y_js_0.05,1.2668323516845703
cx0.75_cy0.75_layoutC,false_hotspot_y_js_0.1,1.2386929988861084
cx0.75_cy0.75_layoutC,false_hotspot_y_js_0.15,1.2650830745697021
cx0.75_cy0.75_layoutC,false_negative_suppression_x_js_0.05,1.2710424661636353
cx0.75_cy0.75_layoutC,false_negative_suppression_x_js_0.1,1.222412109375
cx0.75_cy0.75_layoutC,false_negative_suppression_x_js_0.15,1.197546124458313
cx0.75_cy0.75_layoutC,false_negative_suppression_y_js_0.05,1.271042823791504
cx0.75_cy0.75_layoutC,false_negative_suppression_y_js_0.1,1.2224115133285522
cx0.75_cy0.75_layoutC,false_negative_suppression_y_js_0.15,1.1975458860397339
cx0.75_cy0.75_layoutC,diffuse_blur_js_0.05,1.2603049278259277
cx0.75_cy0.75_layoutC,diffuse_blur_js_0.1,1.0780820846557617
cx0.75_cy0.75_layoutC,diffuse_blur_js_0.15,1.0090969800949097
cx0.75_cy0.75_layoutC,uniform_prior_baseline,1.0006067752838135
