gamma,family,target_js_nats,n,mass_tf_ideal,mass_tf_dwell_0.1,mass_tf_dwell_0.25,mass_tf_dwell_0.5,mass_tf_range_1.0,mass_tf_range_0.75,mass_tf_range_0.5
0.05,diffuse_blur,0.05,12,0.804758,0.782304,0.692171,0.397581,0.804758,0.718831,0.582198
0.05,diffuse_blur,0.1,12,0.718727,0.694076,0.576070,0.232453,0.718727,0.653126,0.523325
0.05,diffuse_blur,0.15,12,0.632002,0.603437,0.485738,0.201645,0.632002,0.544958,0.402837
0.05,false_hotspot,0.05,24,0.778515,0.754282,0.645072,0.306475,0.778515,0.668541,0.537717
0.05,false_hotspot,0.1,24,0.756411,0.732055,0.627624,0.290164,0.756411,0.657129,0.522506
0.05,false_hotspot,0.15,24,0.691536,0.668123,0.549945,0.228792,0.691536,0.612778,0.478783
0.05,false_negative_suppression,0.05,24,0.779698,0.755314,0.627978,0.284806,0.779698,0.683812,0.572581
0.05,false_negative_suppression,0.1,23,0.774478,0.752461,0.645438,0.306576,0.774478,0.691335,0.564846
0.05,false_negative_suppression,0.15,24,0.759248,0.736003,0.623091,0.252256,0.759248,0.669414,0.525325
0.05,oracle,0.0,12,0.808609,0.789173,0.685190,0.385901,0.808609,0.689224,0.582110
0.05,spatial_shift,0.05,24,0.776494,0.759389,0.662726,0.341317,0.776494,0.676804,0.560899
0.05,spatial_shift,0.1,24,0.736249,0.715475,0.620162,0.323911,0.736249,0.629411,0.505479
0.05,spatial_shift,0.15,24,0.714782,0.693341,0.593842,0.283110,0.714782,0.605825,0.463160
0.05,uniform_prior_baseline,,12,0.555853,0.527628,0.410544,0.146898,0.555853,0.475180,0.347759
0.1,diffuse_blur,0.05,12,0.731880,0.708290,0.602072,0.272912,0.731880,0.655670,0.544318
0.1,diffuse_blur,0.1,12,0.633818,0.613719,0.520630,0.204290,0.633818,0.557568,0.432973
0.1,diffuse_blur,0.15,12,0.534479,0.515574,0.425035,0.158772,0.534479,0.446294,0.319589
0.1,false_hotspot,0.05,24,0.715269,0.687466,0.577154,0.270861,0.715269,0.624937,0.499275
0.1,false_hotspot,0.1,24,0.661733,0.634551,0.527738,0.216840,0.661733,0.578833,0.446398
0.1,false_hotspot,0.15,24,0.594678,0.564076,0.455466,0.180190,0.594678,0.511785,0.386180
0.1,false_negative_suppression,0.05,24,0.722185,0.695925,0.588161,0.258809,0.722185,0.628565,0.491573
0.1,false_negative_suppression,0.1,24,0.696350,0.669560,0.561279,0.234261,0.696350,0.592982,0.447963
0.1,false_negative_suppression,0.15,23,0.685048,0.660903,0.555599,0.229393,0.685048,0.575929,0.422895
0.1,oracle,0.0,12,0.774887,0.738238,0.587478,0.278685,0.774887,0.651047,0.537493
0.1,spatial_shift,0.05,23,0.722160,0.694517,0.573466,0.260679,0.722160,0.610581,0.480054
0.1,spatial_shift,0.1,22,0.660763,0.630801,0.514463,0.224677,0.660763,0.554688,0.422514
0.1,spatial_shift,0.15,23,0.586858,0.561367,0.446687,0.183102,0.586858,0.485079,0.360613
0.1,uniform_prior_baseline,,12,0.458556,0.442893,0.354028,0.110412,0.458556,0.375762,0.261592
