method,scope,phi_seed,n,physical_pass_rate,reached_rate,detection_probability_common,conditional_mean_t_find_common,detection_probability_120,reach_time,restricted_reach_time,generation_seconds,max_speed,max_abs_acceleration_component,reach_time_defined_samples
lawn_fast,all,5,1,1.0,1.0,0.25598978445213255,3.645323967656791,0.9999999999999999,10.15,10.15,0.03270162500000007,0.9999999999999998,1.000000000000023,1
lawn_fast,all,19,1,1.0,1.0,0.15968912039270594,3.2612891539182995,0.9999999999999999,15.4,15.4,0.03270162500000007,0.9999999999999998,1.000000000000023,1
lawn_fast,all,20,1,1.0,1.0,0.7140483357894584,3.527771433279115,1.0,9.9,9.9,0.03270162500000007,0.9999999999999998,1.000000000000023,1
lawn_fast,all,30,1,1.0,1.0,0.7658780924934103,3.4056770892117108,1.0,10.350000000000001,10.350000000000001,0.03270162500000007,0.9999999999999998,1.000000000000023,1
lawn_fast,all,38,1,1.0,1.0,0.72200632390175,2.3729151992567057,1.0,5.050000000000001,5.050000000000001,0.03270162500000007,0.9999999999999998,1.000000000000023,1
lawn_fast,all,49,1,1.0,1.0,0.46044369077473135,3.7751681000942128,1.0,10.65,10.65,0.03270162500000007,0.9999999999999998,1.000000000000023,1
lawn_fast,all,53,1,1.0,1.0,0.42983689685968457,4.219714145270566,1.0,11.15,11.15,0.03270162500000007,0.9999999999999998,1.000000000000023,1
lawn_fast,all,83,1,1.0,1.0,0.8434503697225499,1.493203377504035,1.0,4.3500000000000005,4.3500000000000005,0.03270162500000007,0.9999999999999998,1.000000000000023,1
lawn_fast,all,85,1,1.0,1.0,0.7687084428952933,3.732883083159173,0.9999999999999999,10.700000000000001,10.700000000000001,0.03270162500000007,0.9999999999999998,1.000000000000023,1
lawn_fast,all,86,1,1.0,1.0,0.6830302523220071,2.372140319751221,1.0,15.5,15.5,0.03270162500000007,0.9999999999999998,1.000000000000023,1
lawn_fast,all,90,1,1.0,1.0,0.38807083306212264,3.9600406637699526,1.0,10.700000000000001,10.700000000000001,0.03270162500000007,0.9999999999999998,1.000000000000023,1
lawn_fast,all,94,1,1.0,1.0,0.292745539540411,3.9699214407185104,1.0,11.55,11.55,0.03270162500000007,0.9999999999999998,1.000000000000023,1
lawn_fast,all,128,1,1.0,1.0,0.630883094602501,4.145820995391931,1.0,10.850000000000001,10.850000000000001,0.03270162500000007,0.9999999999999998,1.000000000000023,1
lawn_fast,all,129,1,1.0,1.0,0.7795306900251378,2.1762685851754293,1.0,5.050000000000001,5.050000000000001,0.03270162500000007,0.9999999999999998,1.000000000000023,1
lawn_fast,all,139,1,1.0,1.0,0.8472045952923862,1.231662580931468,1.0,5.15,5.15,0.03270162500000007,0.9999999999999998,1.000000000000023,1
lawn_fast,all,140,1,1.0,1.0,0.4161419857635097,3.8127714849087946,0.9999999999999999,10.0,10.0,0.03270162500000007,0.9999999999999998,1.000000000000023,1
lawn_fast,all,143,1,1.0,1.0,0.14582934533227224,3.0902296179222497,1.0,15.5,15.5,0.03270162500000007,0.9999999999999998,1.000000000000023,1
lawn_fast,all,182,1,1.0,1.0,0.8361031417925691,2.6761110292335566,1.0,8.9,8.9,0.03270162500000007,0.9999999999999998,1.000000000000023,1
lawn_fast,all,195,1,1.0,1.0,0.8318563489345344,1.1801235376496457,0.9999999999999999,5.1000000000000005,5.1000000000000005,0.03270162500000007,0.9999999999999998,1.000000000000023,1
lawn_fast,all,198,1,1.0,1.0,0.24119920994086272,3.5998878910373646,1.0,10.15,10.15,0.03270162500000007,0.9999999999999998,1.000000000000023,1
lawn_fast,physical_only,5,1,1.0,1.0,0.25598978445213255,3.645323967656791,0.9999999999999999,10.15,10.15,0.03270162500000007,0.9999999999999998,1.000000000000023,1
lawn_fast,physical_only,19,1,1.0,1.0,0.15968912039270594,3.2612891539182995,0.9999999999999999,15.4,15.4,0.03270162500000007,0.9999999999999998,1.000000000000023,1
lawn_fast,physical_only,20,1,1.0,1.0,0.7140483357894584,3.527771433279115,1.0,9.9,9.9,0.03270162500000007,0.9999999999999998,1.000000000000023,1
lawn_fast,physical_only,30,1,1.0,1.0,0.7658780924934103,3.4056770892117108,1.0,10.350000000000001,10.350000000000001,0.03270162500000007,0.9999999999999998,1.000000000000023,1
lawn_fast,physical_only,38,1,1.0,1.0,0.72200632390175,2.3729151992567057,1.0,5.050000000000001,5.050000000000001,0.03270162500000007,0.9999999999999998,1.000000000000023,1
lawn_fast,physical_only,49,1,1.0,1.0,0.46044369077473135,3.7751681000942128,1.0,10.65,10.65,0.03270162500000007,0.9999999999999998,1.000000000000023,1
lawn_fast,physical_only,53,1,1.0,1.0,0.42983689685968457,4.219714145270566,1.0,11.15,11.15,0.03270162500000007,0.9999999999999998,1.000000000000023,1
lawn_fast,physical_only,83,1,1.0,1.0,0.8434503697225499,1.493203377504035,1.0,4.3500000000000005,4.3500000000000005,0.03270162500000007,0.9999999999999998,1.000000000000023,1
lawn_fast,physical_only,85,1,1.0,1.0,0.7687084428952933,3.732883083159173,0.9999999999999999,10.700000000000001,10.700000000000001,0.03270162500000007,0.9999999999999998,1.000000000000023,1
lawn_fast,physical_only,86,1,1.0,1.0,0.6830302523220071,2.372140319751221,1.0,15.5,15.5,0.03270162500000007,0.9999999999999998,1.000000000000023,1
lawn_fast,physical_only,90,1,1.0,1.0,0.38807083306212264,3.9600406637699526,1.0,10.700000000000001,10.700000000000001,0.03270162500000007,0.9999999999999998,1.000000000000023,1
lawn_fast,physical_only,94,1,1.0,1.0,0.292745539540411,3.9699214407185104,1.0,11.55,11.55,0.03270162500000007,0.9999999999999998,1.000000000000023,1
lawn_fast,physical_only,128,1,1.0,1.0,0.630883094602501,4.145820995391931,1.0,10.850000000000001,10.850000000000001,0.03270162500000007,0.9999999999999998,1.000000000000023,1
lawn_fast,physical_only,129,1,1.0,1.0,0.7795306900251378,2.1762685851754293,1.0,5.050000000000001,5.050000000000001,0.03270162500000007,0.9999999999999998,1.000000000000023,1
lawn_fast,physical_only,139,1,1.0,1.0,0.8472045952923862,1.231662580931468,1.0,5.15,5.15,0.03270162500000007,0.9999999999999998,1.000000000000023,1
lawn_fast,physical_only,140,1,1.0,1.0,0.4161419857635097,3.8127714849087946,0.9999999999999999,10.0,10.0,0.03270162500000007,0.9999999999999998,1.000000000000023,1
lawn_fast,physical_only,143,1,1.0,1.0,0.14582934533227224,3.0902296179222497,1.0,15.5,15.5,0.03270162500000007,0.9999999999999998,1.000000000000023,1
lawn_fast,physical_only,182,1,1.0,1.0,0.8361031417925691,2.6761110292335566,1.0,8.9,8.9,0.03270162500000007,0.9999999999999998,1.000000000000023,1
lawn_fast,physical_only,195,1,1.0,1.0,0.8318563489345344,1.1801235376496457,0.9999999999999999,5.1000000000000005,5.1000000000000005,0.03270162500000007,0.9999999999999998,1.000000000000023,1
lawn_fast,physical_only,198,1,1.0,1.0,0.24119920994086272,3.5998878910373646,1.0,10.15,10.15,0.03270162500000007,0.9999999999999998,1.000000000000023,1
lawn_conservative,all,5,1,1.0,1.0,0.025870674410352984,0.5821949989866627,0.9999999999999999,56.35,56.35,0.06576708400000009,0.09707493774362863,0.9963776255617951,1
lawn_conservative,all,19,1,1.0,1.0,0.026602671234032826,0.5820455024929408,0.9999999999999999,73.25,73.25,0.06576708400000009,0.09707493774362863,0.9963776255617951,1
lawn_conservative,all,20,1,1.0,1.0,0.06998444386887237,0.346947014234277,1.0,36.4,36.4,0.06576708400000009,0.09707493774362863,0.9963776255617951,1
lawn_conservative,all,30,1,1.0,1.0,0.09471917923552929,0.3118941557753014,1.0,43.550000000000004,43.550000000000004,0.06576708400000009,0.09707493774362863,0.9963776255617951,1
lawn_conservative,all,38,1,1.0,1.0,0.06547834266292604,0.2839685594385367,1.0,29.6,29.6,0.06576708400000009,0.09707493774362863,0.9963776255617951,1
lawn_conservative,all,49,1,1.0,1.0,0.03609608397077166,0.516567945535818,1.0,51.85,51.85,0.06576708400000009,0.09707493774362863,0.9963776255617951,1
lawn_conservative,all,53,1,1.0,1.0,0.033030139759680596,0.5519195035900117,1.0,51.7,51.7,0.06576708400000009,0.09707493774362863,0.9963776255617951,1
lawn_conservative,all,83,1,1.0,1.0,0.26936847440140177,0.16610143554265036,1.0,13.0,13.0,0.06576708400000009,0.09707493774362863,0.9963776255617951,1
lawn_conservative,all,85,1,1.0,1.0,0.11512868355200452,0.394445961470055,0.9999999999999999,43.75,43.75,0.06576708400000009,0.09707493774362863,0.9963776255617951,1
lawn_conservative,all,86,1,1.0,1.0,0.038756742560283594,0.40901537202882693,1.0,29.3,29.3,0.06576708400000009,0.09707493774362863,0.9963776255617951,1
lawn_conservative,all,90,1,1.0,1.0,0.030363672241766587,0.5624079312836018,1.0,53.0,53.0,0.06576708400000009,0.09707493774362863,0.9963776255617951,1
lawn_conservative,all,94,1,1.0,1.0,0.026793824999876203,0.5743820623960647,1.0,73.25,73.25,0.06576708400000009,0.09707493774362863,0.9963776255617951,1
lawn_conservative,all,128,1,1.0,1.0,0.05243455741492561,0.46144884612175907,1.0,47.95,47.95,0.06576708400000009,0.09707493774362863,0.9963776255617951,1
lawn_conservative,all,129,1,1.0,1.0,0.12028637816301717,0.20122933310719085,1.0,32.7,32.7,0.06576708400000009,0.09707493774362863,0.9963776255617951,1
lawn_conservative,all,139,1,1.0,1.0,0.4786567191588924,0.29076600239664574,1.0,33.2,33.2,0.06576708400000009,0.09707493774362863,0.9963776255617951,1
lawn_conservative,all,140,1,1.0,1.0,0.02933215675812604,0.5802677897905826,0.9999999999999999,51.7,51.7,0.06576708400000009,0.09707493774362863,0.9963776255617951,1
lawn_conservative,all,143,1,1.0,1.0,0.02717344819241039,0.5821490303652496,1.0,73.35000000000001,73.35000000000001,0.06576708400000009,0.09707493774362863,0.9963776255617951,1
lawn_conservative,all,182,1,1.0,1.0,0.2104015878783242,0.2694815538610179,1.0,33.9,33.9,0.06576708400000009,0.09707493774362863,0.9963776255617951,1
lawn_conservative,all,195,1,1.0,1.0,0.5677789984028412,0.4165776465941604,0.9999999999999999,33.1,33.1,0.06576708400000009,0.09707493774362863,0.9963776255617951,1
lawn_conservative,all,198,1,1.0,1.0,0.02586564767355723,0.5821961443590078,1.0,56.400000000000006,56.400000000000006,0.06576708400000009,0.09707493774362863,0.9963776255617951,1
lawn_conservative,physical_only,5,1,1.0,1.0,0.025870674410352984,0.5821949989866627,0.9999999999999999,56.35,56.35,0.06576708400000009,0.09707493774362863,0.9963776255617951,1
lawn_conservative,physical_only,19,1,1.0,1.0,0.026602671234032826,0.5820455024929408,0.9999999999999999,73.25,73.25,0.06576708400000009,0.09707493774362863,0.9963776255617951,1
lawn_conservative,physical_only,20,1,1.0,1.0,0.06998444386887237,0.346947014234277,1.0,36.4,36.4,0.06576708400000009,0.09707493774362863,0.9963776255617951,1
lawn_conservative,physical_only,30,1,1.0,1.0,0.09471917923552929,0.3118941557753014,1.0,43.550000000000004,43.550000000000004,0.06576708400000009,0.09707493774362863,0.9963776255617951,1
lawn_conservative,physical_only,38,1,1.0,1.0,0.06547834266292604,0.2839685594385367,1.0,29.6,29.6,0.06576708400000009,0.09707493774362863,0.9963776255617951,1
lawn_conservative,physical_only,49,1,1.0,1.0,0.03609608397077166,0.516567945535818,1.0,51.85,51.85,0.06576708400000009,0.09707493774362863,0.9963776255617951,1
lawn_conservative,physical_only,53,1,1.0,1.0,0.033030139759680596,0.5519195035900117,1.0,51.7,51.7,0.06576708400000009,0.09707493774362863,0.9963776255617951,1
lawn_conservative,physical_only,83,1,1.0,1.0,0.26936847440140177,0.16610143554265036,1.0,13.0,13.0,0.06576708400000009,0.09707493774362863,0.9963776255617951,1
lawn_conservative,physical_only,85,1,1.0,1.0,0.11512868355200452,0.394445961470055,0.9999999999999999,43.75,43.75,0.06576708400000009,0.09707493774362863,0.9963776255617951,1
lawn_conservative,physical_only,86,1,1.0,1.0,0.038756742560283594,0.40901537202882693,1.0,29.3,29.3,0.06576708400000009,0.09707493774362863,0.9963776255617951,1
lawn_conservative,physical_only,90,1,1.0,1.0,0.030363672241766587,0.5624079312836018,1.0,53.0,53.0,0.06576708400000009,0.09707493774362863,0.9963776255617951,1
lawn_conservative,physical_only,94,1,1.0,1.0,0.026793824999876203,0.5743820623960647,1.0,73.25,73.25,0.06576708400000009,0.09707493774362863,0.9963776255617951,1
lawn_conservative,physical_only,128,1,1.0,1.0,0.05243455741492561,0.46144884612175907,1.0,47.95,47.95,0.06576708400000009,0.09707493774362863,0.9963776255617951,1
lawn_conservative,physical_only,129,1,1.0,1.0,0.12028637816301717,0.20122933310719085,1.0,32.7,32.7,0.06576708400000009,0.09707493774362863,0.9963776255617951,1
lawn_conservative,physical_only,139,1,1.0,1.0,0.4786567191588924,0.29076600239664574,1.0,33.2,33.2,0.06576708400000009,0.09707493774362863,0.9963776255617951,1
lawn_conservative,physical_only,140,1,1.0,1.0,0.02933215675812604,0.5802677897905826,0.9999999999999999,51.7,51.7,0.06576708400000009,0.09707493774362863,0.9963776255617951,1
lawn_conservative,physical_only,143,1,1.0,1.0,0.02717344819241039,0.5821490303652496,1.0,73.35000000000001,73.35000000000001,0.06576708400000009,0.09707493774362863,0.9963776255617951,1
lawn_conservative,physical_only,182,1,1.0,1.0,0.2104015878783242,0.2694815538610179,1.0,33.9,33.9,0.06576708400000009,0.09707493774362863,0.9963776255617951,1
lawn_conservative,physical_only,195,1,1.0,1.0,0.5677789984028412,0.4165776465941604,0.9999999999999999,33.1,33.1,0.06576708400000009,0.09707493774362863,0.9963776255617951,1
lawn_conservative,physical_only,198,1,1.0,1.0,0.02586564767355723,0.5821961443590078,1.0,56.400000000000006,56.400000000000006,0.06576708400000009,0.09707493774362863,0.9963776255617951,1
greedy_probability,all,5,1,1.0,1.0,0.5626364660132487,3.5444296903103587,0.9999999999999999,5.5,5.5,0.05710441700000002,0.9851016340673048,1.0000000000000242,1
greedy_probability,all,19,1,1.0,1.0,0.8111743362091693,1.9422844361977207,0.9999999999999999,8.55,8.55,0.044226292000000056,0.901028382089102,1.000000000000023,1
greedy_probability,all,20,1,1.0,1.0,0.7123046724419414,0.9106032159875777,1.0,9.35,9.35,0.06294362500000017,0.9019797497176227,1.0000000000000253,1
greedy_probability,all,30,1,1.0,1.0,0.726844569462478,0.8487296484679986,1.0,12.200000000000001,12.200000000000001,0.049265834000000064,0.9448528528719412,1.000000000000023,1
greedy_probability,all,38,1,1.0,1.0,0.7499515276395283,1.5473414387926256,1.0,4.15,4.15,0.04883579199999999,0.9750160180063134,1.000000000000023,1
greedy_probability,all,49,1,1.0,1.0,0.7170262169995911,1.347278846077335,1.0,11.15,11.15,0.0534062500000001,0.9270481554636079,1.000000000000023,1
greedy_probability,all,53,1,1.0,1.0,0.8327517065568113,1.3477865780233331,1.0,14.0,14.0,0.05330358299999993,0.8937718528796933,1.000000000000023,1
greedy_probability,all,83,1,1.0,1.0,0.7680718118094716,1.3780487264184742,1.0,5.5,5.5,0.04589779199999988,0.9120028160901803,1.000000000000023,1
greedy_probability,all,85,1,1.0,1.0,0.8017730692415841,1.078987824984381,0.9999999999999999,11.950000000000001,11.950000000000001,0.049681125000000215,0.8651339723554123,1.000000000000023,1
greedy_probability,all,86,1,1.0,1.0,0.7920683713520652,1.9790882341810563,1.0,4.3500000000000005,4.3500000000000005,0.05411070800000006,0.9918775822812921,1.000000000000023,1
greedy_probability,all,90,1,1.0,1.0,0.7600519521733504,1.4780412738165143,1.0,11.450000000000001,11.450000000000001,0.04793962500000015,0.993566764978646,1.000000000000023,1
greedy_probability,all,94,1,1.0,1.0,0.8407936824942402,1.6744547011123712,1.0,15.600000000000001,15.600000000000001,0.04176375000000032,0.9632645813645072,1.000000000000023,1
greedy_probability,all,128,1,1.0,1.0,0.8207613621397195,1.1998201688552999,1.0,6.75,6.75,0.0476187079999999,0.9499999999999997,1.000000000000023,1
greedy_probability,all,129,1,1.0,1.0,0.7599545335741008,1.279149106296708,1.0,8.450000000000001,8.450000000000001,0.053775458000000054,0.9708274376221172,1.000000000000023,1
greedy_probability,all,139,1,1.0,1.0,0.7877601264579828,1.2833731805892516,1.0,11.8,11.8,0.05600070800000001,0.9888264131019782,1.000000000000023,1
greedy_probability,all,140,1,1.0,1.0,0.5731278221214264,3.330099765363196,0.9999999999999999,5.050000000000001,5.050000000000001,0.04997525000000014,0.9172779796587072,1.000000000000023,1
greedy_probability,all,143,1,1.0,1.0,0.818599389191203,1.8961189260346252,1.0,7.95,7.95,0.04009987500000012,0.9011742511109783,1.000000000000023,1
greedy_probability,all,182,1,1.0,1.0,0.7773352183953492,1.5257690979334542,1.0,12.75,12.75,0.0573213749999999,0.9983371060464112,1.0000000000000253,1
greedy_probability,all,195,1,1.0,1.0,0.6687363155305824,0.5331528666922171,0.9999999999999999,9.15,9.15,0.04845458299999983,0.9791590868965473,1.000000000000023,1
greedy_probability,all,198,1,1.0,1.0,0.6402689498202204,3.250087927997792,1.0,5.1000000000000005,5.1000000000000005,0.04416316699999978,0.7926135066448935,1.000000000000023,1
greedy_probability,physical_only,5,1,1.0,1.0,0.5626364660132487,3.5444296903103587,0.9999999999999999,5.5,5.5,0.05710441700000002,0.9851016340673048,1.0000000000000242,1
greedy_probability,physical_only,19,1,1.0,1.0,0.8111743362091693,1.9422844361977207,0.9999999999999999,8.55,8.55,0.044226292000000056,0.901028382089102,1.000000000000023,1
greedy_probability,physical_only,20,1,1.0,1.0,0.7123046724419414,0.9106032159875777,1.0,9.35,9.35,0.06294362500000017,0.9019797497176227,1.0000000000000253,1
greedy_probability,physical_only,30,1,1.0,1.0,0.726844569462478,0.8487296484679986,1.0,12.200000000000001,12.200000000000001,0.049265834000000064,0.9448528528719412,1.000000000000023,1
greedy_probability,physical_only,38,1,1.0,1.0,0.7499515276395283,1.5473414387926256,1.0,4.15,4.15,0.04883579199999999,0.9750160180063134,1.000000000000023,1
greedy_probability,physical_only,49,1,1.0,1.0,0.7170262169995911,1.347278846077335,1.0,11.15,11.15,0.0534062500000001,0.9270481554636079,1.000000000000023,1
greedy_probability,physical_only,53,1,1.0,1.0,0.8327517065568113,1.3477865780233331,1.0,14.0,14.0,0.05330358299999993,0.8937718528796933,1.000000000000023,1
greedy_probability,physical_only,83,1,1.0,1.0,0.7680718118094716,1.3780487264184742,1.0,5.5,5.5,0.04589779199999988,0.9120028160901803,1.000000000000023,1
greedy_probability,physical_only,85,1,1.0,1.0,0.8017730692415841,1.078987824984381,0.9999999999999999,11.950000000000001,11.950000000000001,0.049681125000000215,0.8651339723554123,1.000000000000023,1
greedy_probability,physical_only,86,1,1.0,1.0,0.7920683713520652,1.9790882341810563,1.0,4.3500000000000005,4.3500000000000005,0.05411070800000006,0.9918775822812921,1.000000000000023,1
greedy_probability,physical_only,90,1,1.0,1.0,0.7600519521733504,1.4780412738165143,1.0,11.450000000000001,11.450000000000001,0.04793962500000015,0.993566764978646,1.000000000000023,1
greedy_probability,physical_only,94,1,1.0,1.0,0.8407936824942402,1.6744547011123712,1.0,15.600000000000001,15.600000000000001,0.04176375000000032,0.9632645813645072,1.000000000000023,1
greedy_probability,physical_only,128,1,1.0,1.0,0.8207613621397195,1.1998201688552999,1.0,6.75,6.75,0.0476187079999999,0.9499999999999997,1.000000000000023,1
greedy_probability,physical_only,129,1,1.0,1.0,0.7599545335741008,1.279149106296708,1.0,8.450000000000001,8.450000000000001,0.053775458000000054,0.9708274376221172,1.000000000000023,1
greedy_probability,physical_only,139,1,1.0,1.0,0.7877601264579828,1.2833731805892516,1.0,11.8,11.8,0.05600070800000001,0.9888264131019782,1.000000000000023,1
greedy_probability,physical_only,140,1,1.0,1.0,0.5731278221214264,3.330099765363196,0.9999999999999999,5.050000000000001,5.050000000000001,0.04997525000000014,0.9172779796587072,1.000000000000023,1
greedy_probability,physical_only,143,1,1.0,1.0,0.818599389191203,1.8961189260346252,1.0,7.95,7.95,0.04009987500000012,0.9011742511109783,1.000000000000023,1
greedy_probability,physical_only,182,1,1.0,1.0,0.7773352183953492,1.5257690979334542,1.0,12.75,12.75,0.0573213749999999,0.9983371060464112,1.0000000000000253,1
greedy_probability,physical_only,195,1,1.0,1.0,0.6687363155305824,0.5331528666922171,0.9999999999999999,9.15,9.15,0.04845458299999983,0.9791590868965473,1.000000000000023,1
greedy_probability,physical_only,198,1,1.0,1.0,0.6402689498202204,3.250087927997792,1.0,5.1000000000000005,5.1000000000000005,0.04416316699999978,0.7926135066448935,1.000000000000023,1
greedy_probability_per_distance,all,5,1,1.0,1.0,0.026016903573260114,0.5390366155156768,0.9999999999999999,12.25,12.25,0.05557262499999993,0.8250028454564083,1.000000000000023,1
greedy_probability_per_distance,all,19,1,1.0,1.0,0.6808148500898115,3.6845082194905263,0.9999999999999999,11.350000000000001,11.350000000000001,0.05730500000000016,0.8975685178227796,1.000000000000023,1
greedy_probability_per_distance,all,20,1,1.0,1.0,0.6779184903893059,0.9477808366332442,1.0,8.9,8.9,0.06577441699999986,0.9210526315789469,1.000000000000023,1
greedy_probability_per_distance,all,30,1,1.0,1.0,0.7687250091503242,1.399406384723115,1.0,7.7,7.7,0.053451874999999927,0.6187007198304318,1.000000000000023,1
greedy_probability_per_distance,all,38,1,1.0,1.0,0.7541438647591407,1.7038236156785138,1.0,4.3500000000000005,4.3500000000000005,0.06316716700000002,0.8368817616296779,1.000000000000023,1
greedy_probability_per_distance,all,49,1,1.0,1.0,0.7120424369585612,1.3908097576802636,1.0,11.200000000000001,11.200000000000001,0.07103941700000016,0.896825396825397,1.000000000000023,1
greedy_probability_per_distance,all,53,1,1.0,1.0,0.8111165270923344,1.4182345144907196,1.0,11.700000000000001,11.700000000000001,0.05650749999999993,0.7378647873726218,1.000000000000023,1
greedy_probability_per_distance,all,83,1,1.0,1.0,0.7462088196399951,2.418850622496348,1.0,6.75,6.75,0.055828875,0.8337961677668689,1.000000000000023,1
greedy_probability_per_distance,all,85,1,1.0,1.0,0.8213507265294548,1.863199662042928,0.9999999999999999,7.45,7.45,0.06464133299999997,0.9529559276272956,1.000000000000023,1
greedy_probability_per_distance,all,86,1,1.0,1.0,0.7638781450372387,2.126853133375116,1.0,7.1000000000000005,7.1000000000000005,0.05914924999999993,0.9137157890776948,1.000000000000023,1
greedy_probability_per_distance,all,90,1,1.0,1.0,0.763052915320173,1.542801812871153,1.0,8.55,8.55,0.06916616700000011,0.9513148795220223,1.0000000000000253,1
greedy_probability_per_distance,all,94,1,1.0,1.0,0.7788414395384198,3.9642641167361687,1.0,18.8,18.8,0.05642466600000029,0.7979921894503904,1.000000000000023,1
greedy_probability_per_distance,all,128,1,1.0,1.0,0.8071568017692691,1.318278881156322,1.0,8.3,8.3,0.053291832999999844,0.8899921191829258,1.000000000000023,1
greedy_probability_per_distance,all,129,1,1.0,1.0,0.7483953418702066,1.4014162602603195,1.0,8.55,8.55,0.057389459000000365,0.8650051534019001,1.000000000000023,1
greedy_probability_per_distance,all,139,1,1.0,1.0,0.4874997414407966,0.3096933711413652,1.0,19.900000000000002,19.900000000000002,0.05879637500000001,0.9253377761660876,1.000000000000023,1
greedy_probability_per_distance,all,140,1,1.0,1.0,0.519559324985216,3.707236859013574,0.9999999999999999,8.0,8.0,0.060687458000000305,0.8651339723554123,1.000000000000023,1
greedy_probability_per_distance,all,143,1,1.0,1.0,0.7133049132137748,3.803993857327844,1.0,11.4,11.4,0.049517792000000505,0.9207338730881489,1.000000000000023,1
greedy_probability_per_distance,all,182,1,1.0,1.0,0.7482744020503282,2.9815167350068617,1.0,14.350000000000001,14.350000000000001,0.05323375000000041,0.9009075141380896,1.000000000000023,1
greedy_probability_per_distance,all,195,1,1.0,1.0,0.5739542959647375,0.4199287637561796,0.9999999999999999,11.950000000000001,11.950000000000001,0.057605458000000276,0.6798692684790378,1.000000000000023,1
greedy_probability_per_distance,all,198,1,1.0,1.0,0.026011842304251843,0.5390377178725815,1.0,12.05,12.05,0.05847616699999936,0.8250028454564083,1.000000000000023,1
greedy_probability_per_distance,physical_only,5,1,1.0,1.0,0.026016903573260114,0.5390366155156768,0.9999999999999999,12.25,12.25,0.05557262499999993,0.8250028454564083,1.000000000000023,1
greedy_probability_per_distance,physical_only,19,1,1.0,1.0,0.6808148500898115,3.6845082194905263,0.9999999999999999,11.350000000000001,11.350000000000001,0.05730500000000016,0.8975685178227796,1.000000000000023,1
greedy_probability_per_distance,physical_only,20,1,1.0,1.0,0.6779184903893059,0.9477808366332442,1.0,8.9,8.9,0.06577441699999986,0.9210526315789469,1.000000000000023,1
greedy_probability_per_distance,physical_only,30,1,1.0,1.0,0.7687250091503242,1.399406384723115,1.0,7.7,7.7,0.053451874999999927,0.6187007198304318,1.000000000000023,1
greedy_probability_per_distance,physical_only,38,1,1.0,1.0,0.7541438647591407,1.7038236156785138,1.0,4.3500000000000005,4.3500000000000005,0.06316716700000002,0.8368817616296779,1.000000000000023,1
greedy_probability_per_distance,physical_only,49,1,1.0,1.0,0.7120424369585612,1.3908097576802636,1.0,11.200000000000001,11.200000000000001,0.07103941700000016,0.896825396825397,1.000000000000023,1
greedy_probability_per_distance,physical_only,53,1,1.0,1.0,0.8111165270923344,1.4182345144907196,1.0,11.700000000000001,11.700000000000001,0.05650749999999993,0.7378647873726218,1.000000000000023,1
greedy_probability_per_distance,physical_only,83,1,1.0,1.0,0.7462088196399951,2.418850622496348,1.0,6.75,6.75,0.055828875,0.8337961677668689,1.000000000000023,1
greedy_probability_per_distance,physical_only,85,1,1.0,1.0,0.8213507265294548,1.863199662042928,0.9999999999999999,7.45,7.45,0.06464133299999997,0.9529559276272956,1.000000000000023,1
greedy_probability_per_distance,physical_only,86,1,1.0,1.0,0.7638781450372387,2.126853133375116,1.0,7.1000000000000005,7.1000000000000005,0.05914924999999993,0.9137157890776948,1.000000000000023,1
greedy_probability_per_distance,physical_only,90,1,1.0,1.0,0.763052915320173,1.542801812871153,1.0,8.55,8.55,0.06916616700000011,0.9513148795220223,1.0000000000000253,1
greedy_probability_per_distance,physical_only,94,1,1.0,1.0,0.7788414395384198,3.9642641167361687,1.0,18.8,18.8,0.05642466600000029,0.7979921894503904,1.000000000000023,1
greedy_probability_per_distance,physical_only,128,1,1.0,1.0,0.8071568017692691,1.318278881156322,1.0,8.3,8.3,0.053291832999999844,0.8899921191829258,1.000000000000023,1
greedy_probability_per_distance,physical_only,129,1,1.0,1.0,0.7483953418702066,1.4014162602603195,1.0,8.55,8.55,0.057389459000000365,0.8650051534019001,1.000000000000023,1
greedy_probability_per_distance,physical_only,139,1,1.0,1.0,0.4874997414407966,0.3096933711413652,1.0,19.900000000000002,19.900000000000002,0.05879637500000001,0.9253377761660876,1.000000000000023,1
greedy_probability_per_distance,physical_only,140,1,1.0,1.0,0.519559324985216,3.707236859013574,0.9999999999999999,8.0,8.0,0.060687458000000305,0.8651339723554123,1.000000000000023,1
greedy_probability_per_distance,physical_only,143,1,1.0,1.0,0.7133049132137748,3.803993857327844,1.0,11.4,11.4,0.049517792000000505,0.9207338730881489,1.000000000000023,1
greedy_probability_per_distance,physical_only,182,1,1.0,1.0,0.7482744020503282,2.9815167350068617,1.0,14.350000000000001,14.350000000000001,0.05323375000000041,0.9009075141380896,1.000000000000023,1
greedy_probability_per_distance,physical_only,195,1,1.0,1.0,0.5739542959647375,0.4199287637561796,0.9999999999999999,11.950000000000001,11.950000000000001,0.057605458000000276,0.6798692684790378,1.000000000000023,1
greedy_probability_per_distance,physical_only,198,1,1.0,1.0,0.026011842304251843,0.5390377178725815,1.0,12.05,12.05,0.05847616699999936,0.8250028454564083,1.000000000000023,1
ETO,all,5,5,1.0,1.0,0.684323205435114,2.039010330690946,0.7823619026429497,4.67,4.67,11.109382525000001,0.9066304993443526,1.0000000000000977,5
ETO,all,19,5,1.0,0.8,0.8507101843496845,1.8022573791846308,0.8653262375691668,4.9375,27.949999999999996,10.0495242916,0.845717369251244,1.0000000000288278,4
ETO,all,20,5,1.0,0.6,0.7747915303700408,1.1379429585748124,0.7856927973954322,4.800000000000001,50.88,7.4142144086,0.8832023656947557,1.000000000151008,3
ETO,all,30,5,1.0,0.6,0.8281864033475266,1.1150426761398502,0.843347551916923,4.616666666666667,50.77,6.4896834,0.8969992061299472,1.00000000003531,3
ETO,all,38,5,1.0,0.4,0.7254678840338085,1.7054895198754074,0.7404540350309052,4.55,73.82000000000001,6.8190737332,0.8669335437193812,1.000000000013705,2
ETO,all,49,5,1.0,0.4,0.755062888020664,1.4296666057211147,0.7635367664560869,2.85,73.14,8.556022366799999,0.798188988790421,1.0000000000149973,2
ETO,all,53,5,1.0,1.0,0.8598460875206395,1.4725183060560536,0.8943836791628318,6.020000000000001,6.020000000000001,11.853071025000002,0.8996148953868515,1.0000000000009968,5
ETO,all,83,5,1.0,1.0,0.7685553688039206,1.1315062192447833,0.7909152784982432,5.540000000000001,5.540000000000001,9.3893293414,0.9650529537206076,1.000000000002038,5
ETO,all,85,5,1.0,0.6,0.8440610417494974,1.3564489871515704,0.85997911425422,4.7,50.82,9.229784275,0.9566771900574709,1.0000000000324447,3
ETO,all,86,5,1.0,0.6,0.7727320314055744,2.112218350424088,0.7933935834775672,4.95,50.97,10.2926196418,0.8878438340144577,1.0000000000161458,3
ETO,all,90,5,1.0,0.6,0.7896152086400038,1.5811383315296805,0.8048366948314394,4.8500000000000005,50.910000000000004,7.5661657002,0.7837303623861963,1.0000000000597287,3
ETO,all,94,5,1.0,0.6,0.8943234832553134,1.6799241484322096,0.9095467067858631,6.166666666666667,51.7,11.6317594914,0.834919161175139,1.0000000001913802,3
ETO,all,128,5,1.0,0.4,0.8351606444076362,1.3618814781294764,0.8523972678370537,4.1,73.64,10.612294442,0.8920629262217521,1.0000000001396763,2
ETO,all,129,5,1.0,0.4,0.7807464411931315,1.341761903851895,0.7992554102790398,4.15,73.66,7.8167300834,0.9050485338393821,1.0000000001036724,2
ETO,all,139,5,1.0,0.6,0.8393015584304674,0.9705071150563477,0.8584875607360779,5.266666666666667,51.160000000000004,11.7724391248,0.9821236311139057,1.0000000000724487,3
ETO,all,140,5,1.0,1.0,0.6349177435615192,1.881357938726921,0.6677296681895255,4.750000000000001,4.750000000000001,7.442447891799999,0.8575902393625758,1.0000000000000189,5
ETO,all,143,5,1.0,1.0,0.8586923753595128,1.8175897122950933,0.8743164233136312,5.57,5.57,12.430609283,0.8695667982921842,1.0000000000591143,5
ETO,all,182,5,1.0,0.6,0.867263721580764,1.0863639890824328,0.883110607837953,5.2,51.12,11.7590837418,0.9689906638049799,1.0000000001417901,3
ETO,all,195,5,1.0,0.8,0.8061698365499351,0.9881682027805365,0.821993022681049,4.525,27.620000000000005,11.348593233399999,0.9834105845096908,1.0000000000835627,4
ETO,all,198,5,1.0,1.0,0.6760838522387153,2.0307041304929507,0.7790846487065778,4.69,4.69,10.311645108399999,0.9103733610166911,1.0000000000000386,5
ETO,physical_only,5,5,1.0,1.0,0.684323205435114,2.039010330690946,0.7823619026429497,4.67,4.67,11.109382525000001,0.9066304993443526,1.0000000000000977,5
ETO,physical_only,19,5,1.0,0.8,0.8507101843496845,1.8022573791846308,0.8653262375691668,4.9375,27.949999999999996,10.0495242916,0.845717369251244,1.0000000000288278,4
ETO,physical_only,20,5,1.0,0.6,0.7747915303700408,1.1379429585748124,0.7856927973954322,4.800000000000001,50.88,7.4142144086,0.8832023656947557,1.000000000151008,3
ETO,physical_only,30,5,1.0,0.6,0.8281864033475266,1.1150426761398502,0.843347551916923,4.616666666666667,50.77,6.4896834,0.8969992061299472,1.00000000003531,3
ETO,physical_only,38,5,1.0,0.4,0.7254678840338085,1.7054895198754074,0.7404540350309052,4.55,73.82000000000001,6.8190737332,0.8669335437193812,1.000000000013705,2
ETO,physical_only,49,5,1.0,0.4,0.755062888020664,1.4296666057211147,0.7635367664560869,2.85,73.14,8.556022366799999,0.798188988790421,1.0000000000149973,2
ETO,physical_only,53,5,1.0,1.0,0.8598460875206395,1.4725183060560536,0.8943836791628318,6.020000000000001,6.020000000000001,11.853071025000002,0.8996148953868515,1.0000000000009968,5
ETO,physical_only,83,5,1.0,1.0,0.7685553688039206,1.1315062192447833,0.7909152784982432,5.540000000000001,5.540000000000001,9.3893293414,0.9650529537206076,1.000000000002038,5
ETO,physical_only,85,5,1.0,0.6,0.8440610417494974,1.3564489871515704,0.85997911425422,4.7,50.82,9.229784275,0.9566771900574709,1.0000000000324447,3
ETO,physical_only,86,5,1.0,0.6,0.7727320314055744,2.112218350424088,0.7933935834775672,4.95,50.97,10.2926196418,0.8878438340144577,1.0000000000161458,3
ETO,physical_only,90,5,1.0,0.6,0.7896152086400038,1.5811383315296805,0.8048366948314394,4.8500000000000005,50.910000000000004,7.5661657002,0.7837303623861963,1.0000000000597287,3
ETO,physical_only,94,5,1.0,0.6,0.8943234832553134,1.6799241484322096,0.9095467067858631,6.166666666666667,51.7,11.6317594914,0.834919161175139,1.0000000001913802,3
ETO,physical_only,128,5,1.0,0.4,0.8351606444076362,1.3618814781294764,0.8523972678370537,4.1,73.64,10.612294442,0.8920629262217521,1.0000000001396763,2
ETO,physical_only,129,5,1.0,0.4,0.7807464411931315,1.341761903851895,0.7992554102790398,4.15,73.66,7.8167300834,0.9050485338393821,1.0000000001036724,2
ETO,physical_only,139,5,1.0,0.6,0.8393015584304674,0.9705071150563477,0.8584875607360779,5.266666666666667,51.160000000000004,11.7724391248,0.9821236311139057,1.0000000000724487,3
ETO,physical_only,140,5,1.0,1.0,0.6349177435615192,1.881357938726921,0.6677296681895255,4.750000000000001,4.750000000000001,7.442447891799999,0.8575902393625758,1.0000000000000189,5
ETO,physical_only,143,5,1.0,1.0,0.8586923753595128,1.8175897122950933,0.8743164233136312,5.57,5.57,12.430609283,0.8695667982921842,1.0000000000591143,5
ETO,physical_only,182,5,1.0,0.6,0.867263721580764,1.0863639890824328,0.883110607837953,5.2,51.12,11.7590837418,0.9689906638049799,1.0000000001417901,3
ETO,physical_only,195,5,1.0,0.8,0.8061698365499351,0.9881682027805365,0.821993022681049,4.525,27.620000000000005,11.348593233399999,0.9834105845096908,1.0000000000835627,4
ETO,physical_only,198,5,1.0,1.0,0.6760838522387153,2.0307041304929507,0.7790846487065778,4.69,4.69,10.311645108399999,0.9103733610166911,1.0000000000000386,5
diffusion_guided_smooth_scale,all,5,8,0.5,1.0,0.7106335723192208,2.5021156452465485,0.8109643452684033,4.41875,4.41875,0.014167770621670989,0.6872297282544706,1.0,8
diffusion_guided_smooth_scale,all,19,8,0.625,0.625,0.6381232143288884,2.9558505091538247,0.8108919354181605,8.22,50.137499999999996,0.014012541499033427,0.502955937133174,0.9999999999999998,5
diffusion_guided_smooth_scale,all,20,8,0.75,0.25,0.6543153380862434,1.56466762342471,0.7689329407171857,7.375,91.84375,0.014059781274095176,0.5291118774417995,0.9999999999999999,2
diffusion_guided_smooth_scale,all,30,8,0.125,0.875,0.6769057214070705,1.515613435632421,0.8488813242243345,7.1499999999999995,21.25625,0.014170989616419329,0.5652136938573145,1.0,7
diffusion_guided_smooth_scale,all,38,8,1.0,0.125,0.6424001615790684,2.0859601691337963,0.6971892219716198,7.050000000000001,105.88125,0.014333010000190024,0.577303804936558,1.0,1
diffusion_guided_smooth_scale,all,49,8,0.625,0.75,0.5356259765505239,2.676035412106721,0.820051709829535,7.708333333333333,35.78125,0.014167426746955184,0.5100792955974816,1.0,6
diffusion_guided_smooth_scale,all,53,8,0.875,0.5,0.7531052769564626,1.914674991623595,0.877388353249593,9.2375,64.61875,0.014182562508785888,0.6448368921976737,0.9999999999999999,4
diffusion_guided_smooth_scale,all,83,8,0.0,0.375,0.6699093874047615,1.4554620284913082,0.7542757438543398,7.6000000000000005,77.85,0.014240708261222508,0.6247962384652276,1.0,3
diffusion_guided_smooth_scale,all,85,8,0.375,0.5,0.7605911667316434,1.4789501281825745,0.8464637678780997,12.662500000000001,66.33125,0.01394661974766671,0.5796987869005478,1.0,4
diffusion_guided_smooth_scale,all,86,8,0.5,1.0,0.7585843055203239,2.700805383236146,0.8638987410263104,6.35,6.35,0.014089364751974729,0.534862459981841,0.9999999999999999,8
diffusion_guided_smooth_scale,all,90,8,1.0,0.75,0.7804161634305813,1.9133269376271722,0.8073062129856298,5.058333333333334,33.79375,0.014047067742256052,0.6002998413580072,1.0,6
diffusion_guided_smooth_scale,all,94,8,0.375,0.625,0.8260270883235824,1.9727203260041168,0.8963270521454286,6.9,49.3125,0.013977437257935153,0.6711379982797585,1.0,5
diffusion_guided_smooth_scale,all,128,8,0.625,1.0,0.7948142604411995,1.4816116827094015,0.8499480997333315,7.450000000000001,7.450000000000001,0.014071067604018305,0.6730912555694037,1.0,8
diffusion_guided_smooth_scale,all,129,8,1.0,0.5,0.6053957047382681,1.3794125435230054,0.7747065976349723,6.9375,63.46875,0.013899401262305535,0.62180687743883,0.9999999999999999,4
diffusion_guided_smooth_scale,all,139,8,0.5,0.125,0.7746341595033349,1.1642857518542038,0.8021738854251277,7.4,105.925,0.013777822873391962,0.6216508921433679,1.0,1
diffusion_guided_smooth_scale,all,140,8,0.0,1.0,0.6716946624546408,2.6091686960064466,0.7436430412629311,4.262500000000001,4.262500000000001,0.013787573014554385,0.6247034700281463,1.0,8
diffusion_guided_smooth_scale,all,143,8,0.0,0.25,0.4930158196931812,3.1984870911441403,0.7682193721604222,9.275,92.31875,0.013752041514521971,0.49461929799234217,0.9999999999999999,2
diffusion_guided_smooth_scale,all,182,8,0.125,0.625,0.7264601585180681,1.394914424963847,0.8465601646093748,13.780000000000001,53.6125,0.013810963619290175,0.48816841754551277,1.0,5
diffusion_guided_smooth_scale,all,195,8,0.0,1.0,0.7426799744195844,0.9813972530041464,0.9037246668909256,7.675000000000001,7.675000000000001,0.013954067748273118,0.687046693005725,1.0,8
diffusion_guided_smooth_scale,all,198,8,0.625,1.0,0.7026854581555975,2.4513405623544644,0.7979361422061237,4.6,4.6,0.013579812365830873,0.698178055046407,1.0,8
diffusion_guided_smooth_scale,physical_only,5,4,1.0,1.0,0.685675439915329,2.292714147550023,0.7687488803376386,4.725,4.725,0.014217884749763727,0.7227608439447605,1.0,4
diffusion_guided_smooth_scale,physical_only,19,5,1.0,0.4,0.5821746763949542,2.960558137003249,0.7780652427018249,8.125,75.25,0.014070824805612003,0.49178315637174563,0.9999999999999998,2
diffusion_guided_smooth_scale,physical_only,20,6,1.0,0.0,0.7146904026543077,1.45077399435273,0.7369104140917005,,120.0,0.014052750029619162,0.5714514684659356,0.9999999999999999,0
diffusion_guided_smooth_scale,physical_only,30,1,1.0,0.0,0.7657627545084651,1.1943821458865986,0.7714042902272817,,120.0,0.014057207985322354,0.6438331597289518,1.0,0
diffusion_guided_smooth_scale,physical_only,38,8,1.0,0.125,0.6424001615790684,2.0859601691337963,0.6971892219716198,7.050000000000001,105.88125,0.014333010000190024,0.577303804936558,1.0,1
diffusion_guided_smooth_scale,physical_only,49,5,1.0,0.6,0.6450036432031488,2.2041546806851864,0.784144568313716,7.55,52.529999999999994,0.014133757801977096,0.5140694787985199,1.0,3
diffusion_guided_smooth_scale,physical_only,53,7,1.0,0.42857142857142855,0.7691999391774897,1.832140967122893,0.8737369952713084,9.633333333333335,72.7,0.014156059582174198,0.6429722624121018,0.9999999999999999,3
diffusion_guided_smooth_scale,physical_only,85,3,1.0,0.0,0.8303926383755873,1.2505971630898376,0.8372835445422694,,120.0,0.01395183265209638,0.7009558267939511,1.0,0
diffusion_guided_smooth_scale,physical_only,86,4,1.0,1.0,0.8006565473249925,2.4326210623508615,0.8306471413875823,4.95,4.95,0.014112916756263288,0.642684178697527,1.0,4
diffusion_guided_smooth_scale,physical_only,90,8,1.0,0.75,0.7804161634305813,1.9133269376271722,0.8073062129856298,5.058333333333334,33.79375,0.014047067742256052,0.6002998413580072,1.0,6
diffusion_guided_smooth_scale,physical_only,94,3,1.0,0.0,0.8195313058314531,1.823910677899702,0.8340078764022234,,120.0,0.013835569346287602,0.6581801284069329,1.0,0
diffusion_guided_smooth_scale,physical_only,128,5,1.0,1.0,0.834545150931586,1.410376256736618,0.8499960675190958,5.92,5.92,0.0140020083803707,0.7166867920414394,1.0,5
diffusion_guided_smooth_scale,physical_only,129,8,1.0,0.5,0.6053957047382681,1.3794125435230054,0.7747065976349723,6.9375,63.46875,0.013899401262305535,0.62180687743883,0.9999999999999999,4
diffusion_guided_smooth_scale,physical_only,139,4,1.0,0.0,0.7718903017700542,1.1670031814265291,0.7895556175094782,,120.0,0.014032489497893635,0.6234382772920755,1.0,0
diffusion_guided_smooth_scale,physical_only,182,1,1.0,0.0,0.7520241852287466,1.3593395827300114,0.8576643785327924,,120.0,0.013510665989022147,0.4934549936397501,1.0000000000000004,0
diffusion_guided_smooth_scale,physical_only,198,5,1.0,1.0,0.6753505558458216,2.293036106718122,0.7670458593585282,5.010000000000001,5.010000000000001,0.013589183382144678,0.7236043241873031,1.0,5
nearest,all,5,1,1.0,1.0,0.7206443175571865,1.885634631930635,0.7548282818795973,4.0,4.0,0.0020255420240573585,0.9042197095712142,1.0000000000003688,1
nearest,all,19,1,1.0,1.0,0.863932236371635,1.9333425405263782,0.8855080561688793,5.050000000000001,5.050000000000001,7.987499702721834e-05,0.8002401149060329,1.0000000000000155,1
nearest,all,20,1,1.0,0.0,0.7084610580655214,1.1331661300903892,0.7118853089210511,,120.0,8.162501035258174e-05,0.8638000017300922,1.0000000000000189,0
nearest,all,30,1,1.0,1.0,0.8225414876823332,1.5191182541518053,0.8583186792083034,5.550000000000001,5.550000000000001,8.837500354275107e-05,0.9199119514912225,1.0000000000000078,1
nearest,all,38,1,1.0,0.0,0.6858168364929533,1.6421792348883595,0.6966984237125946,,120.0,8.641602471470833e-05,0.8547035652667502,1.0000000000000144,0
nearest,all,49,1,1.0,1.0,0.753424682081712,1.5506185045029917,0.7827129721798419,5.0,5.0,7.162499241530895e-05,0.7370308742173632,1.0000000000000153,1
nearest,all,53,1,1.0,1.0,0.9091652514783901,1.4646717076437106,0.9349489025820992,4.25,4.25,0.00010025000665336847,0.887738514013141,1.0000000000000056,1
nearest,all,83,1,1.0,1.0,0.7799326301460343,1.1560092437243756,0.7883912159417896,3.75,3.75,7.000000914558768e-05,0.9383317850827037,1.0000000000000215,1
nearest,all,85,1,1.0,1.0,0.8811855992616414,1.33921045250494,0.9093844342950983,4.3,4.3,7.754098623991013e-05,0.9229766929969517,1.0000000000000098,1
nearest,all,86,1,1.0,1.0,0.7877005584100581,2.145401060610586,0.7940531320116515,3.9000000000000004,3.9000000000000004,5.9999991208314896e-05,0.8054919990266818,1.0000000000035918,1
nearest,all,90,1,1.0,1.0,0.8427325909413703,1.715898804410587,0.8505549385917972,3.2,3.2,7.029104745015502e-05,0.7743583408334548,1.0000000000000535,1
nearest,all,94,1,1.0,1.0,0.8194599332219055,1.5396612783938783,0.9203068947901528,6.5,6.5,7.433304563164711e-05,0.8934345101181208,1.0000000000268605,1
nearest,all,128,1,1.0,0.0,0.7236087889634192,2.589006937415357,0.8251034775096664,,120.0,6.90409797243774e-05,0.8626726051583089,1.0000000000000384,0
nearest,all,129,1,1.0,0.0,0.7282206740547029,1.208200026908443,0.7389110122631616,,120.0,7.045798702165484e-05,0.9091451411942054,1.000000000000017,0
nearest,all,139,1,1.0,0.0,0.7989758218110035,0.9635387617586695,0.7989758218110035,,120.0,7.729197386652231e-05,0.9685128178039608,1.0000000000000204,0
nearest,all,140,1,1.0,1.0,0.6603965068773033,1.7298990390284945,0.687290392248134,3.85,3.85,8.841697126626968e-05,0.8719711307075888,1.000000000000017,1
nearest,all,143,1,1.0,1.0,0.865147265109176,1.9637784848408164,0.886080891306629,5.15,5.15,8.104200242087245e-05,0.8002401149060329,1.0000000000000155,1
nearest,all,182,1,1.0,1.0,0.9014887518166992,1.1724389004176325,0.9207902458982347,4.45,4.45,7.379200542345643e-05,1.0000000000000755,1.0000000001924232,1
nearest,all,195,1,1.0,1.0,0.8412332025080682,1.012444677046126,0.870975120536211,4.45,4.45,7.279199780896306e-05,1.0000000001863436,1.000000000016774,1
nearest,all,198,1,1.0,1.0,0.723192392436681,1.8276997591731639,0.7605493594537966,3.95,3.95,7.520901272073388e-05,0.9041900397404011,1.0000000000000222,1
nearest,physical_only,5,1,1.0,1.0,0.7206443175571865,1.885634631930635,0.7548282818795973,4.0,4.0,0.0020255420240573585,0.9042197095712142,1.0000000000003688,1
nearest,physical_only,19,1,1.0,1.0,0.863932236371635,1.9333425405263782,0.8855080561688793,5.050000000000001,5.050000000000001,7.987499702721834e-05,0.8002401149060329,1.0000000000000155,1
nearest,physical_only,20,1,1.0,0.0,0.7084610580655214,1.1331661300903892,0.7118853089210511,,120.0,8.162501035258174e-05,0.8638000017300922,1.0000000000000189,0
nearest,physical_only,30,1,1.0,1.0,0.8225414876823332,1.5191182541518053,0.8583186792083034,5.550000000000001,5.550000000000001,8.837500354275107e-05,0.9199119514912225,1.0000000000000078,1
nearest,physical_only,38,1,1.0,0.0,0.6858168364929533,1.6421792348883595,0.6966984237125946,,120.0,8.641602471470833e-05,0.8547035652667502,1.0000000000000144,0
nearest,physical_only,49,1,1.0,1.0,0.753424682081712,1.5506185045029917,0.7827129721798419,5.0,5.0,7.162499241530895e-05,0.7370308742173632,1.0000000000000153,1
nearest,physical_only,53,1,1.0,1.0,0.9091652514783901,1.4646717076437106,0.9349489025820992,4.25,4.25,0.00010025000665336847,0.887738514013141,1.0000000000000056,1
nearest,physical_only,83,1,1.0,1.0,0.7799326301460343,1.1560092437243756,0.7883912159417896,3.75,3.75,7.000000914558768e-05,0.9383317850827037,1.0000000000000215,1
nearest,physical_only,85,1,1.0,1.0,0.8811855992616414,1.33921045250494,0.9093844342950983,4.3,4.3,7.754098623991013e-05,0.9229766929969517,1.0000000000000098,1
nearest,physical_only,86,1,1.0,1.0,0.7877005584100581,2.145401060610586,0.7940531320116515,3.9000000000000004,3.9000000000000004,5.9999991208314896e-05,0.8054919990266818,1.0000000000035918,1
nearest,physical_only,90,1,1.0,1.0,0.8427325909413703,1.715898804410587,0.8505549385917972,3.2,3.2,7.029104745015502e-05,0.7743583408334548,1.0000000000000535,1
nearest,physical_only,94,1,1.0,1.0,0.8194599332219055,1.5396612783938783,0.9203068947901528,6.5,6.5,7.433304563164711e-05,0.8934345101181208,1.0000000000268605,1
nearest,physical_only,128,1,1.0,0.0,0.7236087889634192,2.589006937415357,0.8251034775096664,,120.0,6.90409797243774e-05,0.8626726051583089,1.0000000000000384,0
nearest,physical_only,129,1,1.0,0.0,0.7282206740547029,1.208200026908443,0.7389110122631616,,120.0,7.045798702165484e-05,0.9091451411942054,1.000000000000017,0
nearest,physical_only,139,1,1.0,0.0,0.7989758218110035,0.9635387617586695,0.7989758218110035,,120.0,7.729197386652231e-05,0.9685128178039608,1.0000000000000204,0
nearest,physical_only,140,1,1.0,1.0,0.6603965068773033,1.7298990390284945,0.687290392248134,3.85,3.85,8.841697126626968e-05,0.8719711307075888,1.000000000000017,1
nearest,physical_only,143,1,1.0,1.0,0.865147265109176,1.9637784848408164,0.886080891306629,5.15,5.15,8.104200242087245e-05,0.8002401149060329,1.0000000000000155,1
nearest,physical_only,182,1,1.0,1.0,0.9014887518166992,1.1724389004176325,0.9207902458982347,4.45,4.45,7.379200542345643e-05,1.0000000000000755,1.0000000001924232,1
nearest,physical_only,195,1,1.0,1.0,0.8412332025080682,1.012444677046126,0.870975120536211,4.45,4.45,7.279199780896306e-05,1.0000000001863436,1.000000000016774,1
nearest,physical_only,198,1,1.0,1.0,0.723192392436681,1.8276997591731639,0.7605493594537966,3.95,3.95,7.520901272073388e-05,0.9041900397404011,1.0000000000000222,1
diffusion_guided_raw,all,5,8,0.0,1.0,0.6461496413785196,2.012461184218237,0.762217339849482,4.95,4.95,0.014134874996670987,0.8915418725061641,2.3082613033565185,8
diffusion_guided_raw,all,19,8,0.0,0.625,0.8373573329440883,1.7476627658505959,0.8532025562693333,4.67,47.91875,0.013991739499033429,0.8511947701597362,5.6257911560451115,5
diffusion_guided_raw,all,20,8,0.0,0.25,0.7661003909860138,1.0873998608741764,0.775617197849211,4.65,91.1625,0.014039578149095178,0.9061718783383307,4.060571444123623,2
diffusion_guided_raw,all,30,8,0.0,0.875,0.834086837747451,1.3973672272364301,0.8524623514137375,4.964285714285714,19.34375,0.01414941661641933,0.859028079006904,3.2004432089121466,7
diffusion_guided_raw,all,38,8,0.0,0.125,0.686249290184062,1.5727021851775245,0.6987216946367083,3.5,105.4375,0.01431266637519002,0.8987429172839838,3.2764112840640522,1
diffusion_guided_raw,all,49,8,0.0,0.125,0.7183225794288433,1.3142874683122359,0.7308647414288054,2.5500000000000003,105.31875,0.014145786371955182,1.7841727961473173,15.260561287785366,1
diffusion_guided_raw,all,53,8,0.0,1.0,0.831057093294268,1.5120947115206715,0.8875074500455731,5.237500000000001,5.237500000000001,0.014162437633785885,0.8844508732406182,2.651272570404336,8
diffusion_guided_raw,all,83,8,0.0,1.0,0.7982309601816788,1.2192295348055748,0.8198247834588381,3.98125,3.98125,0.014220338511222508,1.0142370913203045,3.7495513454090545,8
diffusion_guided_raw,all,85,8,0.0,0.625,0.8507102117448206,1.2669815835881557,0.8668045865583038,3.4799999999999995,47.175,0.013926583247666713,1.0757101207682676,5.5508408875452755,5
diffusion_guided_raw,all,86,8,0.0,0.5,0.7303688224120174,1.9380087516689137,0.7505539034307287,3.9375000000000004,61.96875,0.014069276126974728,1.0175165546226763,5.179979544966832,4
diffusion_guided_raw,all,90,8,0.0,0.25,0.7660527926261801,1.392011924719899,0.7781848667840852,3.2750000000000004,90.81875,0.014026796867256053,0.7911662436837781,3.32001361977903,2
diffusion_guided_raw,all,94,8,0.0,0.625,0.88784540382486,1.6021278725850727,0.9039945386382255,6.120000000000001,48.825,0.013945494632935151,0.8788391992874633,2.386961764984582,5
diffusion_guided_raw,all,128,8,0.0,0.375,0.8500726938940317,1.3532067983425806,0.8677091719115817,4.15,76.55625,0.014050322854018304,0.9208756452052722,2.931589110801377,3
diffusion_guided_raw,all,129,8,0.0,0.5,0.7829216637517347,1.3142239202606445,0.8003648948523471,4.025,62.0125,0.013879333637305535,0.9392655566756432,3.301226189933436,4
diffusion_guided_raw,all,139,8,0.0,0.125,0.8190922449160385,0.9638959002334051,0.8232743019609173,4.05,105.50625,0.01375594249839196,0.9818910254222606,3.666885929955007,1
diffusion_guided_raw,all,140,8,0.0,0.75,0.636420890416443,1.6845454998402878,0.6735933922120858,3.6999999999999997,32.775,0.013759192639554385,0.8551884419595104,2.7712762744057438,6
diffusion_guided_raw,all,143,8,0.0,1.0,0.862365233911456,1.8506901515578564,0.8814723434150193,5.36875,5.36875,0.013731229264521971,1.1416669453398813,8.758772635985277,8
diffusion_guided_raw,all,182,8,0.0,0.625,0.8501464128423379,1.0296370586234307,0.8618545065614686,6.44,49.025,0.013790854369290173,1.0667937958926115,6.66729143696638,5
diffusion_guided_raw,all,195,8,0.0,1.0,0.8503298868937303,1.0200882727675364,0.8908809994678388,4.23125,4.23125,0.013934593873273116,1.088104405234294,3.460809752563612,8
diffusion_guided_raw,all,198,8,0.0,1.0,0.669289381370036,1.9226815566032631,0.7650560429836353,4.6375,4.6375,0.013559656115830876,0.8917452191672005,2.3715089564077805,8
