phi_seed,common_time,target_probability
5,4.876488820436089,0.684323205435114
19,5.494108108806872,0.8507101843496845
20,5.114715848778574,0.7747915303700408
30,5.3158594409525515,0.8281864033475266
38,5.00261283080702,0.7254678840338085
49,4.8910782905291565,0.755062888020664
53,6.515149367991573,0.8598460875206395
83,5.317025980073628,0.7685553688039206
85,5.940265507000104,0.8440610417494974
86,5.450712646313141,0.7727320314055744
90,5.150892615819118,0.7896152086400038
94,6.245475821484362,0.8943234832553134
128,5.6585546429930975,0.8351606444076362
129,5.0076991286470625,0.7807464411931315
139,6.033510877903138,0.8393015584304674
140,4.650872102073562,0.6349177435615192
143,5.557382257516155,0.8586923753595128
182,6.045835080892028,0.867263721580764
195,5.540368829043645,0.8061698365499351
198,4.882279383072009,0.6760838522387153
