scene_id,support_size,min_probability,max_probability,probability_sum
cx0.25_cy0.25_layoutA,1600,0.000625,0.000625,0.9999999999999998
cx0.25_cy0.25_layoutB,1532,0.0006527415143603133,0.0006527415143603133,0.9999999999999999
cx0.25_cy0.25_layoutC,1536,0.0006510416666666666,0.0006510416666666666,0.9999999999999999
cx0.25_cy0.75_layoutA,1600,0.000625,0.000625,0.9999999999999998
cx0.25_cy0.75_layoutB,1532,0.0006527415143603133,0.0006527415143603133,0.9999999999999999
cx0.25_cy0.75_layoutC,1536,0.0006510416666666666,0.0006510416666666666,0.9999999999999999
cx0.75_cy0.25_layoutA,1600,0.000625,0.000625,0.9999999999999998
cx0.75_cy0.25_layoutB,1532,0.0006527415143603133,0.0006527415143603133,0.9999999999999999
cx0.75_cy0.25_layoutC,1536,0.0006510416666666666,0.0006510416666666666,0.9999999999999999
cx0.75_cy0.75_layoutA,1600,0.000625,0.000625,0.9999999999999998
cx0.75_cy0.75_layoutB,1532,0.0006527415143603133,0.0006527415143603133,0.9999999999999999
cx0.75_cy0.75_layoutC,1536,0.0006510416666666666,0.0006510416666666666,0.9999999999999999
