prior_id,family,target_js_nats,gamma,terminal_arrival_time,optimized_tf,visible_free_fraction,true_prior_mass_covered,delta_visible_free_fraction,delta_success_rate_pooled,gained_free_cells,lost_free_cells,gained_true_prior_mass,lost_true_prior_mass,delta_true_prior_mass,visible_union_jaccard,true_mass_first_seen_before_terminal_arrival,true_mass_first_seen_at_or_after_terminal_arrival
oracle,oracle,0.0,0.1,3.658347743196263,3.7330079012206765,0.34986945169712796,0.7050594068807747,0.0,0.0,0,0,0.0,0.0,0.0,1.0,0.6464417225661916,0.0586176843145831
spatial_shift_js_0.05,spatial_shift,0.05,0.1,3.7083500850859847,3.7840306990673316,0.3981723237597911,0.7436513314958866,0.04830287206266315,0.0546875,84,10,0.054709110319483154,0.01611718570437124,0.03859192461511191,0.8483870967741935,0.6619226683802557,0.08172866311563082
spatial_shift_js_0.1,spatial_shift,0.1,0.1,3.7742446399732654,3.8512700407890463,0.4314621409921671,0.7655986364431977,0.08159268929503916,0.0546875,135,10,0.07346274756227844,0.012923517999855385,0.06053922956242305,0.7839046199701938,0.6606712368119726,0.10492739963122505
spatial_shift_js_0.15,spatial_shift,0.15,0.1,3.8633197219555866,3.9421629815873334,0.5143603133159269,0.8208330861676925,0.16449086161879894,0.09375,255,3,0.12498622126848657,0.009212541981568765,0.11577367928691781,0.6738305941845765,0.6692545000724496,0.15157858609524302
diffuse_blur_js_0.05,diffuse_blur,0.05,0.1,3.7490006842413313,3.8255109022870726,0.3825065274151436,0.7660329718749217,0.03263707571801566,0.1015625,53,3,0.06745306031683777,0.006479495322690768,0.06097356499414701,0.9049235993208828,0.7127068947220965,0.053326077152825224
diffuse_blur_js_0.1,diffuse_blur,0.1,0.1,3.7271675530746906,3.8032321970149905,0.40796344647519583,0.7658329836638129,0.05809399477806787,0.09375,92,3,0.06126676070385065,0.0004931839208124186,0.06077357678303823,0.8487261146496815,0.6957625702682034,0.07007041339560943
diffuse_blur_js_0.15,diffuse_blur,0.15,0.1,3.8061940433699486,3.883871472826478,0.43994778067885115,0.7528573146728182,0.09007832898172319,0.0703125,151,13,0.06144446280793703,0.013646555015893427,0.0477979077920436,0.7612809315866085,0.6446868709525121,0.10817044372030615
false_hotspot_js_0.05,false_hotspot,0.05,0.1,4.218800795215618,4.304898770628181,0.39099216710182766,0.7316870725755651,0.041122715404699695,0.0234375,67,4,0.03242791408549388,0.005800248390703488,0.02662766569479039,0.8822553897180763,0.677331595234731,0.054355477340834
false_hotspot_js_0.1,false_hotspot,0.1,0.1,4.426027856725204,4.516354955842045,0.46866840731070497,0.7276285189226444,0.118798955613577,0.0,202,20,0.06170428163365561,0.03913516959178592,0.022569112041869684,0.6991869918699187,0.687581134314937,0.040047384607707424
false_hotspot_js_0.15,false_hotspot,0.15,0.1,4.4507422480416405,4.54157372249147,0.49869451697127937,0.7311675124170048,0.1488250652741514,0.0078125,247,19,0.05778761053651295,0.03167950500028276,0.02610810553623019,0.6602809706257982,0.6863645577934331,0.04480295462357179
false_negative_suppression_js_0.05,false_negative_suppression,0.05,0.1,3.3338749472758415,3.401913211505961,0.3733681462140992,0.7387377961563114,0.02349869451697123,0.0625,41,5,0.038252744523930245,0.004574355248393444,0.0336783892755368,0.9202772963604853,0.6635883238488081,0.07514947230750334
false_negative_suppression_js_0.1,false_negative_suppression,0.1,0.1,3.420820168236955,3.4906328247315868,0.38903394255874674,0.7475737298264349,0.03916449086161877,0.0859375,65,5,0.04933096911977605,0.006816646174115764,0.042514322945660286,0.8835274542429284,0.6808187790058717,0.06675495082056322
false_negative_suppression_js_0.15,false_negative_suppression,0.15,0.1,3.542883166182467,3.6151869042678233,0.40600522193211486,0.7440203454423121,0.05613577023498689,0.0703125,99,13,0.058162200801711375,0.01920126224017402,0.03896093856153736,0.8236220472440945,0.6817884480548134,0.062231897387498604
oracle,oracle,0.0,0.05,4.762862230234338,4.860063500239121,0.37597911227154046,0.7676509783712757,0.0,0.0,0,0,0.0,0.0,0.0,1.0,0.7308425653489635,0.0368084130223121
spatial_shift_js_0.05,spatial_shift,0.05,0.05,4.786327989843094,4.884008152901116,0.37467362924281983,0.6963714796430394,-0.0013054830287206332,-0.0859375,62,64,0.044191619821969993,0.11547111855020636,-0.07127949872823637,0.8025078369905956,0.6588757758654793,0.03749570377756002
spatial_shift_js_0.1,spatial_shift,0.1,0.05,4.827146402009032,4.925659593886768,0.3870757180156658,0.6576408202566357,0.011096605744125354,-0.1328125,101,84,0.05547401989827524,0.16548417801291518,-0.11001015811463993,0.7267355982274741,0.6219493718729007,0.035691448383735114
spatial_shift_js_0.15,spatial_shift,0.15,0.05,4.894901606990192,4.994797558153258,0.5091383812010444,0.7834220641487653,0.13315926892950392,-0.046875,258,54,0.0818463698301316,0.06607528405264206,0.01577108577748955,0.6258992805755396,0.7485049588277345,0.034917105321030734
diffuse_blur_js_0.05,diffuse_blur,0.05,0.05,4.805030853641135,4.903092707797077,0.4131853785900783,0.8230928584261745,0.03720626631853785,0.046875,57,0,0.055441880054898925,0.0,0.055441880054898925,0.909952606635071,0.7827443339393183,0.04034852448685632
diffuse_blur_js_0.1,diffuse_blur,0.1,0.05,4.48496587581393,4.576495791646867,0.45234986945169714,0.7857684986836977,0.07637075718015668,0.0234375,138,21,0.06738015387571057,0.04926263356328867,0.0181175203124219,0.7773109243697479,0.7562435329985393,0.029524965685158208
diffuse_blur_js_0.15,diffuse_blur,0.15,0.05,4.471007773938181,4.5622528305491645,0.47845953002610964,0.7083583406082765,0.10248041775456918,-0.109375,217,60,0.07402078730672283,0.133313425069722,-0.05929263776299916,0.6506935687263556,0.6846728282254794,0.02368551238279714
false_hotspot_js_0.05,false_hotspot,0.05,0.05,5.155039373760394,5.260244258939178,0.45887728459530025,0.7738919706958176,0.08289817232375979,-0.0234375,177,50,0.07564208401033298,0.06940109168579099,0.006240992324541991,0.6985391766268261,0.6930513226903412,0.08084064800547654
false_hotspot_js_0.1,false_hotspot,0.1,0.05,5.021435781432409,5.123914062686132,0.4993472584856397,0.7282365278367413,0.12336814621409925,-0.09375,262,73,0.08810206876466598,0.12751651929920044,-0.03941445053453446,0.6002386634844868,0.6227408337035816,0.10549569413315969
false_hotspot_js_0.15,false_hotspot,0.15,0.05,5.350961490392933,5.4601647861152385,0.5267624020887729,0.7022854509250093,0.15078328981723244,-0.1328125,314,83,0.09396422250865225,0.1593297499549187,-0.06536552744626645,0.553932584269663,0.5746729437648103,0.12761250716019892
false_negative_suppression_js_0.05,false_negative_suppression,0.05,0.05,4.111764475073482,4.195678035789268,0.3975195822454308,0.789929769685201,0.021540469973890364,0.0390625,46,13,0.03594423190089132,0.013665440586965947,0.02227879131392537,0.905144694533762,0.739370802294388,0.050558967390813114
false_negative_suppression_js_0.1,false_negative_suppression,0.1,0.05,4.196621640157287,4.282266979752333,0.4275456919060052,0.7805424457756029,0.05156657963446476,0.0078125,105,26,0.05670707238497603,0.04381560498064882,0.012891467404327207,0.8076358296622613,0.745675412547465,0.034867033228137896
false_negative_suppression_js_0.15,false_negative_suppression,0.15,0.05,4.27749317583454,4.3647889549332035,0.44451697127937334,0.7408075814724295,0.06853785900783288,-0.0390625,148,43,0.06646788826648786,0.09331128516533396,-0.0268433968988461,0.7361878453038674,0.7160635339124065,0.024744047560023
