prior_id,family,target_js_nats,gamma,seed_scope,episodes,success_count,timeout_count,success_rate,timeout_rate,mean_t_find_success_only,median_t_find_success_only,delta_success_rate,delta_mean_t_find_success_only,visible_free_fraction,oracle_probability_mass_covered
oracle,oracle,0.0,0.1,pooled,128,83,45,0.6484375,0.3515625,2.0156626506024096,1.35,0.0,0.0,0.34986945169712796,0.7050594068807747
spatial_shift_js_0.05,spatial_shift,0.05,0.1,pooled,128,90,38,0.703125,0.296875,2.3961111111111113,2.0500000000000003,0.0546875,0.38044846050870174,0.3981723237597911,0.7436513314958866
spatial_shift_js_0.1,spatial_shift,0.1,0.1,pooled,128,90,38,0.703125,0.296875,2.5988888888888892,3.0500000000000003,0.0546875,0.5832262382864797,0.4314621409921671,0.7655986364431977
spatial_shift_js_0.15,spatial_shift,0.15,0.1,pooled,128,95,33,0.7421875,0.2578125,3.074736842105264,3.25,0.09375,1.0590741915028543,0.5143603133159269,0.8208330861676925
diffuse_blur_js_0.05,diffuse_blur,0.05,0.1,pooled,128,96,32,0.75,0.25,2.1536458333333335,1.725,0.1015625,0.13798318273092391,0.3825065274151436,0.7660329718749217
diffuse_blur_js_0.1,diffuse_blur,0.1,0.1,pooled,128,95,33,0.7421875,0.2578125,2.7431578947368425,2.9000000000000004,0.09375,0.7274952441344329,0.40796344647519583,0.7658329836638129
diffuse_blur_js_0.15,diffuse_blur,0.15,0.1,pooled,128,92,36,0.71875,0.28125,3.198369565217392,3.1,0.0703125,1.1827069146149825,0.43994778067885115,0.7528573146728182
false_hotspot_js_0.05,false_hotspot,0.05,0.1,pooled,128,86,42,0.671875,0.328125,2.304651162790698,1.525,0.0234375,0.28898851218828847,0.39099216710182766,0.7316870725755651
false_hotspot_js_0.1,false_hotspot,0.1,0.1,pooled,128,83,45,0.6484375,0.3515625,2.679518072289157,3.6,0.0,0.6638554216867476,0.46866840731070497,0.7276285189226444
false_hotspot_js_0.15,false_hotspot,0.15,0.1,pooled,128,84,44,0.65625,0.34375,3.1482142857142854,3.6500000000000004,0.0078125,1.1325516351118758,0.49869451697127937,0.7311675124170048
false_negative_suppression_js_0.05,false_negative_suppression,0.05,0.1,pooled,128,91,37,0.7109375,0.2890625,2.2659340659340663,1.85,0.0625,0.25027141533165675,0.3733681462140992,0.7387377961563114
false_negative_suppression_js_0.1,false_negative_suppression,0.1,0.1,pooled,128,94,34,0.734375,0.265625,2.513829787234043,2.6750000000000003,0.0859375,0.4981671366316336,0.38903394255874674,0.7475737298264349
false_negative_suppression_js_0.15,false_negative_suppression,0.15,0.1,pooled,128,92,36,0.71875,0.28125,2.7119565217391304,2.825,0.0703125,0.6962938711367208,0.40600522193211486,0.7440203454423121
oracle,oracle,0.0,0.05,pooled,128,97,31,0.7578125,0.2421875,2.1701030927835054,1.5,0.0,0.0,0.37597911227154046,0.7676509783712757
spatial_shift_js_0.05,spatial_shift,0.05,0.05,pooled,128,86,42,0.671875,0.328125,2.561046511627907,1.7000000000000002,-0.0859375,0.3909434188444014,0.37467362924281983,0.6963714796430394
spatial_shift_js_0.1,spatial_shift,0.1,0.05,pooled,128,80,48,0.625,0.375,2.6300000000000003,1.5750000000000002,-0.1328125,0.4598969072164949,0.3870757180156658,0.6576408202566357
spatial_shift_js_0.15,spatial_shift,0.15,0.05,pooled,128,91,37,0.7109375,0.2890625,3.064285714285714,3.8000000000000003,-0.046875,0.8941826215022086,0.5091383812010444,0.7834220641487653
diffuse_blur_js_0.05,diffuse_blur,0.05,0.05,pooled,128,103,25,0.8046875,0.1953125,2.4766990291262134,1.85,0.046875,0.306595936342708,0.4131853785900783,0.8230928584261745
diffuse_blur_js_0.1,diffuse_blur,0.1,0.05,pooled,128,100,28,0.78125,0.21875,2.8954999999999997,3.325,0.0234375,0.7253969072164943,0.45234986945169714,0.7857684986836977
diffuse_blur_js_0.15,diffuse_blur,0.15,0.05,pooled,128,83,45,0.6484375,0.3515625,3.4373493975903617,3.6500000000000004,-0.109375,1.2672463048068563,0.47845953002610964,0.7083583406082765
false_hotspot_js_0.05,false_hotspot,0.05,0.05,pooled,128,94,34,0.734375,0.265625,2.500531914893617,1.4250000000000003,-0.0234375,0.3304288221101115,0.45887728459530025,0.7738919706958176
false_hotspot_js_0.1,false_hotspot,0.1,0.05,pooled,128,85,43,0.6640625,0.3359375,2.59,1.4500000000000002,-0.09375,0.4198969072164944,0.4993472584856397,0.7282365278367413
false_hotspot_js_0.15,false_hotspot,0.15,0.05,pooled,128,80,48,0.625,0.375,3.1100000000000003,1.725,-0.1328125,0.9398969072164949,0.5267624020887729,0.7022854509250093
false_negative_suppression_js_0.05,false_negative_suppression,0.05,0.05,pooled,128,102,26,0.796875,0.203125,2.265686274509804,1.85,0.0390625,0.09558318172629843,0.3975195822454308,0.789929769685201
false_negative_suppression_js_0.1,false_negative_suppression,0.1,0.05,pooled,128,98,30,0.765625,0.234375,2.6505102040816326,3.1500000000000004,0.0078125,0.4804071112981272,0.4275456919060052,0.7805424457756029
false_negative_suppression_js_0.15,false_negative_suppression,0.15,0.05,pooled,128,92,36,0.71875,0.28125,2.883152173913043,3.3000000000000003,-0.0390625,0.7130490811295376,0.44451697127937334,0.7408075814724295
