prior_id,family,target_js_nats,gamma,seed_scope,episodes,success_count,timeout_count,success_rate,timeout_rate,mean_t_find_success_only,median_t_find_success_only,delta_success_rate,delta_mean_t_find_success_only,visible_free_fraction,oracle_probability_mass_covered,exact_detection_probability,exact_weighted_mean_t_find,exact_weighted_median_t_find,uniform_detection_probability,uniform_weighted_mean_t_find,uniform_weighted_median_t_find,trajectory_length,entropy_nats
oracle,oracle,0.0,0.1,7,64,44,20,0.6875,0.3125,1.8295454545454546,1.35,0.0,0.0,0.34986945169712796,0.7050594068807747,0.7050594068807747,1.9779306138102661,1.35,0.3498694516971279,1.6375,1.1,1.5627683088641557,6.53722105911039
oracle,oracle,0.0,0.1,11,64,39,25,0.609375,0.390625,2.2256410256410257,1.35,0.0,0.0,0.34986945169712796,0.7050594068807747,0.7050594068807747,1.9779306138102661,1.35,0.3498694516971279,1.6375,1.1,1.5627683088641557,6.53722105911039
spatial_shift_js_0.05,spatial_shift,0.05,0.1,7,64,47,17,0.734375,0.265625,2.297872340425532,2.0500000000000003,0.046875,0.46832688588007754,0.3981723237597911,0.7436513314958866,0.7436513314958866,2.436935840458062,2.45,0.39817232375979106,1.8210655737704924,1.3,1.5952416034010206,6.552377920249398
spatial_shift_js_0.05,spatial_shift,0.05,0.1,11,64,43,21,0.671875,0.328125,2.503488372093023,2.0500000000000003,0.0625,0.27784734645199727,0.3981723237597911,0.7436513314958866,0.7436513314958866,2.436935840458062,2.45,0.39817232375979106,1.8210655737704924,1.3,1.5952416034010206,6.552377920249398
spatial_shift_js_0.1,spatial_shift,0.1,0.1,7,64,47,17,0.734375,0.265625,2.5117021276595746,3.0500000000000003,0.046875,0.68215667311412,0.4314621409921671,0.7655986364431977,0.7655986364431977,2.673765095799664,3.1,0.43146214099216706,1.9109682299546147,1.4500000000000002,1.6509409433173368,6.556194819113552
spatial_shift_js_0.1,spatial_shift,0.1,0.1,11,64,43,21,0.671875,0.328125,2.694186046511628,3.0500000000000003,0.0625,0.46854502087060235,0.4314621409921671,0.7655986364431977,0.7655986364431977,2.673765095799664,3.1,0.43146214099216706,1.9109682299546147,1.4500000000000002,1.6509409433173368,6.556194819113552
spatial_shift_js_0.15,spatial_shift,0.15,0.1,7,64,49,15,0.765625,0.234375,2.978571428571429,3.2,0.078125,1.1490259740259745,0.5143603133159269,0.8208330861676925,0.8208330861676925,3.0051567724106825,3.2,0.5143603133159268,2.0609771573604068,1.75,1.8466474754256248,6.55954175618573
spatial_shift_js_0.15,spatial_shift,0.15,0.1,11,64,46,18,0.71875,0.28125,3.177173913043478,3.25,0.109375,0.9515328874024522,0.5143603133159269,0.8208330861676925,0.8208330861676925,3.0051567724106825,3.2,0.5143603133159268,2.0609771573604068,1.75,1.8466474754256248,6.55954175618573
diffuse_blur_js_0.05,diffuse_blur,0.05,0.1,7,64,49,15,0.765625,0.234375,2.0683673469387758,1.7000000000000002,0.078125,0.2388218923933212,0.3825065274151436,0.7660329718749217,0.7660329718749217,2.231919876133569,1.85,0.38250652741514357,1.7557167235494882,1.25,1.6681651123933285,6.931329863140963
diffuse_blur_js_0.05,diffuse_blur,0.05,0.1,11,64,47,17,0.734375,0.265625,2.2425531914893617,1.75,0.125,0.01691216584833599,0.3825065274151436,0.7660329718749217,0.7660329718749217,2.231919876133569,1.85,0.38250652741514357,1.7557167235494882,1.25,1.6681651123933285,6.931329863140963
diffuse_blur_js_0.1,diffuse_blur,0.1,0.1,7,64,47,17,0.734375,0.265625,2.7531914893617024,2.95,0.046875,0.9236460348162479,0.40796344647519583,0.7658329836638129,0.7658329836638129,2.7522529810437053,2.95,0.4079634464751958,1.9458400000000002,1.8,1.682477798038182,7.208513293442342
diffuse_blur_js_0.1,diffuse_blur,0.1,0.1,11,64,48,16,0.75,0.25,2.733333333333333,2.875,0.140625,0.5076923076923072,0.40796344647519583,0.7658329836638129,0.7658329836638129,2.7522529810437053,2.95,0.4079634464751958,1.9458400000000002,1.8,1.682477798038182,7.208513293442342
diffuse_blur_js_0.15,diffuse_blur,0.15,0.1,7,64,45,19,0.703125,0.296875,3.252222222222222,3.1,0.015625,1.4226767676767675,0.43994778067885115,0.7528573146728182,0.7528573146728182,3.21607181525687,3.1,0.4399477806788511,2.1302670623145405,2.15,1.751647748013193,7.320314038025272
diffuse_blur_js_0.15,diffuse_blur,0.15,0.1,11,64,47,17,0.734375,0.265625,3.146808510638298,3.1,0.125,0.9211674849972722,0.43994778067885115,0.7528573146728182,0.7528573146728182,3.21607181525687,3.1,0.4399477806788511,2.1302670623145405,2.15,1.751647748013193,7.320314038025272
false_hotspot_js_0.05,false_hotspot,0.05,0.1,7,64,45,19,0.703125,0.296875,2.22,1.5,0.015625,0.3904545454545456,0.39099216710182766,0.7316870725755651,0.7316870725755651,2.2464336111133476,1.4500000000000002,0.3909921671018276,1.8199499165275468,1.2000000000000002,1.894392020870922,6.790028984442505
false_hotspot_js_0.05,false_hotspot,0.05,0.1,11,64,41,23,0.640625,0.359375,2.3975609756097565,1.55,0.03125,0.17191994996873072,0.39099216710182766,0.7316870725755651,0.7316870725755651,2.2464336111133476,1.4500000000000002,0.3909921671018276,1.8199499165275468,1.2000000000000002,1.894392020870922,6.790028984442505
false_hotspot_js_0.1,false_hotspot,0.1,0.1,7,64,44,20,0.6875,0.3125,2.6988636363636362,3.625,0.0,0.8693181818181817,0.46866840731070497,0.7276285189226444,0.7276285189226444,2.7087729860700223,3.6,0.4686684073107049,1.9361420612813371,1.6500000000000001,2.1216830788557637,6.798450411303044
false_hotspot_js_0.1,false_hotspot,0.1,0.1,11,64,39,25,0.609375,0.390625,2.6576923076923076,3.6,0.0,0.43205128205128185,0.46866840731070497,0.7276285189226444,0.7276285189226444,2.7087729860700223,3.6,0.4686684073107049,1.9361420612813371,1.6500000000000001,2.1216830788557637,6.798450411303044
false_hotspot_js_0.15,false_hotspot,0.15,0.1,7,64,44,20,0.6875,0.3125,3.138636363636364,3.6500000000000004,0.0,1.3090909090909095,0.49869451697127937,0.7311675124170048,0.7311675124170048,3.0213051528395263,3.6500000000000004,0.4986945169712793,2.0223821989528803,1.85,2.1391448095610786,6.749097704606396
false_hotspot_js_0.15,false_hotspot,0.15,0.1,11,64,40,24,0.625,0.375,3.15875,3.6500000000000004,0.015625,0.9331089743589742,0.49869451697127937,0.7311675124170048,0.7311675124170048,3.0213051528395263,3.6500000000000004,0.4986945169712793,2.0223821989528803,1.85,2.1391448095610786,6.749097704606396
false_negative_suppression_js_0.05,false_negative_suppression,0.05,0.1,7,64,46,18,0.71875,0.28125,2.247826086956522,1.85,0.03125,0.4182806324110673,0.3733681462140992,0.7387377961563114,0.7387377961563114,2.307763424086608,1.9500000000000002,0.3733681462140992,1.7552447552447554,1.25,1.4587518180899364,7.0482546497070615
false_negative_suppression_js_0.05,false_negative_suppression,0.05,0.1,11,64,45,19,0.703125,0.296875,2.284444444444445,1.75,0.09375,0.058803418803419216,0.3733681462140992,0.7387377961563114,0.7387377961563114,2.307763424086608,1.9500000000000002,0.3733681462140992,1.7552447552447554,1.25,1.4587518180899364,7.0482546497070615
false_negative_suppression_js_0.1,false_negative_suppression,0.1,0.1,7,64,47,17,0.734375,0.265625,2.48936170212766,2.75,0.046875,0.6598162475822056,0.38903394255874674,0.7475737298264349,0.7475737298264349,2.483435576104842,2.75,0.3890339425587467,1.8166107382550338,1.55,1.5291465329586125,7.14503713725276
false_negative_suppression_js_0.1,false_negative_suppression,0.1,0.1,11,64,47,17,0.734375,0.265625,2.5382978723404253,2.6,0.125,0.3126568466993995,0.38903394255874674,0.7475737298264349,0.7475737298264349,2.483435576104842,2.75,0.3890339425587467,1.8166107382550338,1.55,1.5291465329586125,7.14503713725276
false_negative_suppression_js_0.15,false_negative_suppression,0.15,0.1,7,64,47,17,0.734375,0.265625,2.738297872340426,2.85,0.046875,0.9087524177949713,0.40600522193211486,0.7440203454423121,0.7440203454423121,2.677903094170627,2.85,0.40600522193211486,1.8915594855305466,1.8,1.6090985736477073,7.16473759368523
false_negative_suppression_js_0.15,false_negative_suppression,0.15,0.1,11,64,45,19,0.703125,0.296875,2.684444444444445,2.8000000000000003,0.09375,0.4588034188034191,0.40600522193211486,0.7440203454423121,0.7440203454423121,2.677903094170627,2.85,0.40600522193211486,1.8915594855305466,1.8,1.6090985736477073,7.16473759368523
oracle,oracle,0.0,0.05,7,64,50,14,0.78125,0.21875,2.081,1.3,0.0,0.0,0.37597911227154046,0.7676509783712757,0.7676509783712757,2.0414224276672464,1.4500000000000002,0.3759791122715404,1.7292534722222226,1.1500000000000001,1.8782023493169442,6.53722105911039
oracle,oracle,0.0,0.05,11,64,47,17,0.734375,0.265625,2.2648936170212774,1.7000000000000002,0.0,0.0,0.37597911227154046,0.7676509783712757,0.7676509783712757,2.0414224276672464,1.4500000000000002,0.3759791122715404,1.7292534722222226,1.1500000000000001,1.8782023493169442,6.53722105911039
spatial_shift_js_0.05,spatial_shift,0.05,0.05,7,64,43,21,0.671875,0.328125,2.444186046511628,1.55,-0.109375,0.3631860465116281,0.37467362924281983,0.6963714796430394,0.6963714796430394,2.4219963886778104,1.5,0.3746736292428198,1.8275261324041816,1.2000000000000002,1.859909152562699,6.552377920249398
spatial_shift_js_0.05,spatial_shift,0.05,0.05,11,64,43,21,0.671875,0.328125,2.6779069767441865,2.1,-0.0625,0.4130133597229091,0.37467362924281983,0.6963714796430394,0.6963714796430394,2.4219963886778104,1.5,0.3746736292428198,1.8275261324041816,1.2000000000000002,1.859909152562699,6.552377920249398
spatial_shift_js_0.1,spatial_shift,0.1,0.05,7,64,41,23,0.640625,0.359375,2.5853658536585367,1.5,-0.140625,0.5043658536585367,0.3870757180156658,0.6576408202566357,0.6576408202566357,2.5957450169248,1.6500000000000001,0.38707571801566576,1.8608768971332217,1.3,1.9046406487037544,6.556194819113552
spatial_shift_js_0.1,spatial_shift,0.1,0.05,11,64,39,25,0.609375,0.390625,2.6769230769230776,1.6500000000000001,-0.125,0.4120294599018002,0.3870757180156658,0.6576408202566357,0.6576408202566357,2.5957450169248,1.6500000000000001,0.38707571801566576,1.8608768971332217,1.3,1.9046406487037544,6.556194819113552
spatial_shift_js_0.15,spatial_shift,0.15,0.05,7,64,48,16,0.75,0.25,3.0760416666666672,3.8000000000000003,-0.03125,0.9950416666666673,0.5091383812010444,0.7834220641487653,0.7834220641487653,2.9556988805546243,3.75,0.5091383812010444,2.087820512820513,1.85,2.078214080851933,6.55954175618573
spatial_shift_js_0.15,spatial_shift,0.15,0.05,11,64,43,21,0.671875,0.328125,3.0511627906976746,3.6500000000000004,-0.0625,0.7862691736763971,0.5091383812010444,0.7834220641487653,0.7834220641487653,2.9556988805546243,3.75,0.5091383812010444,2.087820512820513,1.85,2.078214080851933,6.55954175618573
diffuse_blur_js_0.05,diffuse_blur,0.05,0.05,7,64,51,13,0.796875,0.203125,2.4411764705882355,1.85,0.015625,0.36017647058823554,0.4131853785900783,0.8230928584261745,0.8230928584261745,2.487296223768585,2.0,0.41318537859007826,1.9190363349131128,1.3,2.173942497741026,6.931329863140963
diffuse_blur_js_0.05,diffuse_blur,0.05,0.05,11,64,52,12,0.8125,0.1875,2.5115384615384615,1.9000000000000001,0.078125,0.24664484451718405,0.4131853785900783,0.8230928584261745,0.8230928584261745,2.487296223768585,2.0,0.41318537859007826,1.9190363349131128,1.3,2.173942497741026,6.931329863140963
diffuse_blur_js_0.1,diffuse_blur,0.1,0.05,7,64,48,16,0.75,0.25,3.025,3.375,-0.03125,0.944,0.45234986945169714,0.7857684986836977,0.7857684986836977,2.898909554008456,3.4000000000000004,0.4523498694516971,2.0407647907647912,1.85,2.174742913287444,7.208513293442342
diffuse_blur_js_0.1,diffuse_blur,0.1,0.05,11,64,52,12,0.8125,0.1875,2.775961538461539,3.1750000000000003,0.078125,0.5110679214402616,0.45234986945169714,0.7857684986836977,0.7857684986836977,2.898909554008456,3.4000000000000004,0.4523498694516971,2.0407647907647912,1.85,2.174742913287444,7.208513293442342
diffuse_blur_js_0.15,diffuse_blur,0.15,0.05,7,64,41,23,0.640625,0.359375,3.6060975609756105,3.7,-0.140625,1.5250975609756106,0.47845953002610964,0.7083583406082765,0.7083583406082765,3.3147884770401563,3.6500000000000004,0.47845953002610964,2.1823328785811733,2.45,2.1841085297734537,7.320314038025272
diffuse_blur_js_0.15,diffuse_blur,0.15,0.05,11,64,42,22,0.65625,0.34375,3.2726190476190475,3.6500000000000004,-0.078125,1.00772543059777,0.47845953002610964,0.7083583406082765,0.7083583406082765,3.3147884770401563,3.6500000000000004,0.47845953002610964,2.1823328785811733,2.45,2.1841085297734537,7.320314038025272
false_hotspot_js_0.05,false_hotspot,0.05,0.05,7,64,49,15,0.765625,0.234375,2.3785714285714286,1.4000000000000001,-0.015625,0.2975714285714286,0.45887728459530025,0.7738919706958176,0.7738919706958176,2.422228045147288,1.4000000000000001,0.4588772845953002,2.293100995732575,1.4500000000000002,2.4693062409671107,6.790028984442505
false_hotspot_js_0.05,false_hotspot,0.05,0.05,11,64,45,19,0.703125,0.296875,2.6333333333333337,1.9000000000000001,-0.03125,0.3684397163120563,0.45887728459530025,0.7738919706958176,0.7738919706958176,2.422228045147288,1.4000000000000001,0.4588772845953002,2.293100995732575,1.4500000000000002,2.4693062409671107,6.790028984442505
false_hotspot_js_0.1,false_hotspot,0.1,0.05,7,64,44,20,0.6875,0.3125,2.490909090909091,1.375,-0.09375,0.4099090909090912,0.4993472584856397,0.7282365278367413,0.7282365278367413,2.685790682228653,1.4500000000000002,0.49934725848563966,2.2947058823529414,2.2,2.4859051398112384,6.798450411303044
false_hotspot_js_0.1,false_hotspot,0.1,0.05,11,64,41,23,0.640625,0.359375,2.6963414634146345,1.55,-0.09375,0.4314478463933571,0.4993472584856397,0.7282365278367413,0.7282365278367413,2.685790682228653,1.4500000000000002,0.49934725848563966,2.2947058823529414,2.2,2.4859051398112384,6.798450411303044
false_hotspot_js_0.15,false_hotspot,0.15,0.05,7,64,40,24,0.625,0.375,3.0625,1.525,-0.15625,0.9815,0.5267624020887729,0.7022854509250093,0.7022854509250093,3.031981948470991,1.8,0.5267624020887728,2.3211276332094184,2.15,2.6391474824921084,6.749097704606396
false_hotspot_js_0.15,false_hotspot,0.15,0.05,11,64,40,24,0.625,0.375,3.1575,1.8250000000000002,-0.109375,0.8926063829787227,0.5267624020887729,0.7022854509250093,0.7022854509250093,3.031981948470991,1.8,0.5267624020887728,2.3211276332094184,2.15,2.6391474824921084,6.749097704606396
false_negative_suppression_js_0.05,false_negative_suppression,0.05,0.05,7,64,51,13,0.796875,0.203125,2.1617647058823533,1.8,0.015625,0.0807647058823533,0.3975195822454308,0.789929769685201,0.789929769685201,2.363656510161982,1.9000000000000001,0.3975195822454307,1.8316091954022997,1.35,1.892255402513345,7.0482546497070615
false_negative_suppression_js_0.05,false_negative_suppression,0.05,0.05,11,64,51,13,0.796875,0.203125,2.369607843137255,1.9000000000000001,0.0625,0.10471422611597747,0.3975195822454308,0.789929769685201,0.789929769685201,2.363656510161982,1.9000000000000001,0.3975195822454307,1.8316091954022997,1.35,1.892255402513345,7.0482546497070615
false_negative_suppression_js_0.1,false_negative_suppression,0.1,0.05,7,64,50,14,0.78125,0.21875,2.7090000000000005,3.1750000000000003,0.0,0.6280000000000006,0.4275456919060052,0.7805424457756029,0.7805424457756029,2.6521008993672885,3.1500000000000004,0.42754569190600517,1.9358778625954203,1.7000000000000002,1.9623007727199946,7.14503713725276
false_negative_suppression_js_0.1,false_negative_suppression,0.1,0.05,11,64,48,16,0.75,0.25,2.5895833333333336,3.0250000000000004,0.015625,0.3246897163120561,0.4275456919060052,0.7805424457756029,0.7805424457756029,2.6521008993672885,3.1500000000000004,0.42754569190600517,1.9358778625954203,1.7000000000000002,1.9623007727199946,7.14503713725276
false_negative_suppression_js_0.15,false_negative_suppression,0.15,0.05,7,64,45,19,0.703125,0.296875,3.031111111111111,3.3000000000000003,-0.078125,0.9501111111111111,0.44451697127937334,0.7408075814724295,0.7408075814724295,2.8971221890358247,3.35,0.4445169712793733,2.0071218795888406,1.9000000000000001,2.0358830646860215,7.16473759368523
false_negative_suppression_js_0.15,false_negative_suppression,0.15,0.05,11,64,47,17,0.734375,0.265625,2.7414893617021274,3.25,0.0,0.47659574468085,0.44451697127937334,0.7408075814724295,0.7408075814724295,2.8971221890358247,3.35,0.4445169712793733,2.0071218795888406,1.9000000000000001,2.0358830646860215,7.16473759368523
