prior_id,family,target_js_nats,gamma,seed_scope,pairs,both_success_count,oracle_only_count,error_only_count,both_timeout_count,oracle_success_error_success_count,oracle_success_error_timeout_count,oracle_timeout_error_success_count,oracle_timeout_error_timeout_count,delta_success_rate,both_success_mean_delta_t_find,both_success_median_delta_t_find,both_success_p75_delta_t_find,both_success_p90_delta_t_find,both_success_p95_delta_t_find,both_success_max_delta_t_find,error_faster_count_both_success,equal_time_count_both_success,error_slower_count_both_success,error_faster_rate_both_success,equal_time_rate_both_success,error_slower_rate_both_success
spatial_shift_js_0.05,spatial_shift,0.05,0.1,7,64,44,0,3,17,44,0,3,17,0.046875,0.46704545454545465,0.050000000000000044,1.5625000000000002,1.85,1.85,4.300000000000001,8,4,32,0.18181818181818182,0.09090909090909091,0.7272727272727273
spatial_shift_js_0.05,spatial_shift,0.05,0.1,11,64,38,1,5,20,38,1,5,20,0.0625,0.30526315789473685,0.050000000000000044,0.05000000000000021,1.7450000000000006,1.8575,4.25,2,12,24,0.05263157894736842,0.3157894736842105,0.631578947368421
spatial_shift_js_0.1,spatial_shift,0.1,0.1,7,64,43,1,4,16,43,1,4,16,0.046875,0.6686046511627908,0.10000000000000009,1.625,1.9000000000000001,1.9000000000000004,4.6,6,3,34,0.13953488372093023,0.06976744186046512,0.7906976744186046
spatial_shift_js_0.1,spatial_shift,0.1,0.1,11,64,37,2,6,19,37,2,6,19,0.0625,0.5094594594594594,0.09999999999999987,0.1499999999999999,1.9,2.3699999999999903,4.6,2,8,27,0.05405405405405406,0.21621621621621623,0.7297297297297297
spatial_shift_js_0.15,spatial_shift,0.15,0.1,7,64,43,1,6,14,43,1,6,14,0.078125,1.1837209302325582,0.2999999999999998,2.05,3.540000000000008,4.569999999999999,4.8,5,2,36,0.11627906976744186,0.046511627906976744,0.8372093023255814
spatial_shift_js_0.15,spatial_shift,0.15,0.1,11,64,37,2,9,16,37,2,9,16,0.109375,1.0783783783783782,0.20000000000000018,2.05,3.979999999999999,4.399999999999999,4.7,1,7,29,0.02702702702702703,0.1891891891891892,0.7837837837837838
diffuse_blur_js_0.05,diffuse_blur,0.05,0.1,7,64,44,0,5,15,44,0,5,15,0.078125,0.2852272727272727,0.04999999999999993,0.5,0.6999999999999998,1.6250000000000009,1.8000000000000003,10,10,24,0.22727272727272727,0.22727272727272727,0.5454545454545454
diffuse_blur_js_0.05,diffuse_blur,0.05,0.1,11,64,39,0,8,17,39,0,8,17,0.125,0.18846153846153849,0.050000000000000044,0.4750000000000001,0.8100000000000008,1.120000000000001,1.75,4,12,23,0.10256410256410256,0.3076923076923077,0.5897435897435898
diffuse_blur_js_0.1,diffuse_blur,0.1,0.1,7,64,44,0,3,17,44,0,3,17,0.046875,1.0045454545454546,1.1,1.7000000000000002,1.7850000000000001,1.8,4.300000000000001,2,6,36,0.045454545454545456,0.13636363636363635,0.8181818181818182
diffuse_blur_js_0.1,diffuse_blur,0.1,0.1,11,64,39,0,9,16,39,0,9,16,0.140625,0.744871794871795,0.3500000000000001,1.65,1.75,1.8100000000000005,4.25,2,10,27,0.05128205128205128,0.2564102564102564,0.6923076923076923
diffuse_blur_js_0.15,diffuse_blur,0.15,0.1,7,64,43,1,2,18,43,1,2,18,0.015625,1.419767441860465,1.7000000000000002,1.9000000000000001,1.95,2.0450000000000004,4.300000000000001,0,2,41,0.0,0.046511627906976744,0.9534883720930233
diffuse_blur_js_0.15,diffuse_blur,0.15,0.1,11,64,39,0,8,17,39,0,8,17,0.125,1.1384615384615382,0.7999999999999998,1.9,2.0400000000000005,3.8450000000000006,4.35,1,7,31,0.02564102564102564,0.1794871794871795,0.7948717948717948
false_hotspot_js_0.05,false_hotspot,0.05,0.1,7,64,43,1,2,18,43,1,2,18,0.015625,0.35,0.050000000000000044,0.30000000000000004,1.7500000000000067,2.0500000000000003,4.300000000000001,6,9,28,0.13953488372093023,0.20930232558139536,0.6511627906976745
false_hotspot_js_0.05,false_hotspot,0.05,0.1,11,64,38,1,3,22,38,1,3,22,0.03125,0.18026315789473682,0.050000000000000044,0.31249999999999994,0.5499999999999998,0.5500000000000003,4.25,3,10,25,0.07894736842105263,0.2631578947368421,0.6578947368421053
false_hotspot_js_0.1,false_hotspot,0.1,0.1,7,64,42,2,2,18,42,2,2,18,0.0,0.8857142857142858,0.47499999999999987,2.25,2.4000000000000004,2.4949999999999997,2.5,5,3,34,0.11904761904761904,0.07142857142857142,0.8095238095238095
false_hotspot_js_0.1,false_hotspot,0.1,0.1,11,64,35,4,4,21,35,4,4,21,0.0,0.5,0.10000000000000009,0.75,2.41,2.5,2.5,4,5,26,0.11428571428571428,0.14285714285714285,0.7428571428571429
false_hotspot_js_0.15,false_hotspot,0.15,0.1,7,64,42,2,2,18,42,2,2,18,0.0,1.3333333333333333,1.625,2.35,2.4899999999999998,2.5474999999999994,2.6500000000000004,2,2,38,0.047619047619047616,0.047619047619047616,0.9047619047619048
false_hotspot_js_0.15,false_hotspot,0.15,0.1,11,64,36,3,4,21,36,3,4,21,0.015625,0.9791666666666666,0.7499999999999998,2.3125,2.5,2.575,2.6500000000000004,3,5,28,0.08333333333333333,0.1388888888888889,0.7777777777777778
false_negative_suppression_js_0.05,false_negative_suppression,0.05,0.1,7,64,44,0,2,18,44,0,2,18,0.03125,0.4602272727272728,0.17500000000000004,0.9000000000000001,1.5,1.5000000000000002,4.300000000000001,12,7,25,0.2727272727272727,0.1590909090909091,0.5681818181818182
false_negative_suppression_js_0.05,false_negative_suppression,0.05,0.1,11,64,39,0,6,19,39,0,6,19,0.09375,0.18461538461538463,0.0,0.3999999999999999,0.980000000000002,1.5499999999999998,4.25,13,9,17,0.3333333333333333,0.23076923076923078,0.4358974358974359
false_negative_suppression_js_0.1,false_negative_suppression,0.1,0.1,7,64,44,0,3,17,44,0,3,17,0.046875,0.7250000000000001,0.525,1.4500000000000002,1.5850000000000002,1.5999999999999999,4.300000000000001,11,5,28,0.25,0.11363636363636363,0.6363636363636364
false_negative_suppression_js_0.1,false_negative_suppression,0.1,0.1,11,64,39,0,8,17,39,0,8,17,0.125,0.4730769230769232,0.0,0.775,1.5600000000000003,1.6,4.25,12,8,19,0.3076923076923077,0.20512820512820512,0.48717948717948717
false_negative_suppression_js_0.15,false_negative_suppression,0.15,0.1,7,64,43,1,4,16,43,1,4,16,0.046875,0.9813953488372096,1.05,1.6,1.7,1.745,4.300000000000001,9,2,32,0.20930232558139536,0.046511627906976744,0.7441860465116279
false_negative_suppression_js_0.15,false_negative_suppression,0.15,0.1,11,64,38,1,7,18,38,1,7,18,0.09375,0.6184210526315791,0.125,1.5500000000000003,1.6650000000000003,1.73,4.25,12,6,20,0.3157894736842105,0.15789473684210525,0.5263157894736842
spatial_shift_js_0.05,spatial_shift,0.05,0.05,7,64,41,9,2,12,41,9,2,12,-0.109375,0.2890243902439024,0.0,0.10000000000000009,2.3999999999999995,2.6500000000000004,2.8,10,13,18,0.24390243902439024,0.3170731707317073,0.43902439024390244
spatial_shift_js_0.05,spatial_shift,0.05,0.05,11,64,38,9,5,12,38,9,5,12,-0.0625,0.5328947368421053,0.02499999999999991,0.30000000000000027,2.4600000000000004,2.7,4.75,7,12,19,0.18421052631578946,0.3157894736842105,0.5
spatial_shift_js_0.1,spatial_shift,0.1,0.05,7,64,39,11,2,12,39,11,2,12,-0.140625,0.441025641025641,0.050000000000000044,1.2000000000000002,2.75,2.75,2.8,9,6,24,0.23076923076923078,0.15384615384615385,0.6153846153846154
spatial_shift_js_0.1,spatial_shift,0.1,0.05,11,64,34,13,5,12,34,13,5,12,-0.125,0.5294117647058822,0.050000000000000044,0.20000000000000018,2.6049999999999995,2.8,4.75,5,8,21,0.14705882352941177,0.23529411764705882,0.6176470588235294
spatial_shift_js_0.15,spatial_shift,0.15,0.05,7,64,46,4,2,12,46,4,2,12,-0.03125,1.0934782608695652,0.30000000000000004,2.6750000000000003,2.75,2.7874999999999996,3.65,7,4,35,0.15217391304347827,0.08695652173913043,0.7608695652173914
spatial_shift_js_0.15,spatial_shift,0.15,0.05,11,64,37,10,6,11,37,10,6,11,-0.0625,1.0513513513513515,0.3999999999999999,2.4000000000000004,2.72,2.75,2.85,3,8,26,0.08108108108108109,0.21621621621621623,0.7027027027027027
diffuse_blur_js_0.05,diffuse_blur,0.05,0.05,7,64,50,0,1,13,50,0,1,13,0.015625,0.33799999999999997,0.09999999999999998,0.75,1.2550000000000001,1.8349999999999977,4.75,12,10,28,0.24,0.2,0.56
diffuse_blur_js_0.05,diffuse_blur,0.05,0.05,11,64,47,0,5,12,47,0,5,12,0.078125,0.19148936170212763,0.0,0.625,1.41,2.089999999999999,4.75,15,11,21,0.3191489361702128,0.23404255319148937,0.44680851063829785
diffuse_blur_js_0.1,diffuse_blur,0.1,0.05,7,64,46,4,2,12,46,4,2,12,-0.03125,0.8695652173913047,0.8500000000000001,2.1500000000000004,2.5,2.5875,2.6,9,4,33,0.1956521739130435,0.08695652173913043,0.717391304347826
diffuse_blur_js_0.1,diffuse_blur,0.1,0.05,11,64,45,2,7,10,45,2,7,10,0.078125,0.5477777777777778,0.5500000000000003,1.4000000000000004,2.3900000000000006,2.6,4.75,14,7,24,0.3111111111111111,0.15555555555555556,0.5333333333333333
diffuse_blur_js_0.15,diffuse_blur,0.15,0.05,7,64,39,11,2,12,39,11,2,12,-0.140625,1.4256410256410257,2.15,2.475,2.55,2.65,2.6500000000000004,5,3,31,0.1282051282051282,0.07692307692307693,0.7948717948717948
diffuse_blur_js_0.15,diffuse_blur,0.15,0.05,11,64,36,11,6,11,36,11,6,11,-0.078125,1.0208333333333335,1.3750000000000002,2.3125,2.55,2.6,2.65,9,6,21,0.25,0.16666666666666666,0.5833333333333334
false_hotspot_js_0.05,false_hotspot,0.05,0.05,7,64,46,4,3,11,46,4,3,11,-0.015625,0.23913043478260873,0.0,0.050000000000000044,1.3000000000000003,2.7375,4.75,13,17,16,0.2826086956521739,0.3695652173913043,0.34782608695652173
false_hotspot_js_0.05,false_hotspot,0.05,0.05,11,64,40,7,5,12,40,7,5,12,-0.03125,0.32875,0.0,0.11249999999999988,0.760000000000001,2.5649999999999937,4.75,12,15,13,0.3,0.375,0.325
false_hotspot_js_0.1,false_hotspot,0.1,0.05,7,64,41,9,3,11,41,9,3,11,-0.09375,0.2926829268292683,0.0,0.30000000000000004,0.5999999999999996,4.75,5.000000000000001,12,15,14,0.2926829268292683,0.36585365853658536,0.34146341463414637
false_hotspot_js_0.1,false_hotspot,0.1,0.05,11,64,35,12,6,11,35,12,6,11,-0.09375,0.5228571428571429,0.0,0.3749999999999999,2.43,4.75,4.9,9,11,15,0.2571428571428571,0.3142857142857143,0.42857142857142855
false_hotspot_js_0.15,false_hotspot,0.15,0.05,7,64,37,13,3,11,37,13,3,11,-0.15625,0.8959459459459459,0.050000000000000044,2.7,3.8799999999999977,5.0,5.000000000000001,9,6,22,0.24324324324324326,0.16216216216216217,0.5945945945945946
false_hotspot_js_0.15,false_hotspot,0.15,0.05,11,64,34,13,6,11,34,13,6,11,-0.109375,1.086764705882353,0.050000000000000044,2.0875000000000004,4.75,4.935,5.0,5,8,21,0.14705882352941177,0.23529411764705882,0.6176470588235294
false_negative_suppression_js_0.05,false_negative_suppression,0.05,0.05,7,64,50,0,1,13,50,0,1,13,0.015625,0.05899999999999997,0.050000000000000044,0.4500000000000002,0.9100000000000005,1.442499999999999,1.8499999999999999,20,5,25,0.4,0.1,0.5
false_negative_suppression_js_0.05,false_negative_suppression,0.05,0.05,11,64,47,0,4,13,47,0,4,13,0.0625,0.04680851063829782,0.050000000000000044,0.7,1.6199999999999999,1.85,2.05,17,6,24,0.3617021276595745,0.1276595744680851,0.5106382978723404
false_negative_suppression_js_0.1,false_negative_suppression,0.1,0.05,7,64,48,2,2,12,48,2,2,12,0.0,0.6197916666666666,0.6500000000000001,1.85,2.25,2.3,2.45,14,1,33,0.2916666666666667,0.020833333333333332,0.6875
false_negative_suppression_js_0.1,false_negative_suppression,0.1,0.05,11,64,42,5,6,11,42,5,6,11,0.015625,0.32023809523809527,0.575,1.225,1.9399999999999997,2.1399999999999997,2.35,14,4,24,0.3333333333333333,0.09523809523809523,0.5714285714285714
false_negative_suppression_js_0.15,false_negative_suppression,0.15,0.05,7,64,43,7,2,12,43,7,2,12,-0.078125,0.9348837209302326,0.8500000000000001,2.075,2.39,2.4000000000000004,2.55,8,1,34,0.18604651162790697,0.023255813953488372,0.7906976744186046
false_negative_suppression_js_0.15,false_negative_suppression,0.15,0.05,11,64,40,7,7,10,40,7,7,10,0.0,0.495,0.675,1.85,2.265,2.45,2.5,14,4,22,0.35,0.1,0.55
