prior_id,family,target_js_nats,gamma,seed_scope,pairs,both_success_count,oracle_only_count,error_only_count,both_timeout_count,delta_success_rate,both_success_mean_delta_t_find,both_success_median_delta_t_find,error_faster_count_both_success,equal_time_count_both_success,error_slower_count_both_success
spatial_shift_js_0.05,spatial_shift,0.05,0.1,pooled,128,82,1,8,37,0.0546875,0.3920731707317074,0.050000000000000044,10,16,56
spatial_shift_js_0.1,spatial_shift,0.1,0.1,pooled,128,80,3,10,35,0.0546875,0.595,0.09999999999999987,8,11,61
spatial_shift_js_0.15,spatial_shift,0.15,0.1,pooled,128,80,3,15,30,0.09375,1.1349999999999998,0.20000000000000018,6,9,65
diffuse_blur_js_0.05,diffuse_blur,0.05,0.1,pooled,128,83,0,13,32,0.1015625,0.2397590361445783,0.050000000000000044,14,22,47
diffuse_blur_js_0.1,diffuse_blur,0.1,0.1,pooled,128,83,0,12,33,0.09375,0.8825301204819277,0.7,4,16,63
diffuse_blur_js_0.15,diffuse_blur,0.15,0.1,pooled,128,82,1,10,35,0.0703125,1.2859756097560977,1.7000000000000002,1,9,72
false_hotspot_js_0.05,false_hotspot,0.05,0.1,pooled,128,81,2,5,40,0.0234375,0.27037037037037037,0.050000000000000044,9,19,53
false_hotspot_js_0.1,false_hotspot,0.1,0.1,pooled,128,77,6,6,39,0.0,0.7103896103896106,0.10000000000000009,9,8,60
false_hotspot_js_0.15,false_hotspot,0.15,0.1,pooled,128,78,5,6,39,0.0078125,1.169871794871795,0.75,5,7,66
false_negative_suppression_js_0.05,false_negative_suppression,0.05,0.1,pooled,128,83,0,8,37,0.0625,0.330722891566265,0.050000000000000044,25,16,42
false_negative_suppression_js_0.1,false_negative_suppression,0.1,0.1,pooled,128,83,0,11,34,0.0859375,0.6066265060240963,0.44999999999999996,23,13,47
false_negative_suppression_js_0.15,false_negative_suppression,0.15,0.1,pooled,128,81,2,11,34,0.0703125,0.8111111111111111,0.7,21,8,52
spatial_shift_js_0.05,spatial_shift,0.05,0.05,pooled,128,79,18,7,24,-0.0859375,0.4063291139240506,0.0,17,25,37
spatial_shift_js_0.1,spatial_shift,0.1,0.05,pooled,128,73,24,7,24,-0.1328125,0.4821917808219178,0.050000000000000044,14,14,45
spatial_shift_js_0.15,spatial_shift,0.15,0.05,pooled,128,83,14,8,23,-0.046875,1.074698795180723,0.3500000000000001,10,12,61
diffuse_blur_js_0.05,diffuse_blur,0.05,0.05,pooled,128,97,0,6,25,0.046875,0.2670103092783505,0.04999999999999982,27,21,49
diffuse_blur_js_0.1,diffuse_blur,0.1,0.05,pooled,128,91,6,9,22,0.0234375,0.7104395604395605,0.8,23,11,57
diffuse_blur_js_0.15,diffuse_blur,0.15,0.05,pooled,128,75,22,8,23,-0.109375,1.2313333333333334,1.6500000000000001,14,9,52
false_hotspot_js_0.05,false_hotspot,0.05,0.05,pooled,128,86,11,8,23,-0.0234375,0.2808139534883721,0.0,25,32,29
false_hotspot_js_0.1,false_hotspot,0.1,0.05,pooled,128,76,21,9,22,-0.09375,0.3986842105263158,0.0,21,26,29
false_hotspot_js_0.15,false_hotspot,0.15,0.05,pooled,128,71,26,9,22,-0.1328125,0.987323943661972,0.050000000000000044,14,14,43
false_negative_suppression_js_0.05,false_negative_suppression,0.05,0.05,pooled,128,97,0,5,26,0.0390625,0.053092783505154596,0.050000000000000044,37,11,49
false_negative_suppression_js_0.1,false_negative_suppression,0.1,0.05,pooled,128,90,7,8,23,0.0078125,0.4799999999999999,0.625,28,5,57
false_negative_suppression_js_0.15,false_negative_suppression,0.15,0.05,pooled,128,83,14,9,22,-0.0390625,0.7228915662650602,0.8,22,5,56
