seed,episode,target_x,target_y,success,t_find,capped_time,path_length_until_stop
100,0,0.7375,0.8625,True,4.75,4.75,1.9104824880734308
100,1,0.7375,0.7625,True,4.4,4.4,1.8605584926248768
100,2,0.7125,0.6375,True,1.4000000000000001,1.4000000000000001,0.7044957493271019
100,3,0.3625,0.1875,True,0.30000000000000004,0.30000000000000004,0.0413612054247729
100,4,0.7625,0.9625,True,5.1000000000000005,5.1000000000000005,2.0622815466473736
100,5,0.7375,0.7625,True,4.4,4.4,1.8605584926248768
100,6,0.7875,0.8375,True,4.8500000000000005,4.8500000000000005,1.9407061307508886
100,7,0.6625,0.9125,True,4.75,4.75,1.9104824880734308
100,8,0.9125,0.7875,True,6.6000000000000005,6.6000000000000005,2.322219565292958
100,9,0.8375,0.5625,False,,15.0,2.322219565292958
100,10,0.9375,0.9625,True,8.200000000000001,8.200000000000001,2.322219565292958
100,11,0.6875,0.6375,True,1.4000000000000001,1.4000000000000001,0.7044957493271019
100,12,0.0625,0.7875,False,,15.0,2.322219565292958
100,13,0.6625,0.7625,True,1.6500000000000001,1.6500000000000001,0.8667650580554597
100,14,0.7625,0.7625,True,4.55,4.55,1.8824477514376188
100,15,0.7625,0.7375,True,4.5,4.5,1.8769236507304747
100,16,0.8125,0.9875,True,5.15,5.15,2.09493328580472
100,17,0.5625,0.7375,True,1.7000000000000002,1.7000000000000002,0.9059441109550956
100,18,0.6625,0.8375,True,4.25,4.25,1.8100796069296765
100,19,0.9875,0.7125,True,6.800000000000001,6.800000000000001,2.322219565292958
100,20,0.8875,0.9875,True,8.6,8.6,2.322219565292958
100,21,0.8625,0.9625,True,5.4,5.4,2.2433012637596623
100,22,0.7125,0.6875,True,1.5,1.5,0.7632348728110715
100,23,0.5875,0.6625,True,1.55,1.55,0.796363930007437
100,24,0.5125,0.8875,True,1.9000000000000001,1.9000000000000001,1.047661128529649
100,25,0.8625,0.8375,True,6.2,6.2,2.322219565292958
100,26,0.9375,0.7875,True,6.75,6.75,2.322219565292958
100,27,0.7875,0.6875,True,6.2,6.2,2.322219565292958
100,28,0.6875,0.6875,True,1.5,1.5,0.7632348728110715
100,29,0.1375,0.5125,False,,15.0,2.322219565292958
100,30,0.9375,0.7625,True,6.7,6.7,2.322219565292958
100,31,0.0875,0.3625,False,,15.0,2.322219565292958
100,32,0.5875,0.6375,True,1.4500000000000002,1.4500000000000002,0.7338653110690868
100,33,0.7125,0.7875,True,4.3,4.3,1.8306675678694224
100,34,0.5125,0.0625,False,,15.0,2.322219565292958
100,35,0.7375,0.8625,True,4.75,4.75,1.9104824880734308
100,36,0.3875,0.3125,True,0.5,0.5,0.13549383100528486
100,37,0.7125,0.7375,True,4.3,4.3,1.8306675678694224
100,38,0.8375,0.7375,True,6.300000000000001,6.300000000000001,2.322219565292958
100,39,0.9375,0.5875,False,,15.0,2.322219565292958
100,40,0.8625,0.9375,True,5.45,5.45,2.2670114473336027
100,41,0.7375,0.6625,True,4.3500000000000005,4.3500000000000005,1.8456130302471498
100,42,0.5875,0.7375,True,1.6500000000000001,1.6500000000000001,0.8667650580554597
100,43,0.6125,0.8875,True,4.1000000000000005,4.1000000000000005,1.7393550592688283
100,44,0.7125,0.7875,True,4.3,4.3,1.8306675678694224
100,45,0.6375,0.6875,True,1.55,1.55,0.796363930007437
100,46,0.5125,0.4125,True,0.75,0.75,0.2942393668861083
100,47,0.8625,0.9375,True,5.45,5.45,2.2670114473336027
100,48,0.7125,0.7625,True,4.3,4.3,1.8306675678694224
100,49,0.6625,0.7625,True,1.6500000000000001,1.6500000000000001,0.8667650580554597
100,50,0.7375,0.7625,True,4.4,4.4,1.8605584926248768
100,51,0.0875,0.5375,False,,15.0,2.322219565292958
100,52,0.9625,0.7375,True,6.75,6.75,2.322219565292958
100,53,0.2375,0.7625,False,,15.0,2.322219565292958
100,54,0.6625,0.7625,True,1.6500000000000001,1.6500000000000001,0.8667650580554597
100,55,0.7625,0.5625,False,,15.0,2.322219565292958
100,56,0.6375,0.8125,True,1.7000000000000002,1.7000000000000002,0.9059441109550956
100,57,0.9625,0.2875,False,,15.0,2.322219565292958
100,58,0.6125,0.6625,True,1.5,1.5,0.7632348728110715
100,59,0.9375,0.4375,False,,15.0,2.322219565292958
100,60,0.8875,0.8125,True,6.45,6.45,2.322219565292958
100,61,0.5375,0.7375,True,1.7000000000000002,1.7000000000000002,0.9059441109550956
100,62,0.7625,0.7125,True,4.45,4.45,1.8688873829072623
100,63,0.5875,0.3125,True,1.1,1.1,0.5394465667691211
100,64,0.6125,0.7125,True,1.6,1.6,0.8300044430647797
100,65,0.8625,0.5875,False,,15.0,2.322219565292958
100,66,0.8375,0.6375,False,,15.0,2.322219565292958
100,67,0.7125,0.6875,True,1.5,1.5,0.7632348728110715
100,68,0.6125,0.8125,True,1.7000000000000002,1.7000000000000002,0.9059441109550956
100,69,0.7625,0.8375,True,4.800000000000001,4.800000000000001,1.92559430941216
100,70,0.8375,0.6625,True,6.3500000000000005,6.3500000000000005,2.322219565292958
100,71,0.7875,0.7875,True,6.0,6.0,2.322219565292958
100,72,0.6375,0.7375,True,1.6,1.6,0.8300044430647797
100,73,0.7875,0.7875,True,6.0,6.0,2.322219565292958
100,74,0.6625,0.6625,True,1.4500000000000002,1.4500000000000002,0.7338653110690868
100,75,0.9875,0.8875,True,7.45,7.45,2.322219565292958
100,76,0.7375,0.7875,True,4.45,4.45,1.8688873829072623
100,77,0.8625,0.5625,False,,15.0,2.322219565292958
100,78,0.6125,0.7625,True,1.6500000000000001,1.6500000000000001,0.8667650580554597
100,79,0.9125,0.8125,True,6.6000000000000005,6.6000000000000005,2.322219565292958
100,80,0.7125,0.8375,True,4.45,4.45,1.8688873829072623
100,81,0.5625,0.7125,True,1.6500000000000001,1.6500000000000001,0.8667650580554597
100,82,0.6375,0.6375,True,1.4000000000000001,1.4000000000000001,0.7044957493271019
100,83,0.8625,0.7625,True,6.3500000000000005,6.3500000000000005,2.322219565292958
100,84,0.7625,0.8125,True,4.7,4.7,1.9013631834383335
100,85,0.6125,0.7375,True,1.6500000000000001,1.6500000000000001,0.8667650580554597
100,86,0.7625,0.5625,False,,15.0,2.322219565292958
100,87,0.8375,0.7625,True,6.25,6.25,2.322219565292958
100,88,0.5375,0.8375,True,1.85,1.85,1.0155134685359544
100,89,0.7125,0.9125,True,4.8500000000000005,4.8500000000000005,1.9407061307508886
100,90,0.7875,0.9875,True,5.15,5.15,2.09493328580472
100,91,0.9875,0.6625,False,,15.0,2.322219565292958
100,92,0.9125,0.8375,True,6.65,6.65,2.322219565292958
100,93,0.9125,0.7875,True,6.6000000000000005,6.6000000000000005,2.322219565292958
100,94,0.7375,0.9625,True,5.050000000000001,5.050000000000001,2.0340391507658504
100,95,0.6375,0.7375,True,1.6,1.6,0.8300044430647797
100,96,0.4375,0.8875,True,2.0500000000000003,2.0500000000000003,1.1402114373597465
100,97,0.5875,0.7375,True,1.6500000000000001,1.6500000000000001,0.8667650580554597
100,98,0.7125,0.6375,True,1.4000000000000001,1.4000000000000001,0.7044957493271019
100,99,0.9875,0.9375,True,7.800000000000001,7.800000000000001,2.322219565292958
100,100,0.6875,0.6375,True,1.4000000000000001,1.4000000000000001,0.7044957493271019
100,101,0.9125,0.6375,False,,15.0,2.322219565292958
100,102,0.2375,0.2625,True,0.1,0.1,0.0
100,103,0.0875,0.0125,False,,15.0,2.322219565292958
100,104,0.7375,0.6625,True,4.3500000000000005,4.3500000000000005,1.8456130302471498
100,105,0.4875,0.6375,True,1.7000000000000002,1.7000000000000002,0.9059441109550956
100,106,0.7625,0.8125,True,4.7,4.7,1.9013631834383335
100,107,0.5125,0.0625,False,,15.0,2.322219565292958
100,108,0.8625,0.8875,True,5.45,5.45,2.2670114473336027
100,109,0.5625,0.8625,True,1.85,1.85,1.0155134685359544
100,110,0.6625,0.9125,True,4.75,4.75,1.9104824880734308
100,111,0.6375,0.8375,True,1.75,1.75,0.9442490772178619
100,112,0.7125,0.7875,True,4.3,4.3,1.8306675678694224
100,113,0.5875,0.8375,True,1.75,1.75,0.9442490772178619
100,114,0.7375,0.8875,True,4.8500000000000005,4.8500000000000005,1.9407061307508886
100,115,0.9125,0.8625,True,6.75,6.75,2.322219565292958
100,116,0.4875,0.6375,True,1.7000000000000002,1.7000000000000002,0.9059441109550956
100,117,0.8125,0.9375,True,5.1000000000000005,5.1000000000000005,2.0622815466473736
100,118,0.7375,0.9875,True,5.15,5.15,2.09493328580472
100,119,0.9875,0.7875,True,6.95,6.95,2.322219565292958
100,120,0.8375,0.7625,True,6.25,6.25,2.322219565292958
100,121,0.8375,0.7625,True,6.25,6.25,2.322219565292958
100,122,0.8875,0.7875,True,6.45,6.45,2.322219565292958
100,123,0.6125,0.9125,True,4.45,4.45,1.8688873829072623
100,124,0.8875,0.6375,False,,15.0,2.322219565292958
100,125,0.7375,0.6875,True,4.3500000000000005,4.3500000000000005,1.8456130302471498
100,126,0.1625,0.6625,False,,15.0,2.322219565292958
100,127,0.7125,0.8125,True,4.4,4.4,1.8605584926248768
100,128,0.8375,0.1375,False,,15.0,2.322219565292958
100,129,0.7625,0.6875,True,4.45,4.45,1.8688873829072623
100,130,0.7625,0.6875,True,4.45,4.45,1.8688873829072623
100,131,0.7125,0.6875,True,1.5,1.5,0.7632348728110715
100,132,0.5375,0.7625,True,1.75,1.75,0.9442490772178619
100,133,0.7125,0.6125,True,1.35,1.35,0.6770485280520226
100,134,0.8625,0.8875,True,5.45,5.45,2.2670114473336027
100,135,0.5875,0.6875,True,1.55,1.55,0.796363930007437
100,136,0.8875,0.9375,True,5.7,5.7,2.322219565292958
100,137,0.9125,0.9125,True,8.0,8.0,2.322219565292958
100,138,0.7875,0.6625,False,,15.0,2.322219565292958
100,139,0.9875,0.6625,False,,15.0,2.322219565292958
100,140,0.8875,0.7625,True,6.45,6.45,2.322219565292958
100,141,0.7125,0.6875,True,1.5,1.5,0.7632348728110715
100,142,0.0875,0.4625,False,,15.0,2.322219565292958
100,143,0.6625,0.6375,True,1.4000000000000001,1.4000000000000001,0.7044957493271019
100,144,0.7875,0.5625,False,,15.0,2.322219565292958
100,145,0.8875,0.6875,True,6.5,6.5,2.322219565292958
100,146,0.8375,0.8875,True,5.3500000000000005,5.3500000000000005,2.218726785641539
100,147,0.7625,0.7125,True,4.45,4.45,1.8688873829072623
100,148,0.8875,0.1875,False,,15.0,2.322219565292958
100,149,0.6375,0.8375,True,1.75,1.75,0.9442490772178619
100,150,0.4625,0.8875,True,2.0,2.0,1.110250389608536
100,151,0.7875,0.8875,True,4.95,4.95,1.982029203739915
100,152,0.8625,0.6875,True,6.4,6.4,2.322219565292958
100,153,0.7625,0.6375,False,,15.0,2.322219565292958
100,154,0.7375,0.9625,True,5.050000000000001,5.050000000000001,2.0340391507658504
100,155,0.6125,0.6875,True,1.55,1.55,0.796363930007437
100,156,0.9375,0.7375,True,6.65,6.65,2.322219565292958
100,157,0.8875,0.9625,True,8.65,8.65,2.322219565292958
100,158,0.8875,0.8625,True,6.300000000000001,6.300000000000001,2.322219565292958
100,159,0.8625,0.8875,True,5.45,5.45,2.2670114473336027
100,160,0.7625,0.9125,True,4.95,4.95,1.982029203739915
100,161,0.6625,0.8125,True,4.2,4.2,1.7873562005752595
100,162,0.6375,0.6625,True,1.5,1.5,0.7632348728110715
100,163,0.8125,0.5625,False,,15.0,2.322219565292958
100,164,0.8625,0.8125,True,6.25,6.25,2.322219565292958
100,165,0.6125,0.7625,True,1.6500000000000001,1.6500000000000001,0.8667650580554597
100,166,0.3375,0.3625,True,0.45,0.45,0.10729688896766952
100,167,0.5875,0.8875,True,1.85,1.85,1.0155134685359544
100,168,0.8625,0.3875,False,,15.0,2.322219565292958
100,169,0.8125,0.8625,True,5.25,5.25,2.1591513529922426
100,170,0.8625,0.8375,True,6.2,6.2,2.322219565292958
100,171,0.8625,0.9625,True,5.4,5.4,2.2433012637596623
100,172,0.6125,0.6375,True,1.4500000000000002,1.4500000000000002,0.7338653110690868
100,173,0.5375,0.1125,False,,15.0,2.322219565292958
100,174,0.6875,0.7375,True,1.6,1.6,0.8300044430647797
100,175,0.0875,0.9375,False,,15.0,2.322219565292958
100,176,0.7375,0.9375,True,5.0,5.0,2.006059431184224
100,177,0.8125,0.6625,False,,15.0,2.322219565292958
100,178,0.6875,0.6875,True,1.5,1.5,0.7632348728110715
100,179,0.2125,0.9625,False,,15.0,2.322219565292958
100,180,0.6125,0.8625,True,1.8,1.8,0.9798812728769082
100,181,0.5875,0.9375,True,4.7,4.7,1.9013631834383335
100,182,0.9625,0.8375,True,7.0,7.0,2.322219565292958
100,183,0.6375,0.7375,True,1.6,1.6,0.8300044430647797
100,184,0.6625,0.5125,True,1.25,1.25,0.6231046099138844
100,185,0.7125,0.7375,True,4.3,4.3,1.8306675678694224
100,186,0.4625,0.3875,True,0.65,0.65,0.22692018119701382
100,187,0.7375,0.8375,True,4.65,4.65,1.8922857291669797
100,188,0.6375,0.8125,True,1.7000000000000002,1.7000000000000002,0.9059441109550956
100,189,0.6625,0.7625,True,1.6500000000000001,1.6500000000000001,0.8667650580554597
100,190,0.8375,0.6625,True,6.3500000000000005,6.3500000000000005,2.322219565292958
100,191,0.7375,0.8125,True,4.5,4.5,1.8769236507304747
100,192,0.5625,0.7125,True,1.6500000000000001,1.6500000000000001,0.8667650580554597
100,193,0.6375,0.7125,True,1.55,1.55,0.796363930007437
100,194,0.8375,0.7625,True,6.25,6.25,2.322219565292958
100,195,0.8125,0.7625,True,6.15,6.15,2.322219565292958
100,196,0.7875,0.5875,False,,15.0,2.322219565292958
100,197,0.8125,0.8125,True,6.0,6.0,2.322219565292958
100,198,0.7375,0.5625,True,1.25,1.25,0.6231046099138844
100,199,0.8125,0.8375,True,5.300000000000001,5.300000000000001,2.1903349698250842
100,200,0.7125,0.6375,True,1.4000000000000001,1.4000000000000001,0.7044957493271019
100,201,0.4125,0.7375,True,2.1,2.1,1.1694906274872432
100,202,0.9625,0.7875,True,6.8500000000000005,6.8500000000000005,2.322219565292958
100,203,0.6625,0.7125,True,1.55,1.55,0.796363930007437
100,204,0.9125,0.7125,True,6.550000000000001,6.550000000000001,2.322219565292958
100,205,0.0125,0.3875,False,,15.0,2.322219565292958
100,206,0.6875,0.8375,True,4.3500000000000005,4.3500000000000005,1.8456130302471498
100,207,0.6375,0.7125,True,1.55,1.55,0.796363930007437
100,208,0.8875,0.7375,True,6.5,6.5,2.322219565292958
100,209,0.5875,0.5875,True,1.35,1.35,0.6770485280520226
100,210,0.7375,0.7875,True,4.45,4.45,1.8688873829072623
100,211,0.5125,0.2625,False,,15.0,2.322219565292958
100,212,0.6625,0.5625,True,1.25,1.25,0.6231046099138844
100,213,0.9125,0.7875,True,6.6000000000000005,6.6000000000000005,2.322219565292958
100,214,0.5625,0.8125,True,1.75,1.75,0.9442490772178619
100,215,0.6375,0.7375,True,1.6,1.6,0.8300044430647797
100,216,0.8875,0.5875,False,,15.0,2.322219565292958
100,217,0.4375,0.9625,True,2.1,2.1,1.1694906274872432
100,218,0.1875,0.3625,False,,15.0,2.322219565292958
100,219,0.6875,0.6125,True,1.35,1.35,0.6770485280520226
100,220,0.7875,0.8375,True,4.8500000000000005,4.8500000000000005,1.9407061307508886
100,221,0.6875,0.8375,True,4.3500000000000005,4.3500000000000005,1.8456130302471498
100,222,0.7125,0.7625,True,4.3,4.3,1.8306675678694224
100,223,0.7125,0.7375,True,4.3,4.3,1.8306675678694224
100,224,0.7625,0.6625,False,,15.0,2.322219565292958
100,225,0.7375,0.5375,True,1.25,1.25,0.6231046099138844
100,226,0.6375,0.7875,True,1.7000000000000002,1.7000000000000002,0.9059441109550956
100,227,0.7375,0.6875,True,4.3500000000000005,4.3500000000000005,1.8456130302471498
100,228,0.6875,0.8375,True,4.3500000000000005,4.3500000000000005,1.8456130302471498
100,229,0.7375,0.5375,True,1.25,1.25,0.6231046099138844
100,230,0.7875,0.6875,True,6.2,6.2,2.322219565292958
100,231,0.9125,0.7625,True,6.6000000000000005,6.6000000000000005,2.322219565292958
100,232,0.5875,0.7125,True,1.6,1.6,0.8300044430647797
100,233,0.9375,0.1125,False,,15.0,2.322219565292958
100,234,0.7875,0.7375,True,6.15,6.15,2.322219565292958
100,235,0.3125,0.3875,True,0.5,0.5,0.13549383100528486
100,236,0.9375,0.0625,False,,15.0,2.322219565292958
100,237,0.8125,0.5875,False,,15.0,2.322219565292958
100,238,0.7375,0.5625,True,1.25,1.25,0.6231046099138844
100,239,0.7875,0.8125,True,4.800000000000001,4.800000000000001,1.92559430941216
100,240,0.5375,0.8125,True,1.8,1.8,0.9798812728769082
100,241,0.7875,0.8375,True,4.8500000000000005,4.8500000000000005,1.9407061307508886
100,242,0.8125,0.8375,True,5.300000000000001,5.300000000000001,2.1903349698250842
100,243,0.8125,0.9375,True,5.1000000000000005,5.1000000000000005,2.0622815466473736
100,244,0.6625,0.7125,True,1.55,1.55,0.796363930007437
100,245,0.6375,0.8875,True,4.3,4.3,1.8306675678694224
100,246,0.6375,0.7875,True,1.7000000000000002,1.7000000000000002,0.9059441109550956
100,247,0.6625,0.7875,True,1.6500000000000001,1.6500000000000001,0.8667650580554597
100,248,0.9625,0.5375,False,,15.0,2.322219565292958
100,249,0.7125,0.8875,True,4.800000000000001,4.800000000000001,1.92559430941216
100,250,0.7625,0.8125,True,4.7,4.7,1.9013631834383335
100,251,0.8125,0.7625,True,6.15,6.15,2.322219565292958
100,252,0.7125,0.6375,True,1.4000000000000001,1.4000000000000001,0.7044957493271019
100,253,0.8125,0.6125,False,,15.0,2.322219565292958
100,254,0.9125,0.7875,True,6.6000000000000005,6.6000000000000005,2.322219565292958
100,255,0.4625,0.8625,True,1.9500000000000002,1.9500000000000002,1.0795446402898725
101,0,0.6875,0.9375,True,4.9,4.9,1.960349793871407
101,1,0.8625,0.6625,True,6.45,6.45,2.322219565292958
101,2,0.7625,0.8375,True,4.800000000000001,4.800000000000001,1.92559430941216
101,3,0.7125,0.7625,True,4.3,4.3,1.8306675678694224
101,4,0.7625,0.6375,False,,15.0,2.322219565292958
101,5,0.8125,0.9125,True,5.050000000000001,5.050000000000001,2.0340391507658504
101,6,0.6375,0.8875,True,4.3,4.3,1.8306675678694224
101,7,0.9125,0.6625,True,6.550000000000001,6.550000000000001,2.322219565292958
101,8,0.7375,0.9625,True,5.050000000000001,5.050000000000001,2.0340391507658504
101,9,0.8875,0.5875,False,,15.0,2.322219565292958
101,10,0.9125,0.8375,True,6.65,6.65,2.322219565292958
101,11,0.8375,0.7875,True,6.2,6.2,2.322219565292958
101,12,0.7875,0.7125,True,6.2,6.2,2.322219565292958
101,13,0.2875,0.1375,True,0.0,0.0,0.0
101,14,0.9125,0.8875,True,7.0,7.0,2.322219565292958
101,15,0.6125,0.7625,True,1.6500000000000001,1.6500000000000001,0.8667650580554597
101,16,0.6875,0.6875,True,1.5,1.5,0.7632348728110715
101,17,0.8125,0.6625,False,,15.0,2.322219565292958
101,18,0.6875,0.7875,True,4.25,4.25,1.8100796069296765
101,19,0.7625,0.6625,False,,15.0,2.322219565292958
101,20,0.6125,0.7375,True,1.6500000000000001,1.6500000000000001,0.8667650580554597
101,21,0.3375,0.6875,False,,15.0,2.322219565292958
101,22,0.4625,0.2375,True,0.55,0.55,0.16501443607301086
101,23,0.7625,0.6125,False,,15.0,2.322219565292958
101,24,0.7875,0.8625,True,4.9,4.9,1.960349793871407
101,25,0.5875,0.8625,True,1.8,1.8,0.9798812728769082
101,26,0.7625,0.7875,True,4.65,4.65,1.8922857291669797
101,27,0.7875,0.7125,True,6.2,6.2,2.322219565292958
101,28,0.6875,0.9625,True,5.0,5.0,2.006059431184224
101,29,0.7875,0.8625,True,4.9,4.9,1.960349793871407
101,30,0.7125,0.6125,True,1.35,1.35,0.6770485280520226
101,31,0.5375,0.7625,True,1.75,1.75,0.9442490772178619
101,32,0.8625,0.9375,True,5.45,5.45,2.2670114473336027
101,33,0.7625,0.8375,True,4.800000000000001,4.800000000000001,1.92559430941216
101,34,0.0875,0.6875,False,,15.0,2.322219565292958
101,35,0.7875,0.7125,True,6.2,6.2,2.322219565292958
101,36,0.6875,0.7375,True,1.6,1.6,0.8300044430647797
101,37,0.4625,0.9125,True,2.0,2.0,1.110250389608536
101,38,0.6875,0.8125,True,4.25,4.25,1.8100796069296765
101,39,0.7375,0.6875,True,4.3500000000000005,4.3500000000000005,1.8456130302471498
101,40,0.7375,0.7125,True,4.3500000000000005,4.3500000000000005,1.8456130302471498
101,41,0.8625,0.3875,False,,15.0,2.322219565292958
101,42,0.9375,0.7125,True,6.65,6.65,2.322219565292958
101,43,0.0625,0.6125,False,,15.0,2.322219565292958
101,44,0.9875,0.3875,False,,15.0,2.322219565292958
101,45,0.7625,0.3875,False,,15.0,2.322219565292958
101,46,0.7625,0.5875,False,,15.0,2.322219565292958
101,47,0.5125,0.8125,True,1.85,1.85,1.0155134685359544
101,48,0.6875,0.5625,True,1.25,1.25,0.6231046099138844
101,49,0.5375,0.7625,True,1.75,1.75,0.9442490772178619
101,50,0.7875,0.7625,True,6.1000000000000005,6.1000000000000005,2.322219565292958
101,51,0.6125,0.9625,True,5.0,5.0,2.006059431184224
101,52,0.7125,0.7125,True,4.3,4.3,1.8306675678694224
101,53,0.6875,0.8375,True,4.3500000000000005,4.3500000000000005,1.8456130302471498
101,54,0.9875,0.1375,False,,15.0,2.322219565292958
101,55,0.6375,0.7875,True,1.7000000000000002,1.7000000000000002,0.9059441109550956
101,56,0.8875,0.9625,True,8.65,8.65,2.322219565292958
101,57,0.1125,0.2125,False,,15.0,2.322219565292958
101,58,0.6375,0.9125,True,4.6000000000000005,4.6000000000000005,1.8865633120953103
101,59,0.6625,0.5375,True,1.25,1.25,0.6231046099138844
101,60,0.8125,0.7875,True,6.1000000000000005,6.1000000000000005,2.322219565292958
101,61,0.3375,0.1125,True,0.0,0.0,0.0
101,62,0.5375,0.2625,False,,15.0,2.322219565292958
101,63,0.5375,0.5125,True,0.9500000000000001,0.9500000000000001,0.4435670978493634
101,64,0.4125,0.9125,True,2.1,2.1,1.1694906274872432
101,65,0.7375,0.8375,True,4.65,4.65,1.8922857291669797
101,66,0.7375,0.7875,True,4.45,4.45,1.8688873829072623
101,67,0.6625,0.7875,True,1.6500000000000001,1.6500000000000001,0.8667650580554597
101,68,0.7625,0.6375,False,,15.0,2.322219565292958
101,69,0.7375,0.7375,True,4.3500000000000005,4.3500000000000005,1.8456130302471498
101,70,0.8375,0.7125,True,6.300000000000001,6.300000000000001,2.322219565292958
101,71,0.7875,0.9375,True,5.050000000000001,5.050000000000001,2.0340391507658504
101,72,0.6875,0.7125,True,1.55,1.55,0.796363930007437
101,73,0.8875,0.8125,True,6.45,6.45,2.322219565292958
101,74,0.8625,0.6625,True,6.45,6.45,2.322219565292958
101,75,0.8375,0.9125,True,5.300000000000001,5.300000000000001,2.1903349698250842
101,76,0.8875,0.8625,True,6.300000000000001,6.300000000000001,2.322219565292958
101,77,0.7375,0.9875,True,5.15,5.15,2.09493328580472
101,78,0.9375,0.5875,False,,15.0,2.322219565292958
101,79,0.6625,0.8875,True,4.5,4.5,1.8769236507304747
101,80,0.8125,0.7125,True,6.25,6.25,2.322219565292958
101,81,0.6375,0.7375,True,1.6,1.6,0.8300044430647797
101,82,0.8125,0.7375,True,6.2,6.2,2.322219565292958
101,83,0.8125,0.3875,False,,15.0,2.322219565292958
101,84,0.7625,0.8875,True,4.9,4.9,1.960349793871407
101,85,0.7875,0.7625,True,6.1000000000000005,6.1000000000000005,2.322219565292958
101,86,0.8125,0.4375,False,,15.0,2.322219565292958
101,87,0.8125,0.8125,True,6.0,6.0,2.322219565292958
101,88,0.7625,0.4625,False,,15.0,2.322219565292958
101,89,0.6125,0.6875,True,1.55,1.55,0.796363930007437
101,90,0.7875,0.7875,True,6.0,6.0,2.322219565292958
101,91,0.7625,0.7125,True,4.45,4.45,1.8688873829072623
101,92,0.1125,0.2875,False,,15.0,2.322219565292958
101,93,0.9125,0.7625,True,6.6000000000000005,6.6000000000000005,2.322219565292958
101,94,0.9375,0.6625,True,6.6000000000000005,6.6000000000000005,2.322219565292958
101,95,0.6125,0.6875,True,1.55,1.55,0.796363930007437
101,96,0.7875,0.5375,False,,15.0,2.322219565292958
101,97,0.7375,0.5625,True,1.25,1.25,0.6231046099138844
101,98,0.7625,0.9875,True,5.15,5.15,2.09493328580472
101,99,0.7875,0.7625,True,6.1000000000000005,6.1000000000000005,2.322219565292958
101,100,0.6875,0.7625,True,1.6,1.6,0.8300044430647797
101,101,0.7375,0.8375,True,4.65,4.65,1.8922857291669797
101,102,0.6375,0.6875,True,1.55,1.55,0.796363930007437
101,103,0.6375,0.5375,True,1.3,1.3,0.6500733672447626
101,104,0.7875,0.7625,True,6.1000000000000005,6.1000000000000005,2.322219565292958
101,105,0.7625,0.6875,True,4.45,4.45,1.8688873829072623
101,106,0.7625,0.6875,True,4.45,4.45,1.8688873829072623
101,107,0.0875,0.3875,False,,15.0,2.322219565292958
101,108,0.8625,0.6875,True,6.4,6.4,2.322219565292958
101,109,0.9125,0.2125,False,,15.0,2.322219565292958
101,110,0.4625,0.9125,True,2.0,2.0,1.110250389608536
101,111,0.5375,0.6875,True,1.6500000000000001,1.6500000000000001,0.8667650580554597
101,112,0.6875,0.8125,True,4.25,4.25,1.8100796069296765
101,113,0.7125,0.7625,True,4.3,4.3,1.8306675678694224
101,114,0.5875,0.7125,True,1.6,1.6,0.8300044430647797
101,115,0.7125,0.6625,True,1.4500000000000002,1.4500000000000002,0.7338653110690868
101,116,0.4875,0.1375,False,,15.0,2.322219565292958
101,117,0.7125,0.7875,True,4.3,4.3,1.8306675678694224
101,118,0.9625,0.4125,False,,15.0,2.322219565292958
101,119,0.5875,0.6125,True,1.4000000000000001,1.4000000000000001,0.7044957493271019
101,120,0.9375,0.9375,True,8.0,8.0,2.322219565292958
101,121,0.5625,0.6875,True,1.6,1.6,0.8300044430647797
101,122,0.8875,0.6625,True,6.5,6.5,2.322219565292958
101,123,0.9375,0.7875,True,6.75,6.75,2.322219565292958
101,124,0.2375,0.6375,False,,15.0,2.322219565292958
101,125,0.9875,0.6625,False,,15.0,2.322219565292958
101,126,0.8625,0.6375,False,,15.0,2.322219565292958
101,127,0.2625,0.8125,False,,15.0,2.322219565292958
101,128,0.1875,0.3375,True,0.4,0.4,0.08272241084954578
101,129,0.6125,0.6875,True,1.55,1.55,0.796363930007437
101,130,0.8625,0.9875,True,5.2,5.2,2.1275850249620665
101,131,0.6125,0.7875,True,1.7000000000000002,1.7000000000000002,0.9059441109550956
101,132,0.8125,0.7125,True,6.25,6.25,2.322219565292958
101,133,0.7125,0.6375,True,1.4000000000000001,1.4000000000000001,0.7044957493271019
101,134,0.8875,0.0875,False,,15.0,2.322219565292958
101,135,0.6625,0.9125,True,4.75,4.75,1.9104824880734308
101,136,0.7875,0.9125,True,5.0,5.0,2.006059431184224
101,137,0.8625,0.9625,True,5.4,5.4,2.2433012637596623
101,138,0.8375,0.7125,True,6.300000000000001,6.300000000000001,2.322219565292958
101,139,0.7375,0.7625,True,4.4,4.4,1.8605584926248768
101,140,0.7125,0.6375,True,1.4000000000000001,1.4000000000000001,0.7044957493271019
101,141,0.6875,0.8625,True,4.45,4.45,1.8688873829072623
101,142,0.6625,0.7625,True,1.6500000000000001,1.6500000000000001,0.8667650580554597
101,143,0.7875,0.6375,False,,15.0,2.322219565292958
101,144,0.7625,0.6375,False,,15.0,2.322219565292958
101,145,0.8375,0.6625,True,6.3500000000000005,6.3500000000000005,2.322219565292958
101,146,0.7875,0.7875,True,6.0,6.0,2.322219565292958
101,147,0.6625,0.8375,True,4.25,4.25,1.8100796069296765
101,148,0.7125,0.4375,True,1.4500000000000002,1.4500000000000002,0.7338653110690868
101,149,0.8875,0.9125,True,5.6000000000000005,5.6000000000000005,2.309700533256784
101,150,0.9625,0.8125,True,6.9,6.9,2.322219565292958
101,151,0.9125,0.8375,True,6.65,6.65,2.322219565292958
101,152,0.2625,0.5875,False,,15.0,2.322219565292958
101,153,0.7875,0.5125,False,,15.0,2.322219565292958
101,154,0.7875,0.8125,True,4.800000000000001,4.800000000000001,1.92559430941216
101,155,0.5875,0.9375,True,4.7,4.7,1.9013631834383335
101,156,0.7625,0.6625,False,,15.0,2.322219565292958
101,157,0.0375,0.4375,False,,15.0,2.322219565292958
101,158,0.6375,0.6625,True,1.5,1.5,0.7632348728110715
101,159,0.7625,0.8625,True,4.8500000000000005,4.8500000000000005,1.9407061307508886
101,160,0.6625,0.8625,True,4.3,4.3,1.8306675678694224
101,161,0.5875,0.6125,True,1.4000000000000001,1.4000000000000001,0.7044957493271019
101,162,0.6375,0.5375,True,1.3,1.3,0.6500733672447626
101,163,0.1625,0.7375,False,,15.0,2.322219565292958
101,164,0.5625,0.6625,True,1.55,1.55,0.796363930007437
101,165,0.8625,0.8625,True,6.0,6.0,2.322219565292958
101,166,0.7625,0.7125,True,4.45,4.45,1.8688873829072623
101,167,0.9375,0.5875,False,,15.0,2.322219565292958
101,168,0.1625,0.7125,False,,15.0,2.322219565292958
101,169,0.8625,0.5875,False,,15.0,2.322219565292958
101,170,0.5875,0.8125,True,1.75,1.75,0.9442490772178619
101,171,0.7375,0.9625,True,5.050000000000001,5.050000000000001,2.0340391507658504
101,172,0.8125,0.7625,True,6.15,6.15,2.322219565292958
101,173,0.6375,0.6125,True,1.35,1.35,0.6770485280520226
101,174,0.3875,0.8625,True,2.1,2.1,1.1694906274872432
101,175,0.9125,0.6625,True,6.550000000000001,6.550000000000001,2.322219565292958
101,176,0.1375,0.3875,False,,15.0,2.322219565292958
101,177,0.6125,0.5375,True,1.35,1.35,0.6770485280520226
101,178,0.3375,0.6875,False,,15.0,2.322219565292958
101,179,0.7375,0.8625,True,4.75,4.75,1.9104824880734308
101,180,0.9375,0.5875,False,,15.0,2.322219565292958
101,181,0.7375,0.8375,True,4.65,4.65,1.8922857291669797
101,182,0.0875,0.3625,False,,15.0,2.322219565292958
101,183,0.7875,0.8625,True,4.9,4.9,1.960349793871407
101,184,0.6875,0.8125,True,4.25,4.25,1.8100796069296765
101,185,0.1625,0.3875,False,,15.0,2.322219565292958
101,186,0.2625,0.1875,True,0.0,0.0,0.0
101,187,0.7625,0.6125,False,,15.0,2.322219565292958
101,188,0.6875,0.5625,True,1.25,1.25,0.6231046099138844
101,189,0.6625,0.7875,True,1.6500000000000001,1.6500000000000001,0.8667650580554597
101,190,0.7875,0.7125,True,6.2,6.2,2.322219565292958
101,191,0.6125,0.7625,True,1.6500000000000001,1.6500000000000001,0.8667650580554597
101,192,0.6875,0.6375,True,1.4000000000000001,1.4000000000000001,0.7044957493271019
101,193,0.8375,0.9625,True,5.15,5.15,2.09493328580472
101,194,0.3875,0.4375,True,0.65,0.65,0.22692018119701382
101,195,0.7375,0.7875,True,4.45,4.45,1.8688873829072623
101,196,0.7625,0.7375,True,4.5,4.5,1.8769236507304747
101,197,0.6875,0.9875,True,5.15,5.15,2.09493328580472
101,198,0.8375,0.9375,True,5.1000000000000005,5.1000000000000005,2.0622815466473736
101,199,0.8375,0.7125,True,6.300000000000001,6.300000000000001,2.322219565292958
101,200,0.6625,0.7125,True,1.55,1.55,0.796363930007437
101,201,0.8375,0.6625,True,6.3500000000000005,6.3500000000000005,2.322219565292958
101,202,0.4875,0.5625,True,1.6,1.6,0.8300044430647797
101,203,0.8625,0.7875,True,6.300000000000001,6.300000000000001,2.322219565292958
101,204,0.8125,0.8875,True,5.0,5.0,2.006059431184224
101,205,0.8125,0.7125,True,6.25,6.25,2.322219565292958
101,206,0.7375,0.9125,True,4.9,4.9,1.960349793871407
101,207,0.7125,0.6125,True,1.35,1.35,0.6770485280520226
101,208,0.9625,0.6125,False,,15.0,2.322219565292958
101,209,0.8375,0.9375,True,5.1000000000000005,5.1000000000000005,2.0622815466473736
101,210,0.7625,0.9125,True,4.95,4.95,1.982029203739915
101,211,0.6625,0.7375,True,1.6,1.6,0.8300044430647797
101,212,0.8625,0.7375,True,6.4,6.4,2.322219565292958
101,213,0.8125,0.6625,False,,15.0,2.322219565292958
101,214,0.8875,0.1125,False,,15.0,2.322219565292958
101,215,0.5375,0.6875,True,1.6500000000000001,1.6500000000000001,0.8667650580554597
101,216,0.4125,0.9875,False,,15.0,2.322219565292958
101,217,0.6125,0.7375,True,1.6500000000000001,1.6500000000000001,0.8667650580554597
101,218,0.9375,0.8375,True,6.8500000000000005,6.8500000000000005,2.322219565292958
101,219,0.7625,0.5375,False,,15.0,2.322219565292958
101,220,0.7875,0.8125,True,4.800000000000001,4.800000000000001,1.92559430941216
101,221,0.7125,0.7625,True,4.3,4.3,1.8306675678694224
101,222,0.5625,0.9875,False,,15.0,2.322219565292958
101,223,0.9375,0.6375,False,,15.0,2.322219565292958
101,224,0.7625,0.7125,True,4.45,4.45,1.8688873829072623
101,225,0.5125,0.6375,True,1.6500000000000001,1.6500000000000001,0.8667650580554597
101,226,0.8125,0.8125,True,6.0,6.0,2.322219565292958
101,227,0.7375,0.2875,False,,15.0,2.322219565292958
101,228,0.7875,0.8125,True,4.800000000000001,4.800000000000001,1.92559430941216
101,229,0.7375,0.8625,True,4.75,4.75,1.9104824880734308
101,230,0.7375,0.6125,True,1.35,1.35,0.6770485280520226
101,231,0.8625,0.6625,True,6.45,6.45,2.322219565292958
101,232,0.7625,0.6625,False,,15.0,2.322219565292958
101,233,0.7125,0.8875,True,4.800000000000001,4.800000000000001,1.92559430941216
101,234,0.6625,0.5375,True,1.25,1.25,0.6231046099138844
101,235,0.7125,0.9125,True,4.8500000000000005,4.8500000000000005,1.9407061307508886
101,236,0.9125,0.3875,False,,15.0,2.322219565292958
101,237,0.3625,0.1625,True,0.25,0.25,0.024978220012690393
101,238,0.3625,0.8625,True,2.2,2.2,1.2248013348508762
101,239,0.1875,0.2875,True,0.30000000000000004,0.30000000000000004,0.0413612054247729
101,240,0.5375,0.7625,True,1.75,1.75,0.9442490772178619
101,241,0.6875,0.7375,True,1.6,1.6,0.8300044430647797
101,242,0.7875,0.8875,True,4.95,4.95,1.982029203739915
101,243,0.8125,0.7875,True,6.1000000000000005,6.1000000000000005,2.322219565292958
101,244,0.9625,0.9625,True,8.0,8.0,2.322219565292958
101,245,0.8625,0.7875,True,6.300000000000001,6.300000000000001,2.322219565292958
101,246,0.6875,0.6625,True,1.4500000000000002,1.4500000000000002,0.7338653110690868
101,247,0.5375,0.9375,True,3.9000000000000004,3.9000000000000004,1.6588851703627105
101,248,0.4875,0.3375,True,0.65,0.65,0.22692018119701382
101,249,0.8625,0.7875,True,6.300000000000001,6.300000000000001,2.322219565292958
101,250,0.1625,0.4625,False,,15.0,2.322219565292958
101,251,0.6875,0.5625,True,1.25,1.25,0.6231046099138844
101,252,0.6625,0.6875,True,1.5,1.5,0.7632348728110715
101,253,0.5125,0.7375,True,1.75,1.75,0.9442490772178619
101,254,0.1875,0.2375,True,0.15000000000000002,0.15000000000000002,0.005595575768883052
101,255,0.7625,0.6875,True,4.45,4.45,1.8688873829072623
102,0,0.7375,0.5375,True,1.25,1.25,0.6231046099138844
102,1,0.6875,0.7625,True,1.6,1.6,0.8300044430647797
102,2,0.6625,0.8625,True,4.3,4.3,1.8306675678694224
102,3,0.7875,0.6375,False,,15.0,2.322219565292958
102,4,0.8875,0.7875,True,6.45,6.45,2.322219565292958
102,5,0.7375,0.7125,True,4.3500000000000005,4.3500000000000005,1.8456130302471498
102,6,0.8625,0.8875,True,5.45,5.45,2.2670114473336027
102,7,0.4375,0.7625,True,2.0,2.0,1.110250389608536
102,8,0.7625,0.9875,True,5.15,5.15,2.09493328580472
102,9,0.6875,0.6125,True,1.35,1.35,0.6770485280520226
102,10,0.3375,0.4625,True,0.65,0.65,0.22692018119701382
102,11,0.7625,0.6625,False,,15.0,2.322219565292958
102,12,0.7125,0.8375,True,4.45,4.45,1.8688873829072623
102,13,0.7875,0.7375,True,6.15,6.15,2.322219565292958
102,14,0.8125,0.9125,True,5.050000000000001,5.050000000000001,2.0340391507658504
102,15,0.7875,0.9875,True,5.15,5.15,2.09493328580472
102,16,0.7875,0.9125,True,5.0,5.0,2.006059431184224
102,17,0.7875,0.5375,False,,15.0,2.322219565292958
102,18,0.7125,0.7625,True,4.3,4.3,1.8306675678694224
102,19,0.7375,0.8125,True,4.5,4.5,1.8769236507304747
102,20,0.7625,0.9125,True,4.95,4.95,1.982029203739915
102,21,0.8875,0.5125,False,,15.0,2.322219565292958
102,22,0.8375,0.7625,True,6.25,6.25,2.322219565292958
102,23,0.2625,0.2375,True,0.0,0.0,0.0
102,24,0.8625,0.8125,True,6.25,6.25,2.322219565292958
102,25,0.5875,0.7625,True,1.7000000000000002,1.7000000000000002,0.9059441109550956
102,26,0.7875,0.4875,False,,15.0,2.322219565292958
102,27,0.7875,0.4625,False,,15.0,2.322219565292958
102,28,0.7125,0.7375,True,4.3,4.3,1.8306675678694224
102,29,0.9875,0.7125,True,6.800000000000001,6.800000000000001,2.322219565292958
102,30,0.7875,0.7375,True,6.15,6.15,2.322219565292958
102,31,0.8125,0.9625,True,5.15,5.15,2.09493328580472
102,32,0.8625,0.9625,True,5.4,5.4,2.2433012637596623
102,33,0.7625,0.6375,False,,15.0,2.322219565292958
102,34,0.7625,0.3125,False,,15.0,2.322219565292958
102,35,0.7375,0.6375,True,1.4000000000000001,1.4000000000000001,0.7044957493271019
102,36,0.4875,0.8625,True,1.9500000000000002,1.9500000000000002,1.0795446402898725
102,37,0.8875,0.6125,False,,15.0,2.322219565292958
102,38,0.7625,0.5125,False,,15.0,2.322219565292958
102,39,0.7875,0.7625,True,6.1000000000000005,6.1000000000000005,2.322219565292958
102,40,0.9375,0.7875,True,6.75,6.75,2.322219565292958
102,41,0.5875,0.5625,True,1.4000000000000001,1.4000000000000001,0.7044957493271019
102,42,0.9375,0.2375,False,,15.0,2.322219565292958
102,43,0.8125,0.5375,False,,15.0,2.322219565292958
102,44,0.6125,0.6125,True,1.4000000000000001,1.4000000000000001,0.7044957493271019
102,45,0.8875,0.6625,True,6.5,6.5,2.322219565292958
102,46,0.1375,0.7625,False,,15.0,2.322219565292958
102,47,0.7125,0.9125,True,4.8500000000000005,4.8500000000000005,1.9407061307508886
102,48,0.7875,0.6625,False,,15.0,2.322219565292958
102,49,0.5125,0.7875,True,1.8,1.8,0.9798812728769082
102,50,0.7375,0.7875,True,4.45,4.45,1.8688873829072623
102,51,0.6625,0.6375,True,1.4000000000000001,1.4000000000000001,0.7044957493271019
102,52,0.8875,0.7375,True,6.5,6.5,2.322219565292958
102,53,0.0375,0.9875,False,,15.0,2.322219565292958
102,54,0.8375,0.9875,True,5.2,5.2,2.1275850249620665
102,55,0.9125,0.6875,True,6.550000000000001,6.550000000000001,2.322219565292958
102,56,0.6625,0.8625,True,4.3,4.3,1.8306675678694224
102,57,0.6875,0.6625,True,1.4500000000000002,1.4500000000000002,0.7338653110690868
102,58,0.8875,0.8375,True,6.4,6.4,2.322219565292958
102,59,0.5875,0.6875,True,1.55,1.55,0.796363930007437
102,60,0.7125,0.8375,True,4.45,4.45,1.8688873829072623
102,61,0.3375,0.3375,True,0.45,0.45,0.10729688896766952
102,62,0.5625,0.5875,True,1.4000000000000001,1.4000000000000001,0.7044957493271019
102,63,0.9875,0.7625,True,6.9,6.9,2.322219565292958
102,64,0.7875,0.5875,False,,15.0,2.322219565292958
102,65,0.7875,0.6375,False,,15.0,2.322219565292958
102,66,0.8125,0.7875,True,6.1000000000000005,6.1000000000000005,2.322219565292958
102,67,0.7625,0.6375,False,,15.0,2.322219565292958
102,68,0.5125,0.6625,True,1.6500000000000001,1.6500000000000001,0.8667650580554597
102,69,0.6125,0.8625,True,1.8,1.8,0.9798812728769082
102,70,0.1125,0.4875,False,,15.0,2.322219565292958
102,71,0.6875,0.1625,False,,15.0,2.322219565292958
102,72,0.7125,0.8625,True,4.65,4.65,1.8922857291669797
102,73,0.4125,0.9125,True,2.1,2.1,1.1694906274872432
102,74,0.8125,0.7875,True,6.1000000000000005,6.1000000000000005,2.322219565292958
102,75,0.9625,0.7625,True,6.800000000000001,6.800000000000001,2.322219565292958
102,76,0.8625,0.8875,True,5.45,5.45,2.2670114473336027
102,77,0.7625,0.7375,True,4.5,4.5,1.8769236507304747
102,78,0.8375,0.4625,False,,15.0,2.322219565292958
102,79,0.5625,0.6875,True,1.6,1.6,0.8300044430647797
102,80,0.6125,0.7125,True,1.6,1.6,0.8300044430647797
102,81,0.8625,0.8625,True,6.0,6.0,2.322219565292958
102,82,0.8125,0.7625,True,6.15,6.15,2.322219565292958
102,83,0.1375,0.2875,False,,15.0,2.322219565292958
102,84,0.7375,0.7875,True,4.45,4.45,1.8688873829072623
102,85,0.7875,0.8625,True,4.9,4.9,1.960349793871407
102,86,0.2375,0.3625,True,0.35000000000000003,0.35000000000000003,0.05814793273142205
102,87,0.7625,0.9125,True,4.95,4.95,1.982029203739915
102,88,0.9625,0.2625,False,,15.0,2.322219565292958
102,89,0.9625,0.7875,True,6.8500000000000005,6.8500000000000005,2.322219565292958
102,90,0.9375,0.6625,True,6.6000000000000005,6.6000000000000005,2.322219565292958
102,91,0.5625,0.7375,True,1.7000000000000002,1.7000000000000002,0.9059441109550956
102,92,0.6125,0.5625,True,1.35,1.35,0.6770485280520226
102,93,0.5625,0.5625,True,1.4000000000000001,1.4000000000000001,0.7044957493271019
102,94,0.6875,0.6375,True,1.4000000000000001,1.4000000000000001,0.7044957493271019
102,95,0.8375,0.8375,True,6.0,6.0,2.322219565292958
102,96,0.7625,0.8625,True,4.8500000000000005,4.8500000000000005,1.9407061307508886
102,97,0.7875,0.8375,True,4.8500000000000005,4.8500000000000005,1.9407061307508886
102,98,0.7125,0.6625,True,1.4500000000000002,1.4500000000000002,0.7338653110690868
102,99,0.7375,0.6625,True,4.3500000000000005,4.3500000000000005,1.8456130302471498
102,100,0.6375,0.7125,True,1.55,1.55,0.796363930007437
102,101,0.6875,0.5375,True,1.25,1.25,0.6231046099138844
102,102,0.6625,0.6875,True,1.5,1.5,0.7632348728110715
102,103,0.8375,0.7375,True,6.300000000000001,6.300000000000001,2.322219565292958
102,104,0.7625,0.6375,False,,15.0,2.322219565292958
102,105,0.8625,0.5375,False,,15.0,2.322219565292958
102,106,0.1375,0.3875,False,,15.0,2.322219565292958
102,107,0.6875,0.7125,True,1.55,1.55,0.796363930007437
102,108,0.7375,0.7375,True,4.3500000000000005,4.3500000000000005,1.8456130302471498
102,109,0.8625,0.6375,False,,15.0,2.322219565292958
102,110,0.4375,0.0375,False,,15.0,2.322219565292958
102,111,0.7875,0.7125,True,6.2,6.2,2.322219565292958
102,112,0.8375,0.9375,True,5.1000000000000005,5.1000000000000005,2.0622815466473736
102,113,0.6375,0.7625,True,1.6500000000000001,1.6500000000000001,0.8667650580554597
102,114,0.8375,0.7125,True,6.300000000000001,6.300000000000001,2.322219565292958
102,115,0.6875,0.7125,True,1.55,1.55,0.796363930007437
102,116,0.6625,0.6625,True,1.4500000000000002,1.4500000000000002,0.7338653110690868
102,117,0.7125,0.7625,True,4.3,4.3,1.8306675678694224
102,118,0.8625,0.5625,False,,15.0,2.322219565292958
102,119,0.8625,0.8875,True,5.45,5.45,2.2670114473336027
102,120,0.6875,0.7125,True,1.55,1.55,0.796363930007437
102,121,0.7625,0.7875,True,4.65,4.65,1.8922857291669797
102,122,0.8875,0.2625,False,,15.0,2.322219565292958
102,123,0.9375,0.6625,True,6.6000000000000005,6.6000000000000005,2.322219565292958
102,124,0.5125,0.5375,True,1.4500000000000002,1.4500000000000002,0.7338653110690868
102,125,0.7875,0.5625,False,,15.0,2.322219565292958
102,126,0.6125,0.7875,True,1.7000000000000002,1.7000000000000002,0.9059441109550956
102,127,0.7125,0.7875,True,4.3,4.3,1.8306675678694224
102,128,0.4875,0.7875,True,1.85,1.85,1.0155134685359544
102,129,0.6375,0.6625,True,1.5,1.5,0.7632348728110715
102,130,0.9375,0.8625,True,7.0,7.0,2.322219565292958
102,131,0.7125,0.8375,True,4.45,4.45,1.8688873829072623
102,132,0.7375,0.7625,True,4.4,4.4,1.8605584926248768
102,133,0.5375,0.6875,True,1.6500000000000001,1.6500000000000001,0.8667650580554597
102,134,0.8125,0.8125,True,6.0,6.0,2.322219565292958
102,135,0.9375,0.6125,False,,15.0,2.322219565292958
102,136,0.5875,0.6125,True,1.4000000000000001,1.4000000000000001,0.7044957493271019
102,137,0.0375,0.1375,False,,15.0,2.322219565292958
102,138,0.8375,0.8125,True,6.15,6.15,2.322219565292958
102,139,0.7625,0.5375,False,,15.0,2.322219565292958
102,140,0.6875,0.6625,True,1.4500000000000002,1.4500000000000002,0.7338653110690868
102,141,0.8375,0.7125,True,6.300000000000001,6.300000000000001,2.322219565292958
102,142,0.8125,0.7125,True,6.25,6.25,2.322219565292958
102,143,0.8625,0.8375,True,6.2,6.2,2.322219565292958
102,144,0.2875,0.5125,False,,15.0,2.322219565292958
102,145,0.9125,0.7625,True,6.6000000000000005,6.6000000000000005,2.322219565292958
102,146,0.7125,0.7375,True,4.3,4.3,1.8306675678694224
102,147,0.8875,0.5875,False,,15.0,2.322219565292958
102,148,0.9125,0.6375,False,,15.0,2.322219565292958
102,149,0.6875,0.6875,True,1.5,1.5,0.7632348728110715
102,150,0.5125,0.4875,True,0.8500000000000001,0.8500000000000001,0.3679268788775515
102,151,0.6125,0.2125,False,,15.0,2.322219565292958
102,152,0.6625,0.5375,True,1.25,1.25,0.6231046099138844
102,153,0.7625,0.6875,True,4.45,4.45,1.8688873829072623
102,154,0.9375,0.8625,True,7.0,7.0,2.322219565292958
102,155,0.7625,0.6375,False,,15.0,2.322219565292958
102,156,0.6125,0.8625,True,1.8,1.8,0.9798812728769082
102,157,0.7375,0.8875,True,4.8500000000000005,4.8500000000000005,1.9407061307508886
102,158,0.8875,0.5875,False,,15.0,2.322219565292958
102,159,0.6375,0.8625,True,4.2,4.2,1.7873562005752595
102,160,0.7625,0.7125,True,4.45,4.45,1.8688873829072623
102,161,0.6875,0.7375,True,1.6,1.6,0.8300044430647797
102,162,0.7125,0.8375,True,4.45,4.45,1.8688873829072623
102,163,0.9125,0.7125,True,6.550000000000001,6.550000000000001,2.322219565292958
102,164,0.6125,0.7875,True,1.7000000000000002,1.7000000000000002,0.9059441109550956
102,165,0.8875,0.5125,False,,15.0,2.322219565292958
102,166,0.7125,0.2625,False,,15.0,2.322219565292958
102,167,0.8125,0.8625,True,5.25,5.25,2.1591513529922426
102,168,0.7375,0.7375,True,4.3500000000000005,4.3500000000000005,1.8456130302471498
102,169,0.5875,0.2125,False,,15.0,2.322219565292958
102,170,0.5125,0.8375,True,1.85,1.85,1.0155134685359544
102,171,0.5125,0.8375,True,1.85,1.85,1.0155134685359544
102,172,0.7875,0.6125,False,,15.0,2.322219565292958
102,173,0.5875,0.8125,True,1.75,1.75,0.9442490772178619
102,174,0.9625,0.9375,True,7.8500000000000005,7.8500000000000005,2.322219565292958
102,175,0.6875,0.7625,True,1.6,1.6,0.8300044430647797
102,176,0.7125,0.8875,True,4.800000000000001,4.800000000000001,1.92559430941216
102,177,0.2875,0.4625,True,0.6000000000000001,0.6000000000000001,0.19537585615274344
102,178,0.5125,0.3875,True,0.7000000000000001,0.7000000000000001,0.2588441148466218
102,179,0.9375,0.6625,True,6.6000000000000005,6.6000000000000005,2.322219565292958
102,180,0.0875,0.5125,False,,15.0,2.322219565292958
102,181,0.7625,0.9875,True,5.15,5.15,2.09493328580472
102,182,0.9625,0.5375,False,,15.0,2.322219565292958
102,183,0.2375,0.7375,False,,15.0,2.322219565292958
102,184,0.8125,0.3125,False,,15.0,2.322219565292958
102,185,0.3125,0.1875,True,0.0,0.0,0.0
102,186,0.0375,0.8375,False,,15.0,2.322219565292958
102,187,0.7625,0.7875,True,4.65,4.65,1.8922857291669797
102,188,0.6875,0.6875,True,1.5,1.5,0.7632348728110715
102,189,0.7125,0.8625,True,4.65,4.65,1.8922857291669797
102,190,0.7625,0.8125,True,4.7,4.7,1.9013631834383335
102,191,0.7125,0.7375,True,4.3,4.3,1.8306675678694224
102,192,0.6375,0.8375,True,1.75,1.75,0.9442490772178619
102,193,0.8875,0.7625,True,6.45,6.45,2.322219565292958
102,194,0.2375,0.3625,True,0.35000000000000003,0.35000000000000003,0.05814793273142205
102,195,0.7625,0.6125,False,,15.0,2.322219565292958
102,196,0.7875,0.7375,True,6.15,6.15,2.322219565292958
102,197,0.8375,0.6375,False,,15.0,2.322219565292958
102,198,0.9375,0.7375,True,6.65,6.65,2.322219565292958
102,199,0.7625,0.7875,True,4.65,4.65,1.8922857291669797
102,200,0.8625,0.6375,False,,15.0,2.322219565292958
102,201,0.7375,0.7625,True,4.4,4.4,1.8605584926248768
102,202,0.6875,0.6375,True,1.4000000000000001,1.4000000000000001,0.7044957493271019
102,203,0.8375,0.7875,True,6.2,6.2,2.322219565292958
102,204,0.9875,0.0375,False,,15.0,2.322219565292958
102,205,0.6625,0.9625,True,5.0,5.0,2.006059431184224
102,206,0.7625,0.7375,True,4.5,4.5,1.8769236507304747
102,207,0.5625,0.6875,True,1.6,1.6,0.8300044430647797
102,208,0.5875,0.7125,True,1.6,1.6,0.8300044430647797
102,209,0.8375,0.5375,False,,15.0,2.322219565292958
102,210,0.7625,0.9125,True,4.95,4.95,1.982029203739915
102,211,0.8625,0.7125,True,6.4,6.4,2.322219565292958
102,212,0.1875,0.7375,False,,15.0,2.322219565292958
102,213,0.6375,0.4875,True,1.35,1.35,0.6770485280520226
102,214,0.5125,0.7375,True,1.75,1.75,0.9442490772178619
102,215,0.5125,0.6375,True,1.6500000000000001,1.6500000000000001,0.8667650580554597
102,216,0.6625,0.7125,True,1.55,1.55,0.796363930007437
102,217,0.5875,0.8125,True,1.75,1.75,0.9442490772178619
102,218,0.7125,0.8125,True,4.4,4.4,1.8605584926248768
102,219,0.7375,0.6125,True,1.35,1.35,0.6770485280520226
102,220,0.9375,0.7125,True,6.65,6.65,2.322219565292958
102,221,0.7625,0.8875,True,4.9,4.9,1.960349793871407
102,222,0.7125,0.7625,True,4.3,4.3,1.8306675678694224
102,223,0.9125,0.6125,False,,15.0,2.322219565292958
102,224,0.7625,0.5375,False,,15.0,2.322219565292958
102,225,0.2375,0.5625,False,,15.0,2.322219565292958
102,226,0.7875,0.6625,False,,15.0,2.322219565292958
102,227,0.7625,0.5375,False,,15.0,2.322219565292958
102,228,0.7625,0.8375,True,4.800000000000001,4.800000000000001,1.92559430941216
102,229,0.7875,0.9375,True,5.050000000000001,5.050000000000001,2.0340391507658504
102,230,0.7375,0.9875,True,5.15,5.15,2.09493328580472
102,231,0.5625,0.8125,True,1.75,1.75,0.9442490772178619
102,232,0.5875,0.7375,True,1.6500000000000001,1.6500000000000001,0.8667650580554597
102,233,0.8625,0.8375,True,6.2,6.2,2.322219565292958
102,234,0.5875,0.7125,True,1.6,1.6,0.8300044430647797
102,235,0.1625,0.1625,True,0.0,0.0,0.0
102,236,0.6875,0.9625,True,5.0,5.0,2.006059431184224
102,237,0.0375,0.4375,False,,15.0,2.322219565292958
102,238,0.8125,0.2125,False,,15.0,2.322219565292958
102,239,0.4625,0.8375,True,1.9500000000000002,1.9500000000000002,1.0795446402898725
102,240,0.8125,0.7375,True,6.2,6.2,2.322219565292958
102,241,0.4875,0.7875,True,1.85,1.85,1.0155134685359544
102,242,0.5875,0.7875,True,1.7000000000000002,1.7000000000000002,0.9059441109550956
102,243,0.6125,0.7125,True,1.6,1.6,0.8300044430647797
102,244,0.1625,0.3125,False,,15.0,2.322219565292958
102,245,0.7875,0.7375,True,6.15,6.15,2.322219565292958
102,246,0.2625,0.9875,False,,15.0,2.322219565292958
102,247,0.7625,0.7375,True,4.5,4.5,1.8769236507304747
102,248,0.6625,0.8875,True,4.5,4.5,1.8769236507304747
102,249,0.7625,0.8875,True,4.9,4.9,1.960349793871407
102,250,0.1625,0.8125,False,,15.0,2.322219565292958
102,251,0.6375,0.5875,True,1.3,1.3,0.6500733672447626
102,252,0.5625,0.9375,True,3.8000000000000003,3.8000000000000003,1.6364577206336433
102,253,0.2125,0.8625,False,,15.0,2.322219565292958
102,254,0.8125,0.8375,True,5.300000000000001,5.300000000000001,2.1903349698250842
102,255,0.5875,0.3125,True,1.1,1.1,0.5394465667691211
103,0,0.9375,0.6375,False,,15.0,2.322219565292958
103,1,0.8875,0.5875,False,,15.0,2.322219565292958
103,2,0.7125,0.5625,True,1.25,1.25,0.6231046099138844
103,3,0.3875,0.8875,True,2.15,2.15,1.1971459811690595
103,4,0.9875,0.8625,True,7.25,7.25,2.322219565292958
103,5,0.7125,0.4375,True,1.4500000000000002,1.4500000000000002,0.7338653110690868
103,6,0.7125,0.6375,True,1.4000000000000001,1.4000000000000001,0.7044957493271019
103,7,0.7375,0.7875,True,4.45,4.45,1.8688873829072623
103,8,0.5625,0.8125,True,1.75,1.75,0.9442490772178619
103,9,0.5875,0.7125,True,1.6,1.6,0.8300044430647797
103,10,0.8375,0.7125,True,6.300000000000001,6.300000000000001,2.322219565292958
103,11,0.8375,0.8125,True,6.15,6.15,2.322219565292958
103,12,0.5875,0.7125,True,1.6,1.6,0.8300044430647797
103,13,0.9625,0.9375,True,7.8500000000000005,7.8500000000000005,2.322219565292958
103,14,0.8875,0.6375,False,,15.0,2.322219565292958
103,15,0.6875,0.4625,True,1.25,1.25,0.6231046099138844
103,16,0.7875,0.6125,False,,15.0,2.322219565292958
103,17,0.5875,0.2375,False,,15.0,2.322219565292958
103,18,0.7875,0.9125,True,5.0,5.0,2.006059431184224
103,19,0.6625,0.7875,True,1.6500000000000001,1.6500000000000001,0.8667650580554597
103,20,0.0375,0.5875,False,,15.0,2.322219565292958
103,21,0.3125,0.1625,True,0.0,0.0,0.0
103,22,0.8375,0.8625,True,5.4,5.4,2.2433012637596623
103,23,0.3625,0.6875,True,2.85,2.85,1.3762168187205832
103,24,0.7125,0.5875,True,1.3,1.3,0.6500733672447626
103,25,0.7875,0.6875,True,6.2,6.2,2.322219565292958
103,26,0.7875,0.5375,False,,15.0,2.322219565292958
103,27,0.2375,0.3125,True,0.15000000000000002,0.15000000000000002,0.005595575768883052
103,28,0.7375,0.0875,False,,15.0,2.322219565292958
103,29,0.4625,0.0375,False,,15.0,2.322219565292958
103,30,0.8625,0.7625,True,6.3500000000000005,6.3500000000000005,2.322219565292958
103,31,0.6625,0.6625,True,1.4500000000000002,1.4500000000000002,0.7338653110690868
103,32,0.8125,0.6125,False,,15.0,2.322219565292958
103,33,0.7125,0.7125,True,4.3,4.3,1.8306675678694224
103,34,0.2625,0.7875,False,,15.0,2.322219565292958
103,35,0.6875,0.6125,True,1.35,1.35,0.6770485280520226
103,36,0.8375,0.4875,False,,15.0,2.322219565292958
103,37,0.7875,0.7875,True,6.0,6.0,2.322219565292958
103,38,0.6375,0.6375,True,1.4000000000000001,1.4000000000000001,0.7044957493271019
103,39,0.8375,0.8625,True,5.4,5.4,2.2433012637596623
103,40,0.6375,0.7375,True,1.6,1.6,0.8300044430647797
103,41,0.0125,0.9875,False,,15.0,2.322219565292958
103,42,0.7125,0.5625,True,1.25,1.25,0.6231046099138844
103,43,0.7625,0.4875,False,,15.0,2.322219565292958
103,44,0.7125,0.5375,True,1.25,1.25,0.6231046099138844
103,45,0.8125,0.9625,True,5.15,5.15,2.09493328580472
103,46,0.8625,0.7875,True,6.300000000000001,6.300000000000001,2.322219565292958
103,47,0.7625,0.7625,True,4.55,4.55,1.8824477514376188
103,48,0.7375,0.6625,True,4.3500000000000005,4.3500000000000005,1.8456130302471498
103,49,0.5125,0.5375,True,1.4500000000000002,1.4500000000000002,0.7338653110690868
103,50,0.3375,0.0875,True,0.0,0.0,0.0
103,51,0.8625,0.8375,True,6.2,6.2,2.322219565292958
103,52,0.7625,0.7125,True,4.45,4.45,1.8688873829072623
103,53,0.6625,0.9875,True,5.15,5.15,2.09493328580472
103,54,0.6125,0.0625,False,,15.0,2.322219565292958
103,55,0.9125,0.8625,True,6.75,6.75,2.322219565292958
103,56,0.8375,0.5375,False,,15.0,2.322219565292958
103,57,0.5875,0.9875,False,,15.0,2.322219565292958
103,58,0.5125,0.5375,True,1.4500000000000002,1.4500000000000002,0.7338653110690868
103,59,0.9375,0.5875,False,,15.0,2.322219565292958
103,60,0.7625,0.7125,True,4.45,4.45,1.8688873829072623
103,61,0.6875,0.7375,True,1.6,1.6,0.8300044430647797
103,62,0.8125,0.5375,False,,15.0,2.322219565292958
103,63,0.7375,0.8125,True,4.5,4.5,1.8769236507304747
103,64,0.6375,0.9125,True,4.6000000000000005,4.6000000000000005,1.8865633120953103
103,65,0.4125,0.3375,True,0.55,0.55,0.16501443607301086
103,66,0.5375,0.5625,True,1.4500000000000002,1.4500000000000002,0.7338653110690868
103,67,0.6375,0.8375,True,1.75,1.75,0.9442490772178619
103,68,0.2875,0.2625,True,0.0,0.0,0.0
103,69,0.8375,0.7875,True,6.2,6.2,2.322219565292958
103,70,0.8125,0.8125,True,6.0,6.0,2.322219565292958
103,71,0.9375,0.8875,True,7.300000000000001,7.300000000000001,2.322219565292958
103,72,0.8125,0.7375,True,6.2,6.2,2.322219565292958
103,73,0.2125,0.6875,False,,15.0,2.322219565292958
103,74,0.9625,0.3875,False,,15.0,2.322219565292958
103,75,0.9875,0.6125,False,,15.0,2.322219565292958
103,76,0.5875,0.5375,True,1.4000000000000001,1.4000000000000001,0.7044957493271019
103,77,0.6625,0.7375,True,1.6,1.6,0.8300044430647797
103,78,0.4875,0.1125,False,,15.0,2.322219565292958
103,79,0.4125,0.8375,True,2.0500000000000003,2.0500000000000003,1.1402114373597465
103,80,0.7125,0.9875,True,5.15,5.15,2.09493328580472
103,81,0.8625,0.5125,False,,15.0,2.322219565292958
103,82,0.6875,0.7875,True,4.25,4.25,1.8100796069296765
103,83,0.8875,0.8875,True,6.0,6.0,2.322219565292958
103,84,0.8625,0.5875,False,,15.0,2.322219565292958
103,85,0.6625,0.9125,True,4.75,4.75,1.9104824880734308
103,86,0.7375,0.8125,True,4.5,4.5,1.8769236507304747
103,87,0.3625,0.8375,True,2.15,2.15,1.1971459811690595
103,88,0.7875,0.6125,False,,15.0,2.322219565292958
103,89,0.5875,0.8125,True,1.75,1.75,0.9442490772178619
103,90,0.8125,0.8375,True,5.300000000000001,5.300000000000001,2.1903349698250842
103,91,0.9375,0.8875,True,7.300000000000001,7.300000000000001,2.322219565292958
103,92,0.4375,0.7625,True,2.0,2.0,1.110250389608536
103,93,0.8375,0.4125,False,,15.0,2.322219565292958
103,94,0.6375,0.7875,True,1.7000000000000002,1.7000000000000002,0.9059441109550956
103,95,0.7375,0.6875,True,4.3500000000000005,4.3500000000000005,1.8456130302471498
103,96,0.7375,0.8875,True,4.8500000000000005,4.8500000000000005,1.9407061307508886
103,97,0.7875,0.6625,False,,15.0,2.322219565292958
103,98,0.8125,0.7625,True,6.15,6.15,2.322219565292958
103,99,0.8125,0.7375,True,6.2,6.2,2.322219565292958
103,100,0.8125,0.4875,False,,15.0,2.322219565292958
103,101,0.7875,0.8125,True,4.800000000000001,4.800000000000001,1.92559430941216
103,102,0.6875,0.7125,True,1.55,1.55,0.796363930007437
103,103,0.7375,0.7375,True,4.3500000000000005,4.3500000000000005,1.8456130302471498
103,104,0.0125,0.7125,False,,15.0,2.322219565292958
103,105,0.9875,0.1125,False,,15.0,2.322219565292958
103,106,0.8875,0.4625,False,,15.0,2.322219565292958
103,107,0.6375,0.7375,True,1.6,1.6,0.8300044430647797
103,108,0.8125,0.6875,True,6.300000000000001,6.300000000000001,2.322219565292958
103,109,0.8375,0.6875,True,6.3500000000000005,6.3500000000000005,2.322219565292958
103,110,0.7875,0.5875,False,,15.0,2.322219565292958
103,111,0.5875,0.7625,True,1.7000000000000002,1.7000000000000002,0.9059441109550956
103,112,0.6125,0.7125,True,1.6,1.6,0.8300044430647797
103,113,0.6375,0.7375,True,1.6,1.6,0.8300044430647797
103,114,0.8625,0.7625,True,6.3500000000000005,6.3500000000000005,2.322219565292958
103,115,0.8375,0.9625,True,5.15,5.15,2.09493328580472
103,116,0.6875,0.8125,True,4.25,4.25,1.8100796069296765
103,117,0.8875,0.7625,True,6.45,6.45,2.322219565292958
103,118,0.5125,0.8125,True,1.85,1.85,1.0155134685359544
103,119,0.9875,0.6125,False,,15.0,2.322219565292958
103,120,0.4125,0.8375,True,2.0500000000000003,2.0500000000000003,1.1402114373597465
103,121,0.7875,0.6125,False,,15.0,2.322219565292958
103,122,0.7875,0.7875,True,6.0,6.0,2.322219565292958
103,123,0.8375,0.5875,False,,15.0,2.322219565292958
103,124,0.8875,0.8375,True,6.4,6.4,2.322219565292958
103,125,0.7875,0.6625,False,,15.0,2.322219565292958
103,126,0.7375,0.9125,True,4.9,4.9,1.960349793871407
103,127,0.8375,0.8375,True,6.0,6.0,2.322219565292958
103,128,0.6375,0.9375,True,4.8500000000000005,4.8500000000000005,1.9407061307508886
103,129,0.6125,0.8375,True,1.75,1.75,0.9442490772178619
103,130,0.9125,0.6625,True,6.550000000000001,6.550000000000001,2.322219565292958
103,131,0.8375,0.5625,False,,15.0,2.322219565292958
103,132,0.4875,0.9125,True,2.0,2.0,1.110250389608536
103,133,0.8875,0.2125,False,,15.0,2.322219565292958
103,134,0.9375,0.9375,True,8.0,8.0,2.322219565292958
103,135,0.7625,0.5375,False,,15.0,2.322219565292958
103,136,0.7375,0.7625,True,4.4,4.4,1.8605584926248768
103,137,0.6625,0.7375,True,1.6,1.6,0.8300044430647797
103,138,0.9625,0.7875,True,6.8500000000000005,6.8500000000000005,2.322219565292958
103,139,0.8625,0.5125,False,,15.0,2.322219565292958
103,140,0.5875,0.6875,True,1.55,1.55,0.796363930007437
103,141,0.6625,0.7625,True,1.6500000000000001,1.6500000000000001,0.8667650580554597
103,142,0.8375,0.8375,True,6.0,6.0,2.322219565292958
103,143,0.6875,0.7625,True,1.6,1.6,0.8300044430647797
103,144,0.8125,0.7875,True,6.1000000000000005,6.1000000000000005,2.322219565292958
103,145,0.8625,0.6125,False,,15.0,2.322219565292958
103,146,0.8375,0.6875,True,6.3500000000000005,6.3500000000000005,2.322219565292958
103,147,0.8875,0.7625,True,6.45,6.45,2.322219565292958
103,148,0.7875,0.6625,False,,15.0,2.322219565292958
103,149,0.8125,0.8375,True,5.300000000000001,5.300000000000001,2.1903349698250842
103,150,0.8875,0.8625,True,6.300000000000001,6.300000000000001,2.322219565292958
103,151,0.3375,0.0625,True,0.0,0.0,0.0
103,152,0.4875,0.7125,True,1.8,1.8,0.9798812728769082
103,153,0.9125,0.5875,False,,15.0,2.322219565292958
103,154,0.5375,0.7875,True,1.75,1.75,0.9442490772178619
103,155,0.6125,0.9125,True,4.45,4.45,1.8688873829072623
103,156,0.7125,0.6375,True,1.4000000000000001,1.4000000000000001,0.7044957493271019
103,157,0.7125,0.6625,True,1.4500000000000002,1.4500000000000002,0.7338653110690868
103,158,0.9375,0.6875,True,6.65,6.65,2.322219565292958
103,159,0.5625,0.7375,True,1.7000000000000002,1.7000000000000002,0.9059441109550956
103,160,0.8625,0.7125,True,6.4,6.4,2.322219565292958
103,161,0.9875,0.7125,True,6.800000000000001,6.800000000000001,2.322219565292958
103,162,0.6375,0.8625,True,4.2,4.2,1.7873562005752595
103,163,0.6625,0.6625,True,1.4500000000000002,1.4500000000000002,0.7338653110690868
103,164,0.6625,0.7375,True,1.6,1.6,0.8300044430647797
103,165,0.8125,0.5625,False,,15.0,2.322219565292958
103,166,0.9375,0.6625,True,6.6000000000000005,6.6000000000000005,2.322219565292958
103,167,0.7375,0.7125,True,4.3500000000000005,4.3500000000000005,1.8456130302471498
103,168,0.7625,0.9375,True,5.0,5.0,2.006059431184224
103,169,0.9125,0.8125,True,6.6000000000000005,6.6000000000000005,2.322219565292958
103,170,0.8375,0.6125,False,,15.0,2.322219565292958
103,171,0.9875,0.9125,True,7.6000000000000005,7.6000000000000005,2.322219565292958
103,172,0.9125,0.8375,True,6.65,6.65,2.322219565292958
103,173,0.6125,0.8875,True,4.1000000000000005,4.1000000000000005,1.7393550592688283
103,174,0.4375,0.8375,True,2.0,2.0,1.110250389608536
103,175,0.8625,0.5125,False,,15.0,2.322219565292958
103,176,0.5125,0.6625,True,1.6500000000000001,1.6500000000000001,0.8667650580554597
103,177,0.6625,0.4625,True,1.25,1.25,0.6231046099138844
103,178,0.6375,0.7875,True,1.7000000000000002,1.7000000000000002,0.9059441109550956
103,179,0.6875,0.8375,True,4.3500000000000005,4.3500000000000005,1.8456130302471498
103,180,0.7625,0.6125,False,,15.0,2.322219565292958
103,181,0.8375,0.7375,True,6.300000000000001,6.300000000000001,2.322219565292958
103,182,0.0125,0.2125,False,,15.0,2.322219565292958
103,183,0.5875,0.7125,True,1.6,1.6,0.8300044430647797
103,184,0.0125,0.1375,False,,15.0,2.322219565292958
103,185,0.9875,0.5625,False,,15.0,2.322219565292958
103,186,0.6125,0.7875,True,1.7000000000000002,1.7000000000000002,0.9059441109550956
103,187,0.6875,0.9375,True,4.9,4.9,1.960349793871407
103,188,0.1125,0.8625,False,,15.0,2.322219565292958
103,189,0.7875,0.7875,True,6.0,6.0,2.322219565292958
103,190,0.7875,0.6875,True,6.2,6.2,2.322219565292958
103,191,0.7625,0.4625,False,,15.0,2.322219565292958
103,192,0.8875,0.8625,True,6.300000000000001,6.300000000000001,2.322219565292958
103,193,0.8375,0.8125,True,6.15,6.15,2.322219565292958
103,194,0.8875,0.7875,True,6.45,6.45,2.322219565292958
103,195,0.2125,0.6125,False,,15.0,2.322219565292958
103,196,0.9625,0.7125,True,6.75,6.75,2.322219565292958
103,197,0.8375,0.6375,False,,15.0,2.322219565292958
103,198,0.8125,0.6625,False,,15.0,2.322219565292958
103,199,0.6875,0.7875,True,4.25,4.25,1.8100796069296765
103,200,0.8625,0.7875,True,6.300000000000001,6.300000000000001,2.322219565292958
103,201,0.6375,0.6625,True,1.5,1.5,0.7632348728110715
103,202,0.7375,0.8125,True,4.5,4.5,1.8769236507304747
103,203,0.7125,0.5875,True,1.3,1.3,0.6500733672447626
103,204,0.8625,0.8875,True,5.45,5.45,2.2670114473336027
103,205,0.6125,0.7375,True,1.6500000000000001,1.6500000000000001,0.8667650580554597
103,206,0.5125,0.4625,True,0.8,0.8,0.3296346189255949
103,207,0.0125,0.6375,False,,15.0,2.322219565292958
103,208,0.8875,0.7125,True,6.5,6.5,2.322219565292958
103,209,0.5125,0.6625,True,1.6500000000000001,1.6500000000000001,0.8667650580554597
103,210,0.6875,0.7875,True,4.25,4.25,1.8100796069296765
103,211,0.8375,0.7375,True,6.300000000000001,6.300000000000001,2.322219565292958
103,212,0.7125,0.7125,True,4.3,4.3,1.8306675678694224
103,213,0.7375,0.8125,True,4.5,4.5,1.8769236507304747
103,214,0.5375,0.6125,True,1.5,1.5,0.7632348728110715
103,215,0.6875,0.6125,True,1.35,1.35,0.6770485280520226
103,216,0.9625,0.8625,True,7.2,7.2,2.322219565292958
103,217,0.8125,0.6875,True,6.300000000000001,6.300000000000001,2.322219565292958
103,218,0.8125,0.9125,True,5.050000000000001,5.050000000000001,2.0340391507658504
103,219,0.4625,0.9625,True,2.0500000000000003,2.0500000000000003,1.1402114373597465
103,220,0.6125,0.8375,True,1.75,1.75,0.9442490772178619
103,221,0.0375,0.2125,False,,15.0,2.322219565292958
103,222,0.8875,0.6375,False,,15.0,2.322219565292958
103,223,0.8625,0.8375,True,6.2,6.2,2.322219565292958
103,224,0.7125,0.5625,True,1.25,1.25,0.6231046099138844
103,225,0.7375,0.9625,True,5.050000000000001,5.050000000000001,2.0340391507658504
103,226,0.0875,0.0625,False,,15.0,2.322219565292958
103,227,0.6875,0.8875,True,4.65,4.65,1.8922857291669797
103,228,0.8875,0.6375,False,,15.0,2.322219565292958
103,229,0.1625,0.7375,False,,15.0,2.322219565292958
103,230,0.6375,0.7375,True,1.6,1.6,0.8300044430647797
103,231,0.8125,0.2375,False,,15.0,2.322219565292958
103,232,0.5125,0.7875,True,1.8,1.8,0.9798812728769082
103,233,0.7125,0.7625,True,4.3,4.3,1.8306675678694224
103,234,0.6125,0.9125,True,4.45,4.45,1.8688873829072623
103,235,0.8375,0.6625,True,6.3500000000000005,6.3500000000000005,2.322219565292958
103,236,0.8125,0.9625,True,5.15,5.15,2.09493328580472
103,237,0.2625,0.2125,True,0.0,0.0,0.0
103,238,0.8125,0.9625,True,5.15,5.15,2.09493328580472
103,239,0.7125,0.9375,True,4.95,4.95,1.982029203739915
103,240,0.8875,0.7125,True,6.5,6.5,2.322219565292958
103,241,0.9125,0.9125,True,8.0,8.0,2.322219565292958
103,242,0.6625,0.6375,True,1.4000000000000001,1.4000000000000001,0.7044957493271019
103,243,0.6125,0.7125,True,1.6,1.6,0.8300044430647797
103,244,0.6625,0.6375,True,1.4000000000000001,1.4000000000000001,0.7044957493271019
103,245,0.1375,0.9375,False,,15.0,2.322219565292958
103,246,0.9125,0.5375,False,,15.0,2.322219565292958
103,247,0.5375,0.3375,True,0.7000000000000001,0.7000000000000001,0.2588441148466218
103,248,0.3125,0.0625,True,0.0,0.0,0.0
103,249,0.6875,0.7625,True,1.6,1.6,0.8300044430647797
103,250,0.4375,0.8375,True,2.0,2.0,1.110250389608536
103,251,0.8125,0.6875,True,6.300000000000001,6.300000000000001,2.322219565292958
103,252,0.7375,0.5375,True,1.25,1.25,0.6231046099138844
103,253,0.4625,0.9125,True,2.0,2.0,1.110250389608536
103,254,0.6625,0.9375,True,4.9,4.9,1.960349793871407
103,255,0.8125,0.3125,False,,15.0,2.322219565292958
104,0,0.7625,0.8625,True,4.8500000000000005,4.8500000000000005,1.9407061307508886
104,1,0.9625,0.7875,True,6.8500000000000005,6.8500000000000005,2.322219565292958
104,2,0.7875,0.5875,False,,15.0,2.322219565292958
104,3,0.7375,0.4875,False,,15.0,2.322219565292958
104,4,0.5375,0.6875,True,1.6500000000000001,1.6500000000000001,0.8667650580554597
104,5,0.9875,0.8125,True,7.0,7.0,2.322219565292958
104,6,0.7875,0.8125,True,4.800000000000001,4.800000000000001,1.92559430941216
104,7,0.8125,0.6875,True,6.300000000000001,6.300000000000001,2.322219565292958
104,8,0.6375,0.7875,True,1.7000000000000002,1.7000000000000002,0.9059441109550956
104,9,0.6625,0.8625,True,4.3,4.3,1.8306675678694224
104,10,0.3375,0.2875,True,0.35000000000000003,0.35000000000000003,0.05814793273142205
104,11,0.7875,0.7375,True,6.15,6.15,2.322219565292958
104,12,0.2125,0.8375,False,,15.0,2.322219565292958
104,13,0.6625,0.8625,True,4.3,4.3,1.8306675678694224
104,14,0.8125,0.5875,False,,15.0,2.322219565292958
104,15,0.8625,0.7125,True,6.4,6.4,2.322219565292958
104,16,0.9375,0.6625,True,6.6000000000000005,6.6000000000000005,2.322219565292958
104,17,0.9125,0.6125,False,,15.0,2.322219565292958
104,18,0.8375,0.8375,True,6.0,6.0,2.322219565292958
104,19,0.9625,0.7375,True,6.75,6.75,2.322219565292958
104,20,0.0875,0.7625,False,,15.0,2.322219565292958
104,21,0.9375,0.6125,False,,15.0,2.322219565292958
104,22,0.4875,0.8125,True,1.9000000000000001,1.9000000000000001,1.047661128529649
104,23,0.3625,0.2625,True,0.4,0.4,0.08272241084954578
104,24,0.7125,0.9625,True,5.050000000000001,5.050000000000001,2.0340391507658504
104,25,0.5375,0.7375,True,1.7000000000000002,1.7000000000000002,0.9059441109550956
104,26,0.8375,0.5625,False,,15.0,2.322219565292958
104,27,0.7375,0.7125,True,4.3500000000000005,4.3500000000000005,1.8456130302471498
104,28,0.6875,0.8125,True,4.25,4.25,1.8100796069296765
104,29,0.6625,0.8625,True,4.3,4.3,1.8306675678694224
104,30,0.6375,0.8875,True,4.3,4.3,1.8306675678694224
104,31,0.6125,0.8375,True,1.75,1.75,0.9442490772178619
104,32,0.5875,0.6875,True,1.55,1.55,0.796363930007437
104,33,0.7875,0.6375,False,,15.0,2.322219565292958
104,34,0.4875,0.8125,True,1.9000000000000001,1.9000000000000001,1.047661128529649
104,35,0.7125,0.7125,True,4.3,4.3,1.8306675678694224
104,36,0.7875,0.7375,True,6.15,6.15,2.322219565292958
104,37,0.5375,0.8875,True,1.9000000000000001,1.9000000000000001,1.047661128529649
104,38,0.6625,0.4625,True,1.25,1.25,0.6231046099138844
104,39,0.9625,0.1875,False,,15.0,2.322219565292958
104,40,0.7625,0.6125,False,,15.0,2.322219565292958
104,41,0.7375,0.6875,True,4.3500000000000005,4.3500000000000005,1.8456130302471498
104,42,0.7625,0.6375,False,,15.0,2.322219565292958
104,43,0.8875,0.8875,True,6.0,6.0,2.322219565292958
104,44,0.7125,0.7125,True,4.3,4.3,1.8306675678694224
104,45,0.8125,0.6625,False,,15.0,2.322219565292958
104,46,0.5625,0.6875,True,1.6,1.6,0.8300044430647797
104,47,0.8125,0.7625,True,6.15,6.15,2.322219565292958
104,48,0.8125,0.7125,True,6.25,6.25,2.322219565292958
104,49,0.5875,0.4875,True,1.4500000000000002,1.4500000000000002,0.7338653110690868
104,50,0.4125,0.7375,True,2.1,2.1,1.1694906274872432
104,51,0.8625,0.8125,True,6.25,6.25,2.322219565292958
104,52,0.5625,0.8375,True,1.8,1.8,0.9798812728769082
104,53,0.9625,0.9625,True,8.0,8.0,2.322219565292958
104,54,0.7625,0.6875,True,4.45,4.45,1.8688873829072623
104,55,0.7875,0.8625,True,4.9,4.9,1.960349793871407
104,56,0.6625,0.7875,True,1.6500000000000001,1.6500000000000001,0.8667650580554597
104,57,0.5875,0.3125,True,1.1,1.1,0.5394465667691211
104,58,0.9375,0.7875,True,6.75,6.75,2.322219565292958
104,59,0.5375,0.9875,False,,15.0,2.322219565292958
104,60,0.6375,0.6375,True,1.4000000000000001,1.4000000000000001,0.7044957493271019
104,61,0.7375,0.6875,True,4.3500000000000005,4.3500000000000005,1.8456130302471498
104,62,0.7625,0.6375,False,,15.0,2.322219565292958
104,63,0.7375,0.8125,True,4.5,4.5,1.8769236507304747
104,64,0.5125,0.9125,True,1.9500000000000002,1.9500000000000002,1.0795446402898725
104,65,0.8625,0.6125,False,,15.0,2.322219565292958
104,66,0.7125,0.6875,True,1.5,1.5,0.7632348728110715
104,67,0.8125,0.8375,True,5.300000000000001,5.300000000000001,2.1903349698250842
104,68,0.8125,0.8875,True,5.0,5.0,2.006059431184224
104,69,0.7875,0.9625,True,5.1000000000000005,5.1000000000000005,2.0622815466473736
104,70,0.7375,0.8375,True,4.65,4.65,1.8922857291669797
104,71,0.7125,0.8125,True,4.4,4.4,1.8605584926248768
104,72,0.7375,0.6375,True,1.4000000000000001,1.4000000000000001,0.7044957493271019
104,73,0.0625,0.6375,False,,15.0,2.322219565292958
104,74,0.9125,0.6625,True,6.550000000000001,6.550000000000001,2.322219565292958
104,75,0.8125,0.8125,True,6.0,6.0,2.322219565292958
104,76,0.8625,0.7375,True,6.4,6.4,2.322219565292958
104,77,0.5625,0.7125,True,1.6500000000000001,1.6500000000000001,0.8667650580554597
104,78,0.8125,0.6875,True,6.300000000000001,6.300000000000001,2.322219565292958
104,79,0.9125,0.7625,True,6.6000000000000005,6.6000000000000005,2.322219565292958
104,80,0.7875,0.7875,True,6.0,6.0,2.322219565292958
104,81,0.9625,0.7375,True,6.75,6.75,2.322219565292958
104,82,0.2625,0.9875,False,,15.0,2.322219565292958
104,83,0.7125,0.9125,True,4.8500000000000005,4.8500000000000005,1.9407061307508886
104,84,0.8625,0.7125,True,6.4,6.4,2.322219565292958
104,85,0.5375,0.6625,True,1.6,1.6,0.8300044430647797
104,86,0.6625,0.7125,True,1.55,1.55,0.796363930007437
104,87,0.7375,0.3375,False,,15.0,2.322219565292958
104,88,0.5625,0.7375,True,1.7000000000000002,1.7000000000000002,0.9059441109550956
104,89,0.0375,0.5125,False,,15.0,2.322219565292958
104,90,0.8625,0.8625,True,6.0,6.0,2.322219565292958
104,91,0.7625,0.6875,True,4.45,4.45,1.8688873829072623
104,92,0.7375,0.6125,True,1.35,1.35,0.6770485280520226
104,93,0.6125,0.7125,True,1.6,1.6,0.8300044430647797
104,94,0.9875,0.6125,False,,15.0,2.322219565292958
104,95,0.7625,0.4625,False,,15.0,2.322219565292958
104,96,0.6625,0.7375,True,1.6,1.6,0.8300044430647797
104,97,0.6625,0.7125,True,1.55,1.55,0.796363930007437
104,98,0.7875,0.6125,False,,15.0,2.322219565292958
104,99,0.8125,0.6625,False,,15.0,2.322219565292958
104,100,0.5125,0.6625,True,1.6500000000000001,1.6500000000000001,0.8667650580554597
104,101,0.7125,0.8875,True,4.800000000000001,4.800000000000001,1.92559430941216
104,102,0.7875,0.6625,False,,15.0,2.322219565292958
104,103,0.8125,0.6625,False,,15.0,2.322219565292958
104,104,0.7875,0.6125,False,,15.0,2.322219565292958
104,105,0.8125,0.8375,True,5.300000000000001,5.300000000000001,2.1903349698250842
104,106,0.6125,0.7875,True,1.7000000000000002,1.7000000000000002,0.9059441109550956
104,107,0.9375,0.8125,True,6.800000000000001,6.800000000000001,2.322219565292958
104,108,0.8625,0.6375,False,,15.0,2.322219565292958
104,109,0.5375,0.5625,True,1.4500000000000002,1.4500000000000002,0.7338653110690868
104,110,0.8625,0.5875,False,,15.0,2.322219565292958
104,111,0.7375,0.8625,True,4.75,4.75,1.9104824880734308
104,112,0.7625,0.3375,False,,15.0,2.322219565292958
104,113,0.5625,0.9875,False,,15.0,2.322219565292958
104,114,0.9875,0.7125,True,6.800000000000001,6.800000000000001,2.322219565292958
104,115,0.7125,0.7875,True,4.3,4.3,1.8306675678694224
104,116,0.7625,0.9125,True,4.95,4.95,1.982029203739915
104,117,0.5875,0.8625,True,1.8,1.8,0.9798812728769082
104,118,0.8625,0.7125,True,6.4,6.4,2.322219565292958
104,119,0.1875,0.4125,False,,15.0,2.322219565292958
104,120,0.6125,0.7625,True,1.6500000000000001,1.6500000000000001,0.8667650580554597
104,121,0.4875,0.7125,True,1.8,1.8,0.9798812728769082
104,122,0.3625,0.8125,True,2.2,2.2,1.2248013348508762
104,123,0.8625,0.5375,False,,15.0,2.322219565292958
104,124,0.7875,0.6875,True,6.2,6.2,2.322219565292958
104,125,0.7125,0.5625,True,1.25,1.25,0.6231046099138844
104,126,0.7125,0.9375,True,4.95,4.95,1.982029203739915
104,127,0.6625,0.7125,True,1.55,1.55,0.796363930007437
104,128,0.1375,0.1375,True,0.0,0.0,0.0
104,129,0.3875,0.2375,True,0.4,0.4,0.08272241084954578
104,130,0.7625,0.7875,True,4.65,4.65,1.8922857291669797
104,131,0.7125,0.6375,True,1.4000000000000001,1.4000000000000001,0.7044957493271019
104,132,0.8875,0.8875,True,6.0,6.0,2.322219565292958
104,133,0.9875,0.7125,True,6.800000000000001,6.800000000000001,2.322219565292958
104,134,0.5375,0.7625,True,1.75,1.75,0.9442490772178619
104,135,0.7125,0.7625,True,4.3,4.3,1.8306675678694224
104,136,0.8625,0.8375,True,6.2,6.2,2.322219565292958
104,137,0.6875,0.7375,True,1.6,1.6,0.8300044430647797
104,138,0.7375,0.1625,False,,15.0,2.322219565292958
104,139,0.7125,0.8625,True,4.65,4.65,1.8922857291669797
104,140,0.6625,0.8625,True,4.3,4.3,1.8306675678694224
104,141,0.3875,0.4375,True,0.65,0.65,0.22692018119701382
104,142,0.9375,0.7625,True,6.7,6.7,2.322219565292958
104,143,0.7625,0.5625,False,,15.0,2.322219565292958
104,144,0.8375,0.7125,True,6.300000000000001,6.300000000000001,2.322219565292958
104,145,0.8375,0.6625,True,6.3500000000000005,6.3500000000000005,2.322219565292958
104,146,0.7875,0.8625,True,4.9,4.9,1.960349793871407
104,147,0.2125,0.6875,False,,15.0,2.322219565292958
104,148,0.8125,0.9625,True,5.15,5.15,2.09493328580472
104,149,0.7125,0.9625,True,5.050000000000001,5.050000000000001,2.0340391507658504
104,150,0.7625,0.7875,True,4.65,4.65,1.8922857291669797
104,151,0.8125,0.7875,True,6.1000000000000005,6.1000000000000005,2.322219565292958
104,152,0.9125,0.5125,False,,15.0,2.322219565292958
104,153,0.7625,0.5375,False,,15.0,2.322219565292958
104,154,0.5875,0.6375,True,1.4500000000000002,1.4500000000000002,0.7338653110690868
104,155,0.7375,0.7125,True,4.3500000000000005,4.3500000000000005,1.8456130302471498
104,156,0.7625,0.6875,True,4.45,4.45,1.8688873829072623
104,157,0.6625,0.5875,True,1.3,1.3,0.6500733672447626
104,158,0.5875,0.8875,True,1.85,1.85,1.0155134685359544
104,159,0.6125,0.4875,True,1.4500000000000002,1.4500000000000002,0.7338653110690868
104,160,0.7625,0.6625,False,,15.0,2.322219565292958
104,161,0.7625,0.8625,True,4.8500000000000005,4.8500000000000005,1.9407061307508886
104,162,0.8625,0.9375,True,5.45,5.45,2.2670114473336027
104,163,0.8375,0.7875,True,6.2,6.2,2.322219565292958
104,164,0.6875,0.6875,True,1.5,1.5,0.7632348728110715
104,165,0.5375,0.8375,True,1.85,1.85,1.0155134685359544
104,166,0.6875,0.9375,True,4.9,4.9,1.960349793871407
104,167,0.0125,0.0875,False,,15.0,2.322219565292958
104,168,0.8125,0.5625,False,,15.0,2.322219565292958
104,169,0.5375,0.6875,True,1.6500000000000001,1.6500000000000001,0.8667650580554597
104,170,0.3875,0.4875,True,0.7000000000000001,0.7000000000000001,0.2588441148466218
104,171,0.7375,0.6625,True,4.3500000000000005,4.3500000000000005,1.8456130302471498
104,172,0.6375,0.8625,True,4.2,4.2,1.7873562005752595
104,173,0.3375,0.2875,True,0.35000000000000003,0.35000000000000003,0.05814793273142205
104,174,0.5375,0.5375,True,1.4500000000000002,1.4500000000000002,0.7338653110690868
104,175,0.5625,0.1875,False,,15.0,2.322219565292958
104,176,0.9875,0.5125,False,,15.0,2.322219565292958
104,177,0.4875,0.4125,True,0.7000000000000001,0.7000000000000001,0.2588441148466218
104,178,0.7375,0.7875,True,4.45,4.45,1.8688873829072623
104,179,0.7125,0.8625,True,4.65,4.65,1.8922857291669797
104,180,0.6625,0.5875,True,1.3,1.3,0.6500733672447626
104,181,0.8375,0.8875,True,5.3500000000000005,5.3500000000000005,2.218726785641539
104,182,0.7125,0.9625,True,5.050000000000001,5.050000000000001,2.0340391507658504
104,183,0.7625,0.7875,True,4.65,4.65,1.8922857291669797
104,184,0.8375,0.7375,True,6.300000000000001,6.300000000000001,2.322219565292958
104,185,0.6625,0.7125,True,1.55,1.55,0.796363930007437
104,186,0.7625,0.7625,True,4.55,4.55,1.8824477514376188
104,187,0.8375,0.5875,False,,15.0,2.322219565292958
104,188,0.8125,0.7125,True,6.25,6.25,2.322219565292958
104,189,0.8125,0.8875,True,5.0,5.0,2.006059431184224
104,190,0.8125,0.8375,True,5.300000000000001,5.300000000000001,2.1903349698250842
104,191,0.9875,0.4125,False,,15.0,2.322219565292958
104,192,0.8625,0.6375,False,,15.0,2.322219565292958
104,193,0.5625,0.2625,False,,15.0,2.322219565292958
104,194,0.8375,0.5625,False,,15.0,2.322219565292958
104,195,0.8625,0.7625,True,6.3500000000000005,6.3500000000000005,2.322219565292958
104,196,0.0125,0.8375,False,,15.0,2.322219565292958
104,197,0.7625,0.8375,True,4.800000000000001,4.800000000000001,1.92559430941216
104,198,0.2625,0.4875,True,0.65,0.65,0.22692018119701382
104,199,0.1875,0.8375,False,,15.0,2.322219565292958
104,200,0.4375,0.7125,True,2.0,2.0,1.110250389608536
104,201,0.5375,0.9125,True,1.9000000000000001,1.9000000000000001,1.047661128529649
104,202,0.0625,0.9375,False,,15.0,2.322219565292958
104,203,0.7875,0.7875,True,6.0,6.0,2.322219565292958
104,204,0.6875,0.5875,True,1.3,1.3,0.6500733672447626
104,205,0.0625,0.1875,False,,15.0,2.322219565292958
104,206,0.7375,0.6625,True,4.3500000000000005,4.3500000000000005,1.8456130302471498
104,207,0.7375,0.7875,True,4.45,4.45,1.8688873829072623
104,208,0.2875,0.9875,False,,15.0,2.322219565292958
104,209,0.7625,0.6875,True,4.45,4.45,1.8688873829072623
104,210,0.5875,0.0875,False,,15.0,2.322219565292958
104,211,0.6375,0.6125,True,1.35,1.35,0.6770485280520226
104,212,0.6375,0.9625,True,5.0,5.0,2.006059431184224
104,213,0.7875,0.8125,True,4.800000000000001,4.800000000000001,1.92559430941216
104,214,0.8125,0.7875,True,6.1000000000000005,6.1000000000000005,2.322219565292958
104,215,0.7125,0.8125,True,4.4,4.4,1.8605584926248768
104,216,0.8125,0.7125,True,6.25,6.25,2.322219565292958
104,217,0.0875,0.5125,False,,15.0,2.322219565292958
104,218,0.5625,0.8875,True,1.85,1.85,1.0155134685359544
104,219,0.7875,0.8625,True,4.9,4.9,1.960349793871407
104,220,0.5875,0.5625,True,1.4000000000000001,1.4000000000000001,0.7044957493271019
104,221,0.0625,0.5375,False,,15.0,2.322219565292958
104,222,0.8875,0.7375,True,6.5,6.5,2.322219565292958
104,223,0.6375,0.7625,True,1.6500000000000001,1.6500000000000001,0.8667650580554597
104,224,0.5375,0.9625,False,,15.0,2.322219565292958
104,225,0.5875,0.7875,True,1.7000000000000002,1.7000000000000002,0.9059441109550956
104,226,0.6875,0.8375,True,4.3500000000000005,4.3500000000000005,1.8456130302471498
104,227,0.2625,0.2875,True,0.05,0.05,0.0
104,228,0.7625,0.7125,True,4.45,4.45,1.8688873829072623
104,229,0.3375,0.2625,True,0.30000000000000004,0.30000000000000004,0.0413612054247729
104,230,0.7875,0.4625,False,,15.0,2.322219565292958
104,231,0.6875,0.6875,True,1.5,1.5,0.7632348728110715
104,232,0.7625,0.6875,True,4.45,4.45,1.8688873829072623
104,233,0.7375,0.6625,True,4.3500000000000005,4.3500000000000005,1.8456130302471498
104,234,0.8625,0.7375,True,6.4,6.4,2.322219565292958
104,235,0.6375,0.8375,True,1.75,1.75,0.9442490772178619
104,236,0.5875,0.8625,True,1.8,1.8,0.9798812728769082
104,237,0.7625,0.7875,True,4.65,4.65,1.8922857291669797
104,238,0.8375,0.8125,True,6.15,6.15,2.322219565292958
104,239,0.8125,0.3875,False,,15.0,2.322219565292958
104,240,0.5375,0.8875,True,1.9000000000000001,1.9000000000000001,1.047661128529649
104,241,0.6125,0.7625,True,1.6500000000000001,1.6500000000000001,0.8667650580554597
104,242,0.7375,0.9125,True,4.9,4.9,1.960349793871407
104,243,0.6875,0.6625,True,1.4500000000000002,1.4500000000000002,0.7338653110690868
104,244,0.0625,0.6625,False,,15.0,2.322219565292958
104,245,0.8875,0.6375,False,,15.0,2.322219565292958
104,246,0.7375,0.9125,True,4.9,4.9,1.960349793871407
104,247,0.7875,0.6875,True,6.2,6.2,2.322219565292958
104,248,0.8875,0.8625,True,6.300000000000001,6.300000000000001,2.322219565292958
104,249,0.6125,0.8125,True,1.7000000000000002,1.7000000000000002,0.9059441109550956
104,250,0.7625,0.7375,True,4.5,4.5,1.8769236507304747
104,251,0.7375,0.8375,True,4.65,4.65,1.8922857291669797
104,252,0.8875,0.5375,False,,15.0,2.322219565292958
104,253,0.7625,0.8375,True,4.800000000000001,4.800000000000001,1.92559430941216
104,254,0.7375,0.8125,True,4.5,4.5,1.8769236507304747
104,255,0.4125,0.7625,True,2.0500000000000003,2.0500000000000003,1.1402114373597465
