contrast_type,family_left,family_right,target_js_nats,gamma_left,gamma_right,planned_scenes,available_valid_scenes,exact_detection_probability_available_scenes,exact_detection_probability_mean,exact_detection_probability_min,exact_detection_probability_max,exact_detection_probability_negative_scenes,exact_detection_probability_zero_scenes,exact_detection_probability_positive_scenes,exact_detection_probability_scene_ids,exact_weighted_mean_t_find_available_scenes,exact_weighted_mean_t_find_mean,exact_weighted_mean_t_find_min,exact_weighted_mean_t_find_max,exact_weighted_mean_t_find_negative_scenes,exact_weighted_mean_t_find_zero_scenes,exact_weighted_mean_t_find_positive_scenes,exact_weighted_mean_t_find_scene_ids,exact_weighted_median_t_find_available_scenes,exact_weighted_median_t_find_mean,exact_weighted_median_t_find_min,exact_weighted_median_t_find_max,exact_weighted_median_t_find_negative_scenes,exact_weighted_median_t_find_zero_scenes,exact_weighted_median_t_find_positive_scenes,exact_weighted_median_t_find_scene_ids
baseline_minus_oracle,uniform_prior_baseline,oracle,,0.05,0.1,12,12,12,0.03757924983371035,-0.051095528223846776,0.1554058778484418,6,0,6,cx0.25_cy0.25_layoutA;cx0.25_cy0.25_layoutB;cx0.25_cy0.25_layoutC;cx0.25_cy0.75_layoutA;cx0.25_cy0.75_layoutB;cx0.25_cy0.75_layoutC;cx0.75_cy0.25_layoutA;cx0.75_cy0.25_layoutB;cx0.75_cy0.25_layoutC;cx0.75_cy0.75_layoutA;cx0.75_cy0.75_layoutB;cx0.75_cy0.75_layoutC,12,-0.07346945539532668,-0.9082697631250473,0.48689161358080524,7,0,5,cx0.25_cy0.25_layoutA;cx0.25_cy0.25_layoutB;cx0.25_cy0.25_layoutC;cx0.25_cy0.75_layoutA;cx0.25_cy0.75_layoutB;cx0.25_cy0.75_layoutC;cx0.75_cy0.25_layoutA;cx0.75_cy0.25_layoutB;cx0.75_cy0.25_layoutC;cx0.75_cy0.75_layoutA;cx0.75_cy0.75_layoutB;cx0.75_cy0.75_layoutC,12,0.21666666666666676,-0.24999999999999978,0.7000000000000002,4,1,7,cx0.25_cy0.25_layoutA;cx0.25_cy0.25_layoutB;cx0.25_cy0.25_layoutC;cx0.25_cy0.75_layoutA;cx0.25_cy0.75_layoutB;cx0.25_cy0.75_layoutC;cx0.75_cy0.25_layoutA;cx0.75_cy0.25_layoutB;cx0.75_cy0.25_layoutC;cx0.75_cy0.75_layoutA;cx0.75_cy0.75_layoutB;cx0.75_cy0.75_layoutC
error_minus_oracle,spatial_shift,oracle,0.05,0.05,0.1,12,11,11,-0.005504372880581163,-0.10355195976332776,0.11199845413517484,6,0,5,cx0.25_cy0.25_layoutA;cx0.25_cy0.25_layoutB;cx0.25_cy0.25_layoutC;cx0.25_cy0.75_layoutA;cx0.25_cy0.75_layoutB;cx0.75_cy0.25_layoutA;cx0.75_cy0.25_layoutB;cx0.75_cy0.25_layoutC;cx0.75_cy0.75_layoutA;cx0.75_cy0.75_layoutB;cx0.75_cy0.75_layoutC,11,-0.14212199475297807,-0.8326438338703988,0.13278664215782499,7,0,4,cx0.25_cy0.25_layoutA;cx0.25_cy0.25_layoutB;cx0.25_cy0.25_layoutC;cx0.25_cy0.75_layoutA;cx0.25_cy0.75_layoutB;cx0.75_cy0.25_layoutA;cx0.75_cy0.25_layoutB;cx0.75_cy0.25_layoutC;cx0.75_cy0.75_layoutA;cx0.75_cy0.75_layoutB;cx0.75_cy0.75_layoutC,11,-0.11136363636363632,-0.6000000000000001,0.27500000000000024,5,1,5,cx0.25_cy0.25_layoutA;cx0.25_cy0.25_layoutB;cx0.25_cy0.25_layoutC;cx0.25_cy0.75_layoutA;cx0.25_cy0.75_layoutB;cx0.75_cy0.25_layoutA;cx0.75_cy0.25_layoutB;cx0.75_cy0.25_layoutC;cx0.75_cy0.75_layoutA;cx0.75_cy0.75_layoutB;cx0.75_cy0.75_layoutC
error_minus_oracle,diffuse_blur,oracle,0.05,0.05,0.1,12,12,12,0.04031728605926957,-0.09574135052040311,0.20509235700663442,3,0,9,cx0.25_cy0.25_layoutA;cx0.25_cy0.25_layoutB;cx0.25_cy0.25_layoutC;cx0.25_cy0.75_layoutA;cx0.25_cy0.75_layoutB;cx0.25_cy0.75_layoutC;cx0.75_cy0.25_layoutA;cx0.75_cy0.25_layoutB;cx0.75_cy0.25_layoutC;cx0.75_cy0.75_layoutA;cx0.75_cy0.75_layoutB;cx0.75_cy0.75_layoutC,12,0.14806299821419794,-0.5552296891384325,0.5632398663206031,3,0,9,cx0.25_cy0.25_layoutA;cx0.25_cy0.25_layoutB;cx0.25_cy0.25_layoutC;cx0.25_cy0.75_layoutA;cx0.25_cy0.75_layoutB;cx0.25_cy0.75_layoutC;cx0.75_cy0.25_layoutA;cx0.75_cy0.25_layoutB;cx0.75_cy0.25_layoutC;cx0.75_cy0.75_layoutA;cx0.75_cy0.75_layoutB;cx0.75_cy0.75_layoutC,12,0.3416666666666666,-0.04999999999999999,1.0999999999999999,1,0,11,cx0.25_cy0.25_layoutA;cx0.25_cy0.25_layoutB;cx0.25_cy0.25_layoutC;cx0.25_cy0.75_layoutA;cx0.25_cy0.75_layoutB;cx0.25_cy0.75_layoutC;cx0.75_cy0.25_layoutA;cx0.75_cy0.25_layoutB;cx0.75_cy0.25_layoutC;cx0.75_cy0.75_layoutA;cx0.75_cy0.75_layoutB;cx0.75_cy0.75_layoutC
error_minus_oracle,false_hotspot,oracle,0.05,0.05,0.1,12,12,12,0.03384887276847849,-0.0917665573086015,0.22529366422349717,6,0,6,cx0.25_cy0.25_layoutA;cx0.25_cy0.25_layoutB;cx0.25_cy0.25_layoutC;cx0.25_cy0.75_layoutA;cx0.25_cy0.75_layoutB;cx0.25_cy0.75_layoutC;cx0.75_cy0.25_layoutA;cx0.75_cy0.25_layoutB;cx0.75_cy0.25_layoutC;cx0.75_cy0.75_layoutA;cx0.75_cy0.75_layoutB;cx0.75_cy0.75_layoutC,12,0.16288651095965792,-0.7724379156953369,0.7856310603522247,3,0,9,cx0.25_cy0.25_layoutA;cx0.25_cy0.25_layoutB;cx0.25_cy0.25_layoutC;cx0.25_cy0.75_layoutA;cx0.25_cy0.75_layoutB;cx0.25_cy0.75_layoutC;cx0.75_cy0.25_layoutA;cx0.75_cy0.25_layoutB;cx0.75_cy0.25_layoutC;cx0.75_cy0.75_layoutA;cx0.75_cy0.75_layoutB;cx0.75_cy0.75_layoutC,12,0.11041666666666662,-1.1750000000000003,0.5750000000000001,2,1,9,cx0.25_cy0.25_layoutA;cx0.25_cy0.25_layoutB;cx0.25_cy0.25_layoutC;cx0.25_cy0.75_layoutA;cx0.25_cy0.75_layoutB;cx0.25_cy0.75_layoutC;cx0.75_cy0.25_layoutA;cx0.75_cy0.25_layoutB;cx0.75_cy0.25_layoutC;cx0.75_cy0.75_layoutA;cx0.75_cy0.75_layoutB;cx0.75_cy0.75_layoutC
error_minus_oracle,false_negative_suppression,oracle,0.05,0.05,0.1,12,12,12,0.026263577194748904,-0.1290728411499515,0.16355017822252693,5,0,7,cx0.25_cy0.25_layoutA;cx0.25_cy0.25_layoutB;cx0.25_cy0.25_layoutC;cx0.25_cy0.75_layoutA;cx0.25_cy0.75_layoutB;cx0.25_cy0.75_layoutC;cx0.75_cy0.25_layoutA;cx0.75_cy0.25_layoutB;cx0.75_cy0.25_layoutC;cx0.75_cy0.75_layoutA;cx0.75_cy0.75_layoutB;cx0.75_cy0.75_layoutC,12,0.06648706942407838,-0.9557473846048816,0.5588711702244379,6,0,6,cx0.25_cy0.25_layoutA;cx0.25_cy0.25_layoutB;cx0.25_cy0.25_layoutC;cx0.25_cy0.75_layoutA;cx0.25_cy0.75_layoutB;cx0.25_cy0.75_layoutC;cx0.75_cy0.25_layoutA;cx0.75_cy0.25_layoutB;cx0.75_cy0.25_layoutC;cx0.75_cy0.75_layoutA;cx0.75_cy0.75_layoutB;cx0.75_cy0.75_layoutC,12,0.16875000000000004,-0.5750000000000001,0.9750000000000001,5,0,7,cx0.25_cy0.25_layoutA;cx0.25_cy0.25_layoutB;cx0.25_cy0.25_layoutC;cx0.25_cy0.75_layoutA;cx0.25_cy0.75_layoutB;cx0.25_cy0.75_layoutC;cx0.75_cy0.25_layoutA;cx0.75_cy0.25_layoutB;cx0.75_cy0.25_layoutC;cx0.75_cy0.75_layoutA;cx0.75_cy0.75_layoutB;cx0.75_cy0.75_layoutC
family_pair,spatial_shift,diffuse_blur,0.05,0.05,0.1,12,11,11,-0.04751040662724317,-0.20634712979132525,0.05836723356892537,9,0,2,cx0.25_cy0.25_layoutA;cx0.25_cy0.25_layoutB;cx0.25_cy0.25_layoutC;cx0.25_cy0.75_layoutA;cx0.25_cy0.75_layoutB;cx0.75_cy0.25_layoutA;cx0.75_cy0.25_layoutB;cx0.75_cy0.25_layoutC;cx0.75_cy0.75_layoutA;cx0.75_cy0.75_layoutB;cx0.75_cy0.75_layoutC,11,-0.25918367455358704,-0.9759297421026061,0.07411198606628489,9,0,2,cx0.25_cy0.25_layoutA;cx0.25_cy0.25_layoutB;cx0.25_cy0.25_layoutC;cx0.25_cy0.75_layoutA;cx0.25_cy0.75_layoutB;cx0.75_cy0.25_layoutA;cx0.75_cy0.25_layoutB;cx0.75_cy0.25_layoutC;cx0.75_cy0.75_layoutA;cx0.75_cy0.75_layoutB;cx0.75_cy0.75_layoutC,11,-0.38409090909090904,-1.6,0.050000000000000266,10,0,1,cx0.25_cy0.25_layoutA;cx0.25_cy0.25_layoutB;cx0.25_cy0.25_layoutC;cx0.25_cy0.75_layoutA;cx0.25_cy0.75_layoutB;cx0.75_cy0.25_layoutA;cx0.75_cy0.25_layoutB;cx0.75_cy0.25_layoutC;cx0.75_cy0.75_layoutA;cx0.75_cy0.75_layoutB;cx0.75_cy0.75_layoutC
family_pair,spatial_shift,false_hotspot,0.05,0.05,0.1,12,11,11,-0.029820388817960394,-0.17204802807290165,0.04272042200583226,6,0,5,cx0.25_cy0.25_layoutA;cx0.25_cy0.25_layoutB;cx0.25_cy0.25_layoutC;cx0.25_cy0.75_layoutA;cx0.25_cy0.75_layoutB;cx0.75_cy0.25_layoutA;cx0.75_cy0.25_layoutB;cx0.75_cy0.25_layoutC;cx0.75_cy0.75_layoutA;cx0.75_cy0.75_layoutB;cx0.75_cy0.75_layoutC,11,-0.3295148321148617,-1.1983209361342277,-0.029318058459419705,11,0,0,cx0.25_cy0.25_layoutA;cx0.25_cy0.25_layoutB;cx0.25_cy0.25_layoutC;cx0.25_cy0.75_layoutA;cx0.25_cy0.75_layoutB;cx0.75_cy0.25_layoutA;cx0.75_cy0.25_layoutB;cx0.75_cy0.25_layoutC;cx0.75_cy0.75_layoutA;cx0.75_cy0.75_layoutB;cx0.75_cy0.75_layoutC,11,-0.3386363636363636,-0.975,0.024999999999999994,8,2,1,cx0.25_cy0.25_layoutA;cx0.25_cy0.25_layoutB;cx0.25_cy0.25_layoutC;cx0.25_cy0.75_layoutA;cx0.25_cy0.75_layoutB;cx0.75_cy0.25_layoutA;cx0.75_cy0.25_layoutB;cx0.75_cy0.25_layoutC;cx0.75_cy0.75_layoutA;cx0.75_cy0.75_layoutB;cx0.75_cy0.75_layoutC
family_pair,spatial_shift,false_negative_suppression,0.05,0.05,0.1,12,11,11,-0.03170030625322615,-0.16366932042680699,0.09169872419847375,8,0,3,cx0.25_cy0.25_layoutA;cx0.25_cy0.25_layoutB;cx0.25_cy0.25_layoutC;cx0.25_cy0.75_layoutA;cx0.25_cy0.75_layoutB;cx0.75_cy0.25_layoutA;cx0.75_cy0.25_layoutB;cx0.75_cy0.25_layoutC;cx0.75_cy0.75_layoutA;cx0.75_cy0.75_layoutB;cx0.75_cy0.75_layoutC,11,-0.18624007842754595,-0.7550604658468507,0.23171555211361072,7,0,4,cx0.25_cy0.25_layoutA;cx0.25_cy0.25_layoutB;cx0.25_cy0.25_layoutC;cx0.25_cy0.75_layoutA;cx0.25_cy0.75_layoutB;cx0.75_cy0.25_layoutA;cx0.75_cy0.25_layoutB;cx0.75_cy0.25_layoutC;cx0.75_cy0.75_layoutA;cx0.75_cy0.75_layoutB;cx0.75_cy0.75_layoutC,11,-0.26363636363636367,-1.375,0.125,8,1,2,cx0.25_cy0.25_layoutA;cx0.25_cy0.25_layoutB;cx0.25_cy0.25_layoutC;cx0.25_cy0.75_layoutA;cx0.25_cy0.75_layoutB;cx0.75_cy0.25_layoutA;cx0.75_cy0.25_layoutB;cx0.75_cy0.25_layoutC;cx0.75_cy0.75_layoutA;cx0.75_cy0.75_layoutB;cx0.75_cy0.75_layoutC
family_pair,diffuse_blur,false_hotspot,0.05,0.05,0.1,12,12,12,0.006468413290791078,-0.11696923641261764,0.06510119218413662,5,0,7,cx0.25_cy0.25_layoutA;cx0.25_cy0.25_layoutB;cx0.25_cy0.25_layoutC;cx0.25_cy0.75_layoutA;cx0.25_cy0.75_layoutB;cx0.25_cy0.75_layoutC;cx0.75_cy0.25_layoutA;cx0.75_cy0.25_layoutB;cx0.75_cy0.25_layoutC;cx0.75_cy0.75_layoutA;cx0.75_cy0.75_layoutB;cx0.75_cy0.75_layoutC,12,-0.014823512745460005,-0.22239119403162166,0.5957605802285009,7,0,5,cx0.25_cy0.25_layoutA;cx0.25_cy0.25_layoutB;cx0.25_cy0.25_layoutC;cx0.25_cy0.75_layoutA;cx0.25_cy0.75_layoutB;cx0.25_cy0.75_layoutC;cx0.75_cy0.25_layoutA;cx0.75_cy0.25_layoutB;cx0.75_cy0.25_layoutC;cx0.75_cy0.75_layoutA;cx0.75_cy0.75_layoutB;cx0.75_cy0.75_layoutC,12,0.23125000000000004,-0.275,2.2750000000000004,4,0,8,cx0.25_cy0.25_layoutA;cx0.25_cy0.25_layoutB;cx0.25_cy0.25_layoutC;cx0.25_cy0.75_layoutA;cx0.25_cy0.75_layoutB;cx0.25_cy0.75_layoutC;cx0.75_cy0.25_layoutA;cx0.75_cy0.25_layoutB;cx0.75_cy0.25_layoutC;cx0.75_cy0.75_layoutA;cx0.75_cy0.75_layoutB;cx0.75_cy0.75_layoutC
family_pair,diffuse_blur,false_negative_suppression,0.05,0.05,0.1,12,12,12,0.014053708864520667,-0.04294328034636408,0.05298771305400368,4,0,8,cx0.25_cy0.25_layoutA;cx0.25_cy0.25_layoutB;cx0.25_cy0.25_layoutC;cx0.25_cy0.75_layoutA;cx0.25_cy0.75_layoutB;cx0.25_cy0.75_layoutC;cx0.75_cy0.25_layoutA;cx0.75_cy0.25_layoutB;cx0.75_cy0.25_layoutC;cx0.75_cy0.75_layoutA;cx0.75_cy0.75_layoutB;cx0.75_cy0.75_layoutC,12,0.08157592879011955,-0.47083257653496446,0.4572411595836048,4,0,8,cx0.25_cy0.25_layoutA;cx0.25_cy0.25_layoutB;cx0.25_cy0.25_layoutC;cx0.25_cy0.75_layoutA;cx0.25_cy0.75_layoutB;cx0.25_cy0.75_layoutC;cx0.75_cy0.25_layoutA;cx0.75_cy0.25_layoutB;cx0.75_cy0.25_layoutC;cx0.75_cy0.75_layoutA;cx0.75_cy0.75_layoutB;cx0.75_cy0.75_layoutC,12,0.1729166666666666,-0.7500000000000002,1.575,3,0,9,cx0.25_cy0.25_layoutA;cx0.25_cy0.25_layoutB;cx0.25_cy0.25_layoutC;cx0.25_cy0.75_layoutA;cx0.25_cy0.75_layoutB;cx0.25_cy0.75_layoutC;cx0.75_cy0.25_layoutA;cx0.75_cy0.25_layoutB;cx0.75_cy0.25_layoutC;cx0.75_cy0.75_layoutA;cx0.75_cy0.75_layoutB;cx0.75_cy0.75_layoutC
family_pair,false_hotspot,false_negative_suppression,0.05,0.05,0.1,12,12,12,0.007585295573729588,-0.03824087050429087,0.11170263867267843,7,0,5,cx0.25_cy0.25_layoutA;cx0.25_cy0.25_layoutB;cx0.25_cy0.25_layoutC;cx0.25_cy0.75_layoutA;cx0.25_cy0.75_layoutB;cx0.25_cy0.75_layoutC;cx0.75_cy0.25_layoutA;cx0.75_cy0.25_layoutB;cx0.75_cy0.25_layoutC;cx0.75_cy0.75_layoutA;cx0.75_cy0.75_layoutB;cx0.75_cy0.75_layoutC,12,0.09639944153557956,-0.41922899213351883,0.6796323536152264,6,0,6,cx0.25_cy0.25_layoutA;cx0.25_cy0.25_layoutB;cx0.25_cy0.25_layoutC;cx0.25_cy0.75_layoutA;cx0.25_cy0.75_layoutB;cx0.25_cy0.75_layoutC;cx0.75_cy0.25_layoutA;cx0.75_cy0.25_layoutB;cx0.75_cy0.25_layoutC;cx0.75_cy0.75_layoutA;cx0.75_cy0.75_layoutB;cx0.75_cy0.75_layoutC,12,-0.05833333333333338,-1.525,0.9499999999999998,6,0,6,cx0.25_cy0.25_layoutA;cx0.25_cy0.25_layoutB;cx0.25_cy0.25_layoutC;cx0.25_cy0.75_layoutA;cx0.25_cy0.75_layoutB;cx0.25_cy0.75_layoutC;cx0.75_cy0.25_layoutA;cx0.75_cy0.25_layoutB;cx0.75_cy0.25_layoutC;cx0.75_cy0.75_layoutA;cx0.75_cy0.75_layoutB;cx0.75_cy0.75_layoutC
error_minus_oracle,spatial_shift,oracle,0.1,0.05,0.1,12,10,10,0.023229817842530625,-0.07669158749644844,0.17179417201734015,5,0,5,cx0.25_cy0.25_layoutA;cx0.25_cy0.25_layoutB;cx0.25_cy0.25_layoutC;cx0.25_cy0.75_layoutA;cx0.75_cy0.25_layoutA;cx0.75_cy0.25_layoutB;cx0.75_cy0.25_layoutC;cx0.75_cy0.75_layoutA;cx0.75_cy0.75_layoutB;cx0.75_cy0.75_layoutC,10,-0.05775959807179944,-0.7916150577173611,0.2155725800783106,5,0,5,cx0.25_cy0.25_layoutA;cx0.25_cy0.25_layoutB;cx0.25_cy0.25_layoutC;cx0.25_cy0.75_layoutA;cx0.75_cy0.25_layoutA;cx0.75_cy0.25_layoutB;cx0.75_cy0.25_layoutC;cx0.75_cy0.75_layoutA;cx0.75_cy0.75_layoutB;cx0.75_cy0.75_layoutC,10,0.16749999999999995,-0.34999999999999987,0.7,3,0,7,cx0.25_cy0.25_layoutA;cx0.25_cy0.25_layoutB;cx0.25_cy0.25_layoutC;cx0.25_cy0.75_layoutA;cx0.75_cy0.25_layoutA;cx0.75_cy0.25_layoutB;cx0.75_cy0.25_layoutC;cx0.75_cy0.75_layoutA;cx0.75_cy0.75_layoutB;cx0.75_cy0.75_layoutC
error_minus_oracle,diffuse_blur,oracle,0.1,0.05,0.1,12,12,12,0.039221053182378236,-0.08495764728453337,0.23653655751676023,6,0,6,cx0.25_cy0.25_layoutA;cx0.25_cy0.25_layoutB;cx0.25_cy0.25_layoutC;cx0.25_cy0.75_layoutA;cx0.25_cy0.75_layoutB;cx0.25_cy0.75_layoutC;cx0.75_cy0.25_layoutA;cx0.75_cy0.25_layoutB;cx0.75_cy0.25_layoutC;cx0.75_cy0.75_layoutA;cx0.75_cy0.75_layoutB;cx0.75_cy0.75_layoutC,12,-0.04562989377040593,-0.9796648324900804,0.3079438704757631,6,0,6,cx0.25_cy0.25_layoutA;cx0.25_cy0.25_layoutB;cx0.25_cy0.25_layoutC;cx0.25_cy0.75_layoutA;cx0.25_cy0.75_layoutB;cx0.25_cy0.75_layoutC;cx0.75_cy0.25_layoutA;cx0.75_cy0.25_layoutB;cx0.75_cy0.25_layoutC;cx0.75_cy0.75_layoutA;cx0.75_cy0.75_layoutB;cx0.75_cy0.75_layoutC,12,0.1375,-0.34999999999999987,0.55,3,2,7,cx0.25_cy0.25_layoutA;cx0.25_cy0.25_layoutB;cx0.25_cy0.25_layoutC;cx0.25_cy0.75_layoutA;cx0.25_cy0.75_layoutB;cx0.25_cy0.75_layoutC;cx0.75_cy0.25_layoutA;cx0.75_cy0.25_layoutB;cx0.75_cy0.25_layoutC;cx0.75_cy0.75_layoutA;cx0.75_cy0.75_layoutB;cx0.75_cy0.75_layoutC
error_minus_oracle,false_hotspot,oracle,0.1,0.05,0.1,12,12,12,0.05609667350325195,-0.09437228826108524,0.2738746024756252,6,0,6,cx0.25_cy0.25_layoutA;cx0.25_cy0.25_layoutB;cx0.25_cy0.25_layoutC;cx0.25_cy0.75_layoutA;cx0.25_cy0.75_layoutB;cx0.25_cy0.75_layoutC;cx0.75_cy0.25_layoutA;cx0.75_cy0.25_layoutB;cx0.75_cy0.25_layoutC;cx0.75_cy0.75_layoutA;cx0.75_cy0.75_layoutB;cx0.75_cy0.75_layoutC,12,0.21704713445176796,-0.7758246569082943,0.792407750734519,3,0,9,cx0.25_cy0.25_layoutA;cx0.25_cy0.25_layoutB;cx0.25_cy0.25_layoutC;cx0.25_cy0.75_layoutA;cx0.25_cy0.75_layoutB;cx0.25_cy0.75_layoutC;cx0.75_cy0.25_layoutA;cx0.75_cy0.25_layoutB;cx0.75_cy0.25_layoutC;cx0.75_cy0.75_layoutA;cx0.75_cy0.75_layoutB;cx0.75_cy0.75_layoutC,12,0.2854166666666667,-0.8000000000000003,1.2750000000000001,4,1,7,cx0.25_cy0.25_layoutA;cx0.25_cy0.25_layoutB;cx0.25_cy0.25_layoutC;cx0.25_cy0.75_layoutA;cx0.25_cy0.75_layoutB;cx0.25_cy0.75_layoutC;cx0.75_cy0.25_layoutA;cx0.75_cy0.25_layoutB;cx0.75_cy0.25_layoutC;cx0.75_cy0.75_layoutA;cx0.75_cy0.75_layoutB;cx0.75_cy0.75_layoutC
error_minus_oracle,false_negative_suppression,oracle,0.1,0.05,0.1,12,11,11,0.03991013561918954,-0.07485730122604783,0.18810073334748778,4,0,7,cx0.25_cy0.25_layoutA;cx0.25_cy0.25_layoutB;cx0.25_cy0.25_layoutC;cx0.25_cy0.75_layoutA;cx0.25_cy0.75_layoutB;cx0.75_cy0.25_layoutA;cx0.75_cy0.25_layoutB;cx0.75_cy0.25_layoutC;cx0.75_cy0.75_layoutA;cx0.75_cy0.75_layoutB;cx0.75_cy0.75_layoutC,11,0.0964363643477705,-0.8668512017203108,0.5449698866532263,3,0,8,cx0.25_cy0.25_layoutA;cx0.25_cy0.25_layoutB;cx0.25_cy0.25_layoutC;cx0.25_cy0.75_layoutA;cx0.25_cy0.75_layoutB;cx0.75_cy0.25_layoutA;cx0.75_cy0.25_layoutB;cx0.75_cy0.25_layoutC;cx0.75_cy0.75_layoutA;cx0.75_cy0.75_layoutB;cx0.75_cy0.75_layoutC,11,0.21818181818181823,-0.34999999999999987,0.8000000000000002,4,1,6,cx0.25_cy0.25_layoutA;cx0.25_cy0.25_layoutB;cx0.25_cy0.25_layoutC;cx0.25_cy0.75_layoutA;cx0.25_cy0.75_layoutB;cx0.75_cy0.25_layoutA;cx0.75_cy0.25_layoutB;cx0.75_cy0.25_layoutC;cx0.75_cy0.75_layoutA;cx0.75_cy0.75_layoutB;cx0.75_cy0.75_layoutC
family_pair,spatial_shift,diffuse_blur,0.1,0.05,0.1,12,10,10,-0.01776163051672246,-0.15062699336287555,0.08830448191297835,7,0,3,cx0.25_cy0.25_layoutA;cx0.25_cy0.25_layoutB;cx0.25_cy0.25_layoutC;cx0.25_cy0.75_layoutA;cx0.75_cy0.25_layoutA;cx0.75_cy0.25_layoutB;cx0.75_cy0.25_layoutC;cx0.75_cy0.75_layoutA;cx0.75_cy0.75_layoutB;cx0.75_cy0.75_layoutC,10,0.03389594716153531,-0.3586612041166706,0.38451313491232153,4,0,6,cx0.25_cy0.25_layoutA;cx0.25_cy0.25_layoutB;cx0.25_cy0.25_layoutC;cx0.25_cy0.75_layoutA;cx0.75_cy0.25_layoutA;cx0.75_cy0.25_layoutB;cx0.75_cy0.25_layoutC;cx0.75_cy0.75_layoutA;cx0.75_cy0.75_layoutB;cx0.75_cy0.75_layoutC,10,0.012499999999999956,-0.5499999999999998,0.4999999999999998,3,2,5,cx0.25_cy0.25_layoutA;cx0.25_cy0.25_layoutB;cx0.25_cy0.25_layoutC;cx0.25_cy0.75_layoutA;cx0.75_cy0.25_layoutA;cx0.75_cy0.25_layoutB;cx0.75_cy0.25_layoutC;cx0.75_cy0.75_layoutA;cx0.75_cy0.75_layoutB;cx0.75_cy0.75_layoutC
family_pair,spatial_shift,false_hotspot,0.1,0.05,0.1,12,10,10,-0.04748529445655628,-0.1879650383217405,0.053646945156466896,7,0,3,cx0.25_cy0.25_layoutA;cx0.25_cy0.25_layoutB;cx0.25_cy0.25_layoutC;cx0.25_cy0.75_layoutA;cx0.75_cy0.25_layoutA;cx0.75_cy0.25_layoutB;cx0.75_cy0.25_layoutC;cx0.75_cy0.75_layoutA;cx0.75_cy0.75_layoutB;cx0.75_cy0.75_layoutC,10,-0.21213821187154802,-0.8431250843754264,0.2541667125025988,7,0,3,cx0.25_cy0.25_layoutA;cx0.25_cy0.25_layoutB;cx0.25_cy0.25_layoutC;cx0.25_cy0.75_layoutA;cx0.75_cy0.25_layoutA;cx0.75_cy0.25_layoutB;cx0.75_cy0.25_layoutC;cx0.75_cy0.75_layoutA;cx0.75_cy0.75_layoutB;cx0.75_cy0.75_layoutC,10,-0.040000000000000015,-1.3499999999999999,1.2999999999999998,7,0,3,cx0.25_cy0.25_layoutA;cx0.25_cy0.25_layoutB;cx0.25_cy0.25_layoutC;cx0.25_cy0.75_layoutA;cx0.75_cy0.25_layoutA;cx0.75_cy0.25_layoutB;cx0.75_cy0.25_layoutC;cx0.75_cy0.75_layoutA;cx0.75_cy0.75_layoutB;cx0.75_cy0.75_layoutC
family_pair,spatial_shift,false_negative_suppression,0.1,0.05,0.1,12,10,10,-0.028157061461182648,-0.10474287410749988,0.035779229361795506,7,0,3,cx0.25_cy0.25_layoutA;cx0.25_cy0.25_layoutB;cx0.25_cy0.25_layoutC;cx0.25_cy0.75_layoutA;cx0.75_cy0.25_layoutA;cx0.75_cy0.25_layoutB;cx0.75_cy0.25_layoutC;cx0.75_cy0.75_layoutA;cx0.75_cy0.75_layoutB;cx0.75_cy0.75_layoutC,10,-0.12670982278297577,-0.6063314693614679,0.2525337107392607,6,0,4,cx0.25_cy0.25_layoutA;cx0.25_cy0.25_layoutB;cx0.25_cy0.25_layoutC;cx0.25_cy0.75_layoutA;cx0.75_cy0.25_layoutA;cx0.75_cy0.25_layoutB;cx0.75_cy0.25_layoutC;cx0.75_cy0.75_layoutA;cx0.75_cy0.75_layoutB;cx0.75_cy0.75_layoutC,10,-9.992007221626409e-17,-1.15,0.8499999999999996,5,0,5,cx0.25_cy0.25_layoutA;cx0.25_cy0.25_layoutB;cx0.25_cy0.25_layoutC;cx0.25_cy0.75_layoutA;cx0.75_cy0.25_layoutA;cx0.75_cy0.25_layoutB;cx0.75_cy0.25_layoutC;cx0.75_cy0.75_layoutA;cx0.75_cy0.75_layoutB;cx0.75_cy0.75_layoutC
family_pair,diffuse_blur,false_hotspot,0.1,0.05,0.1,12,12,12,-0.016875620320873707,-0.1613842451118987,0.05205100890114006,5,0,7,cx0.25_cy0.25_layoutA;cx0.25_cy0.25_layoutB;cx0.25_cy0.25_layoutC;cx0.25_cy0.75_layoutA;cx0.25_cy0.75_layoutB;cx0.25_cy0.75_layoutC;cx0.75_cy0.25_layoutA;cx0.75_cy0.25_layoutB;cx0.75_cy0.25_layoutC;cx0.75_cy0.75_layoutA;cx0.75_cy0.75_layoutB;cx0.75_cy0.75_layoutC,12,-0.2626770282221739,-0.8052976328458522,0.23073245375377427,9,0,3,cx0.25_cy0.25_layoutA;cx0.25_cy0.25_layoutB;cx0.25_cy0.25_layoutC;cx0.25_cy0.75_layoutA;cx0.25_cy0.75_layoutB;cx0.25_cy0.75_layoutC;cx0.75_cy0.25_layoutA;cx0.75_cy0.25_layoutB;cx0.75_cy0.25_layoutC;cx0.75_cy0.75_layoutA;cx0.75_cy0.75_layoutB;cx0.75_cy0.75_layoutC,12,-0.14791666666666672,-1.25,1.2500000000000002,8,1,3,cx0.25_cy0.25_layoutA;cx0.25_cy0.25_layoutB;cx0.25_cy0.25_layoutC;cx0.25_cy0.75_layoutA;cx0.25_cy0.75_layoutB;cx0.25_cy0.75_layoutC;cx0.75_cy0.25_layoutA;cx0.75_cy0.25_layoutB;cx0.75_cy0.25_layoutC;cx0.75_cy0.75_layoutA;cx0.75_cy0.75_layoutB;cx0.75_cy0.75_layoutC
family_pair,diffuse_blur,false_negative_suppression,0.1,0.05,0.1,12,11,11,-0.0048696628997392495,-0.07621362765842554,0.05038801754747013,6,0,5,cx0.25_cy0.25_layoutA;cx0.25_cy0.25_layoutB;cx0.25_cy0.25_layoutC;cx0.25_cy0.75_layoutA;cx0.25_cy0.75_layoutB;cx0.75_cy0.25_layoutA;cx0.75_cy0.25_layoutB;cx0.75_cy0.25_layoutC;cx0.75_cy0.75_layoutA;cx0.75_cy0.75_layoutB;cx0.75_cy0.75_layoutC,11,-0.16663151485851413,-0.5875319957236719,0.11904556264962596,9,0,2,cx0.25_cy0.25_layoutA;cx0.25_cy0.25_layoutB;cx0.25_cy0.25_layoutC;cx0.25_cy0.75_layoutA;cx0.25_cy0.75_layoutB;cx0.75_cy0.25_layoutA;cx0.75_cy0.25_layoutB;cx0.75_cy0.25_layoutC;cx0.75_cy0.75_layoutA;cx0.75_cy0.75_layoutB;cx0.75_cy0.75_layoutC,11,-0.07272727272727277,-0.8999999999999998,0.7999999999999998,7,0,4,cx0.25_cy0.25_layoutA;cx0.25_cy0.25_layoutB;cx0.25_cy0.25_layoutC;cx0.25_cy0.75_layoutA;cx0.25_cy0.75_layoutB;cx0.75_cy0.25_layoutA;cx0.75_cy0.25_layoutB;cx0.75_cy0.25_layoutC;cx0.75_cy0.75_layoutA;cx0.75_cy0.75_layoutB;cx0.75_cy0.75_layoutC
family_pair,false_hotspot,false_negative_suppression,0.1,0.05,0.1,12,11,11,0.01741993987273331,-0.1140672138765696,0.17590051380292704,6,0,5,cx0.25_cy0.25_layoutA;cx0.25_cy0.25_layoutB;cx0.25_cy0.25_layoutC;cx0.25_cy0.75_layoutA;cx0.25_cy0.75_layoutB;cx0.75_cy0.25_layoutA;cx0.75_cy0.25_layoutB;cx0.75_cy0.25_layoutC;cx0.75_cy0.75_layoutA;cx0.75_cy0.75_layoutB;cx0.75_cy0.75_layoutC,11,0.09312122851999617,-0.24591026173627495,0.6035094429083818,4,0,7,cx0.25_cy0.25_layoutA;cx0.25_cy0.25_layoutB;cx0.25_cy0.25_layoutC;cx0.25_cy0.75_layoutA;cx0.25_cy0.75_layoutB;cx0.75_cy0.25_layoutA;cx0.75_cy0.25_layoutB;cx0.75_cy0.25_layoutC;cx0.75_cy0.75_layoutA;cx0.75_cy0.75_layoutB;cx0.75_cy0.75_layoutC,11,0.05909090909090906,-0.4500000000000004,0.9000000000000001,5,0,6,cx0.25_cy0.25_layoutA;cx0.25_cy0.25_layoutB;cx0.25_cy0.25_layoutC;cx0.25_cy0.75_layoutA;cx0.25_cy0.75_layoutB;cx0.75_cy0.25_layoutA;cx0.75_cy0.25_layoutB;cx0.75_cy0.25_layoutC;cx0.75_cy0.75_layoutA;cx0.75_cy0.75_layoutB;cx0.75_cy0.75_layoutC
error_minus_oracle,spatial_shift,oracle,0.15,0.05,0.1,12,11,11,0.08961562363573988,-0.05691445530120959,0.32103390057379394,5,0,6,cx0.25_cy0.25_layoutA;cx0.25_cy0.25_layoutB;cx0.25_cy0.75_layoutA;cx0.25_cy0.75_layoutB;cx0.25_cy0.75_layoutC;cx0.75_cy0.25_layoutA;cx0.75_cy0.25_layoutB;cx0.75_cy0.25_layoutC;cx0.75_cy0.75_layoutA;cx0.75_cy0.75_layoutB;cx0.75_cy0.75_layoutC,11,0.11105042294663227,-0.14663806365702886,0.33368981659967933,2,0,9,cx0.25_cy0.25_layoutA;cx0.25_cy0.25_layoutB;cx0.25_cy0.75_layoutA;cx0.25_cy0.75_layoutB;cx0.25_cy0.75_layoutC;cx0.75_cy0.25_layoutA;cx0.75_cy0.25_layoutB;cx0.75_cy0.25_layoutC;cx0.75_cy0.75_layoutA;cx0.75_cy0.75_layoutB;cx0.75_cy0.75_layoutC,11,0.12045454545454547,-1.5750000000000004,0.6500000000000001,3,0,8,cx0.25_cy0.25_layoutA;cx0.25_cy0.25_layoutB;cx0.25_cy0.75_layoutA;cx0.25_cy0.75_layoutB;cx0.25_cy0.75_layoutC;cx0.75_cy0.25_layoutA;cx0.75_cy0.25_layoutB;cx0.75_cy0.25_layoutC;cx0.75_cy0.75_layoutA;cx0.75_cy0.75_layoutB;cx0.75_cy0.75_layoutC
error_minus_oracle,diffuse_blur,oracle,0.15,0.05,0.1,12,12,12,0.03959709388420413,-0.09008101091509957,0.18449572224359978,6,0,6,cx0.25_cy0.25_layoutA;cx0.25_cy0.25_layoutB;cx0.25_cy0.25_layoutC;cx0.25_cy0.75_layoutA;cx0.25_cy0.75_layoutB;cx0.25_cy0.75_layoutC;cx0.75_cy0.25_layoutA;cx0.75_cy0.25_layoutB;cx0.75_cy0.25_layoutC;cx0.75_cy0.75_layoutA;cx0.75_cy0.75_layoutB;cx0.75_cy0.75_layoutC,12,-0.05468392709782855,-0.7989845928815926,0.5018717311385834,7,0,5,cx0.25_cy0.25_layoutA;cx0.25_cy0.25_layoutB;cx0.25_cy0.25_layoutC;cx0.25_cy0.75_layoutA;cx0.25_cy0.75_layoutB;cx0.25_cy0.75_layoutC;cx0.75_cy0.25_layoutA;cx0.75_cy0.25_layoutB;cx0.75_cy0.25_layoutC;cx0.75_cy0.75_layoutA;cx0.75_cy0.75_layoutB;cx0.75_cy0.75_layoutC,12,0.15416666666666662,-0.25,0.9500000000000002,5,1,6,cx0.25_cy0.25_layoutA;cx0.25_cy0.25_layoutB;cx0.25_cy0.25_layoutC;cx0.25_cy0.75_layoutA;cx0.25_cy0.75_layoutB;cx0.25_cy0.75_layoutC;cx0.75_cy0.25_layoutA;cx0.75_cy0.25_layoutB;cx0.75_cy0.25_layoutC;cx0.75_cy0.75_layoutA;cx0.75_cy0.75_layoutB;cx0.75_cy0.75_layoutC
error_minus_oracle,false_hotspot,oracle,0.15,0.05,0.1,12,12,12,0.05253390566540019,-0.055763250232423955,0.14425096320423708,3,0,9,cx0.25_cy0.25_layoutA;cx0.25_cy0.25_layoutB;cx0.25_cy0.25_layoutC;cx0.25_cy0.75_layoutA;cx0.25_cy0.75_layoutB;cx0.25_cy0.75_layoutC;cx0.75_cy0.25_layoutA;cx0.75_cy0.25_layoutB;cx0.75_cy0.25_layoutC;cx0.75_cy0.75_layoutA;cx0.75_cy0.75_layoutB;cx0.75_cy0.75_layoutC,12,0.21535865286032685,-0.7018484077364178,0.889832758953047,4,0,8,cx0.25_cy0.25_layoutA;cx0.25_cy0.25_layoutB;cx0.25_cy0.25_layoutC;cx0.25_cy0.75_layoutA;cx0.25_cy0.75_layoutB;cx0.25_cy0.75_layoutC;cx0.75_cy0.25_layoutA;cx0.75_cy0.25_layoutB;cx0.75_cy0.25_layoutC;cx0.75_cy0.75_layoutA;cx0.75_cy0.75_layoutB;cx0.75_cy0.75_layoutC,12,0.28125000000000006,-0.625,0.9249999999999998,3,0,9,cx0.25_cy0.25_layoutA;cx0.25_cy0.25_layoutB;cx0.25_cy0.25_layoutC;cx0.25_cy0.75_layoutA;cx0.25_cy0.75_layoutB;cx0.25_cy0.75_layoutC;cx0.75_cy0.25_layoutA;cx0.75_cy0.25_layoutB;cx0.75_cy0.25_layoutC;cx0.75_cy0.75_layoutA;cx0.75_cy0.75_layoutB;cx0.75_cy0.75_layoutC
error_minus_oracle,false_negative_suppression,oracle,0.15,0.05,0.1,12,11,11,0.050976776173964185,-0.06487175391437133,0.15681094367731857,2,0,9,cx0.25_cy0.25_layoutA;cx0.25_cy0.25_layoutB;cx0.25_cy0.25_layoutC;cx0.25_cy0.75_layoutA;cx0.25_cy0.75_layoutB;cx0.75_cy0.25_layoutA;cx0.75_cy0.25_layoutB;cx0.75_cy0.25_layoutC;cx0.75_cy0.75_layoutA;cx0.75_cy0.75_layoutB;cx0.75_cy0.75_layoutC,11,0.20832438323343425,-0.8653194398230033,0.6247770920793809,2,0,9,cx0.25_cy0.25_layoutA;cx0.25_cy0.25_layoutB;cx0.25_cy0.25_layoutC;cx0.25_cy0.75_layoutA;cx0.25_cy0.75_layoutB;cx0.75_cy0.25_layoutA;cx0.75_cy0.25_layoutB;cx0.75_cy0.25_layoutC;cx0.75_cy0.75_layoutA;cx0.75_cy0.75_layoutB;cx0.75_cy0.75_layoutC,11,0.24545454545454548,-0.2749999999999999,0.9000000000000002,5,0,6,cx0.25_cy0.25_layoutA;cx0.25_cy0.25_layoutB;cx0.25_cy0.25_layoutC;cx0.25_cy0.75_layoutA;cx0.25_cy0.75_layoutB;cx0.75_cy0.25_layoutA;cx0.75_cy0.25_layoutB;cx0.75_cy0.25_layoutC;cx0.75_cy0.75_layoutA;cx0.75_cy0.75_layoutB;cx0.75_cy0.75_layoutC
family_pair,spatial_shift,diffuse_blur,0.15,0.05,0.1,12,11,11,0.04621128860259102,-0.029514777542630988,0.16129715158082547,2,0,9,cx0.25_cy0.25_layoutA;cx0.25_cy0.25_layoutB;cx0.25_cy0.75_layoutA;cx0.25_cy0.75_layoutB;cx0.25_cy0.75_layoutC;cx0.75_cy0.25_layoutA;cx0.75_cy0.25_layoutB;cx0.75_cy0.25_layoutC;cx0.75_cy0.75_layoutA;cx0.75_cy0.75_layoutB;cx0.75_cy0.75_layoutC,11,0.09807065315502772,-0.4948713565232782,0.5398910423904737,5,0,6,cx0.25_cy0.25_layoutA;cx0.25_cy0.25_layoutB;cx0.25_cy0.75_layoutA;cx0.25_cy0.75_layoutB;cx0.25_cy0.75_layoutC;cx0.75_cy0.25_layoutA;cx0.75_cy0.25_layoutB;cx0.75_cy0.25_layoutC;cx0.75_cy0.75_layoutA;cx0.75_cy0.75_layoutB;cx0.75_cy0.75_layoutC,11,-0.05227272727272722,-1.5250000000000004,0.55,4,1,6,cx0.25_cy0.25_layoutA;cx0.25_cy0.25_layoutB;cx0.25_cy0.75_layoutA;cx0.25_cy0.75_layoutB;cx0.25_cy0.75_layoutC;cx0.75_cy0.25_layoutA;cx0.75_cy0.25_layoutB;cx0.75_cy0.25_layoutC;cx0.75_cy0.75_layoutA;cx0.75_cy0.75_layoutB;cx0.75_cy0.75_layoutC
family_pair,spatial_shift,false_hotspot,0.15,0.05,0.1,12,11,11,0.03695172366382928,-0.04990952294072126,0.20500040632797462,6,0,5,cx0.25_cy0.25_layoutA;cx0.25_cy0.25_layoutB;cx0.25_cy0.75_layoutA;cx0.25_cy0.75_layoutB;cx0.25_cy0.75_layoutC;cx0.75_cy0.25_layoutA;cx0.75_cy0.25_layoutB;cx0.75_cy0.25_layoutC;cx0.75_cy0.75_layoutA;cx0.75_cy0.75_layoutB;cx0.75_cy0.75_layoutC,11,-0.1876906899679441,-0.7724456900942545,0.18986406824884017,8,0,3,cx0.25_cy0.25_layoutA;cx0.25_cy0.25_layoutB;cx0.25_cy0.75_layoutA;cx0.25_cy0.75_layoutB;cx0.25_cy0.75_layoutC;cx0.75_cy0.25_layoutA;cx0.75_cy0.25_layoutB;cx0.75_cy0.25_layoutC;cx0.75_cy0.75_layoutA;cx0.75_cy0.75_layoutB;cx0.75_cy0.75_layoutC,11,-0.18863636363636366,-2.5,1.15,6,2,3,cx0.25_cy0.25_layoutA;cx0.25_cy0.25_layoutB;cx0.25_cy0.75_layoutA;cx0.25_cy0.75_layoutB;cx0.25_cy0.75_layoutC;cx0.75_cy0.25_layoutA;cx0.75_cy0.25_layoutB;cx0.75_cy0.25_layoutC;cx0.75_cy0.75_layoutA;cx0.75_cy0.75_layoutB;cx0.75_cy0.75_layoutC
family_pair,spatial_shift,false_negative_suppression,0.15,0.05,0.1,12,10,10,0.023009591403231867,-0.08527929865101291,0.214108910009922,5,0,5,cx0.25_cy0.25_layoutA;cx0.25_cy0.25_layoutB;cx0.25_cy0.75_layoutA;cx0.25_cy0.75_layoutB;cx0.75_cy0.25_layoutA;cx0.75_cy0.25_layoutB;cx0.75_cy0.25_layoutC;cx0.75_cy0.75_layoutA;cx0.75_cy0.75_layoutB;cx0.75_cy0.75_layoutC,10,-0.2052720071836618,-0.5371744138684047,0.3045273033417639,8,0,2,cx0.25_cy0.25_layoutA;cx0.25_cy0.25_layoutB;cx0.25_cy0.75_layoutA;cx0.25_cy0.75_layoutB;cx0.75_cy0.25_layoutA;cx0.75_cy0.25_layoutB;cx0.75_cy0.25_layoutC;cx0.75_cy0.75_layoutA;cx0.75_cy0.75_layoutB;cx0.75_cy0.75_layoutC,10,0.010000000000000031,-0.75,0.9250000000000003,6,0,4,cx0.25_cy0.25_layoutA;cx0.25_cy0.25_layoutB;cx0.25_cy0.75_layoutA;cx0.25_cy0.75_layoutB;cx0.75_cy0.25_layoutA;cx0.75_cy0.25_layoutB;cx0.75_cy0.25_layoutC;cx0.75_cy0.75_layoutA;cx0.75_cy0.75_layoutB;cx0.75_cy0.75_layoutC
family_pair,diffuse_blur,false_hotspot,0.15,0.05,0.1,12,12,12,-0.01293681178119606,-0.10903840268053744,0.05888457696581362,7,0,5,cx0.25_cy0.25_layoutA;cx0.25_cy0.25_layoutB;cx0.25_cy0.25_layoutC;cx0.25_cy0.75_layoutA;cx0.25_cy0.75_layoutB;cx0.25_cy0.75_layoutC;cx0.75_cy0.25_layoutA;cx0.75_cy0.25_layoutB;cx0.75_cy0.25_layoutC;cx0.75_cy0.75_layoutA;cx0.75_cy0.75_layoutB;cx0.75_cy0.75_layoutC,12,-0.2700425799581554,-0.9171524443025552,0.14801826350887803,9,0,3,cx0.25_cy0.25_layoutA;cx0.25_cy0.25_layoutB;cx0.25_cy0.25_layoutC;cx0.25_cy0.75_layoutA;cx0.25_cy0.75_layoutB;cx0.25_cy0.75_layoutC;cx0.75_cy0.25_layoutA;cx0.75_cy0.25_layoutB;cx0.75_cy0.25_layoutC;cx0.75_cy0.75_layoutA;cx0.75_cy0.75_layoutB;cx0.75_cy0.75_layoutC,12,-0.1270833333333334,-0.9749999999999999,1.0750000000000002,7,1,4,cx0.25_cy0.25_layoutA;cx0.25_cy0.25_layoutB;cx0.25_cy0.25_layoutC;cx0.25_cy0.75_layoutA;cx0.25_cy0.75_layoutB;cx0.25_cy0.75_layoutC;cx0.75_cy0.25_layoutA;cx0.75_cy0.25_layoutB;cx0.75_cy0.25_layoutC;cx0.75_cy0.75_layoutA;cx0.75_cy0.75_layoutB;cx0.75_cy0.75_layoutC
family_pair,diffuse_blur,false_negative_suppression,0.15,0.05,0.1,12,11,11,-0.01902907350543117,-0.16002598734432727,0.07943278548248095,6,0,5,cx0.25_cy0.25_layoutA;cx0.25_cy0.25_layoutB;cx0.25_cy0.25_layoutC;cx0.25_cy0.75_layoutA;cx0.25_cy0.75_layoutB;cx0.75_cy0.25_layoutA;cx0.75_cy0.25_layoutB;cx0.75_cy0.25_layoutC;cx0.75_cy0.75_layoutA;cx0.75_cy0.75_layoutB;cx0.75_cy0.75_layoutC,11,-0.28647969004545293,-0.7978080097958424,0.06633484694141073,10,0,1,cx0.25_cy0.25_layoutA;cx0.25_cy0.25_layoutB;cx0.25_cy0.25_layoutC;cx0.25_cy0.75_layoutA;cx0.25_cy0.75_layoutB;cx0.75_cy0.25_layoutA;cx0.75_cy0.25_layoutB;cx0.75_cy0.25_layoutC;cx0.75_cy0.75_layoutA;cx0.75_cy0.75_layoutB;cx0.75_cy0.75_layoutC,11,-0.07272727272727274,-1.0500000000000003,0.7249999999999999,6,0,5,cx0.25_cy0.25_layoutA;cx0.25_cy0.25_layoutB;cx0.25_cy0.25_layoutC;cx0.25_cy0.75_layoutA;cx0.25_cy0.75_layoutB;cx0.75_cy0.25_layoutA;cx0.75_cy0.25_layoutB;cx0.75_cy0.25_layoutC;cx0.75_cy0.75_layoutA;cx0.75_cy0.75_layoutB;cx0.75_cy0.75_layoutC
family_pair,false_hotspot,false_negative_suppression,0.15,0.05,0.1,12,11,11,0.00043695543458395367,-0.07415544725769196,0.09633868671284151,6,0,5,cx0.25_cy0.25_layoutA;cx0.25_cy0.25_layoutB;cx0.25_cy0.25_layoutC;cx0.25_cy0.75_layoutA;cx0.25_cy0.75_layoutB;cx0.75_cy0.25_layoutA;cx0.75_cy0.25_layoutB;cx0.75_cy0.25_layoutC;cx0.75_cy0.75_layoutA;cx0.75_cy0.75_layoutB;cx0.75_cy0.75_layoutC,11,-0.05428155819971827,-0.7270384821172449,0.7464752469124782,6,0,5,cx0.25_cy0.25_layoutA;cx0.25_cy0.25_layoutB;cx0.25_cy0.25_layoutC;cx0.25_cy0.75_layoutA;cx0.25_cy0.75_layoutB;cx0.75_cy0.25_layoutA;cx0.75_cy0.25_layoutB;cx0.75_cy0.25_layoutC;cx0.75_cy0.75_layoutA;cx0.75_cy0.75_layoutB;cx0.75_cy0.75_layoutC,11,-0.022727272727272648,-0.5249999999999998,0.6000000000000001,5,1,5,cx0.25_cy0.25_layoutA;cx0.25_cy0.25_layoutB;cx0.25_cy0.25_layoutC;cx0.25_cy0.75_layoutA;cx0.25_cy0.75_layoutB;cx0.75_cy0.25_layoutA;cx0.75_cy0.25_layoutB;cx0.75_cy0.25_layoutC;cx0.75_cy0.75_layoutA;cx0.75_cy0.75_layoutB;cx0.75_cy0.75_layoutC
