contrast_type,family_left,family_right,target_js_nats,scene_id,gamma_left,gamma_right,planned_gamma_pairs,available_valid_gamma_pairs,interaction_exact_detection_probability,interaction_exact_weighted_mean_t_find,interaction_exact_weighted_median_t_find
baseline_minus_oracle,uniform_prior_baseline,oracle,,cx0.25_cy0.25_layoutA,0.05,0.1,1,1,-0.007129544487650574,-0.08372869001193628,0.0
error_minus_oracle,spatial_shift,oracle,0.05,cx0.25_cy0.25_layoutA,0.05,0.1,1,1,0.0016470745096464623,-0.09808618859510332,0.0
error_minus_oracle,diffuse_blur,oracle,0.05,cx0.25_cy0.25_layoutA,0.05,0.1,1,1,0.032675020704373225,-0.013758256605367447,0.04999999999999999
error_minus_oracle,false_hotspot,oracle,0.05,cx0.25_cy0.25_layoutA,0.05,0.1,1,1,0.003623661446849613,-0.06876813013568361,0.0
error_minus_oracle,false_negative_suppression,oracle,0.05,cx0.25_cy0.25_layoutA,0.05,0.1,1,1,0.023680735877606995,-0.02030168191647791,0.024999999999999994
family_pair,spatial_shift,diffuse_blur,0.05,cx0.25_cy0.25_layoutA,0.05,0.1,1,1,-0.031027946194726763,-0.08432793198973587,-0.04999999999999999
family_pair,spatial_shift,false_hotspot,0.05,cx0.25_cy0.25_layoutA,0.05,0.1,1,1,-0.001976586937203151,-0.029318058459419705,0.0
family_pair,spatial_shift,false_negative_suppression,0.05,cx0.25_cy0.25_layoutA,0.05,0.1,1,1,-0.022033661367960533,-0.07778450667862541,-0.024999999999999994
family_pair,diffuse_blur,false_hotspot,0.05,cx0.25_cy0.25_layoutA,0.05,0.1,1,1,0.029051359257523612,0.05500987353031617,0.04999999999999999
family_pair,diffuse_blur,false_negative_suppression,0.05,cx0.25_cy0.25_layoutA,0.05,0.1,1,1,0.00899428482676623,0.006543425311110462,0.024999999999999994
family_pair,false_hotspot,false_negative_suppression,0.05,cx0.25_cy0.25_layoutA,0.05,0.1,1,1,-0.020057074430757382,-0.048466448219205704,-0.024999999999999994
error_minus_oracle,spatial_shift,oracle,0.1,cx0.25_cy0.25_layoutA,0.05,0.1,1,1,-0.01668841925213238,-0.14680358354986978,-0.04999999999999999
error_minus_oracle,diffuse_blur,oracle,0.1,cx0.25_cy0.25_layoutA,0.05,0.1,1,1,0.05003701679334127,0.03366999846450203,0.0
error_minus_oracle,false_hotspot,oracle,0.1,cx0.25_cy0.25_layoutA,0.05,0.1,1,1,0.031043656376137485,-0.034616935755382106,0.0
error_minus_oracle,false_negative_suppression,oracle,0.1,cx0.25_cy0.25_layoutA,0.05,0.1,1,1,0.0880544548553675,0.1596643158735797,0.4
family_pair,spatial_shift,diffuse_blur,0.1,cx0.25_cy0.25_layoutA,0.05,0.1,1,1,-0.06672543604547365,-0.1804735820143718,-0.04999999999999999
family_pair,spatial_shift,false_hotspot,0.1,cx0.25_cy0.25_layoutA,0.05,0.1,1,1,-0.047732075628269865,-0.11218664779448767,-0.04999999999999999
family_pair,spatial_shift,false_negative_suppression,0.1,cx0.25_cy0.25_layoutA,0.05,0.1,1,1,-0.10474287410749988,-0.3064678994234495,-0.44999999999999996
family_pair,diffuse_blur,false_hotspot,0.1,cx0.25_cy0.25_layoutA,0.05,0.1,1,1,0.018993360417203786,0.06828693421988413,0.0
family_pair,diffuse_blur,false_negative_suppression,0.1,cx0.25_cy0.25_layoutA,0.05,0.1,1,1,-0.03801743806202623,-0.12599431740907768,-0.4
family_pair,false_hotspot,false_negative_suppression,0.1,cx0.25_cy0.25_layoutA,0.05,0.1,1,1,-0.05701079847923002,-0.19428125162896182,-0.39999999999999997
error_minus_oracle,spatial_shift,oracle,0.15,cx0.25_cy0.25_layoutA,0.05,0.1,1,1,-0.015670033674922923,-0.14663806365702886,-0.024999999999999994
error_minus_oracle,diffuse_blur,oracle,0.15,cx0.25_cy0.25_layoutA,0.05,0.1,1,1,0.013844743867708065,-0.042418836012210526,0.0
error_minus_oracle,false_hotspot,oracle,0.15,cx0.25_cy0.25_layoutA,0.05,0.1,1,1,-0.005428477220368932,-0.10669129145274048,-0.024999999999999994
error_minus_oracle,false_negative_suppression,oracle,0.15,cx0.25_cy0.25_layoutA,0.05,0.1,1,1,0.06872697003732303,0.29679544535626395,0.32500000000000007
family_pair,spatial_shift,diffuse_blur,0.15,cx0.25_cy0.25_layoutA,0.05,0.1,1,1,-0.029514777542630988,-0.10421922764481834,-0.024999999999999994
family_pair,spatial_shift,false_hotspot,0.15,cx0.25_cy0.25_layoutA,0.05,0.1,1,1,-0.01024155645455399,-0.03994677220428838,0.0
family_pair,spatial_shift,false_negative_suppression,0.15,cx0.25_cy0.25_layoutA,0.05,0.1,1,1,-0.08439700371224595,-0.4434335090132928,-0.35
family_pair,diffuse_blur,false_hotspot,0.15,cx0.25_cy0.25_layoutA,0.05,0.1,1,1,0.019273221088076997,0.06427245544052995,0.024999999999999994
family_pair,diffuse_blur,false_negative_suppression,0.15,cx0.25_cy0.25_layoutA,0.05,0.1,1,1,-0.05488222616961497,-0.3392142813684745,-0.32499999999999996
family_pair,false_hotspot,false_negative_suppression,0.15,cx0.25_cy0.25_layoutA,0.05,0.1,1,1,-0.07415544725769196,-0.40348673680900443,-0.35
baseline_minus_oracle,uniform_prior_baseline,oracle,,cx0.25_cy0.25_layoutB,0.05,0.1,1,1,0.055942887930971796,0.016009824682513663,0.050000000000000044
error_minus_oracle,spatial_shift,oracle,0.05,cx0.25_cy0.25_layoutB,0.05,0.1,1,1,0.06828518493265795,0.01371846856483211,0.024999999999999994
error_minus_oracle,diffuse_blur,oracle,0.05,cx0.25_cy0.25_layoutB,0.05,0.1,1,1,0.03922679844956134,0.11449017734352351,0.09999999999999998
error_minus_oracle,false_hotspot,oracle,0.05,cx0.25_cy0.25_layoutB,0.05,0.1,1,1,0.04392920829163455,0.11429176021316367,0.024999999999999994
error_minus_oracle,false_negative_suppression,oracle,0.05,cx0.25_cy0.25_layoutB,0.05,0.1,1,1,0.08217007879592542,0.1909230128604512,0.07499999999999998
family_pair,spatial_shift,diffuse_blur,0.05,cx0.25_cy0.25_layoutB,0.05,0.1,1,1,0.02905838648309661,-0.1007717087786914,-0.07499999999999998
family_pair,spatial_shift,false_hotspot,0.05,cx0.25_cy0.25_layoutB,0.05,0.1,1,1,0.024355976641023402,-0.10057329164833156,0.0
family_pair,spatial_shift,false_negative_suppression,0.05,cx0.25_cy0.25_layoutB,0.05,0.1,1,1,-0.013884893863267467,-0.1772045442956191,-0.04999999999999999
family_pair,diffuse_blur,false_hotspot,0.05,cx0.25_cy0.25_layoutB,0.05,0.1,1,1,-0.0047024098420732074,0.00019841713035984032,0.07499999999999998
family_pair,diffuse_blur,false_negative_suppression,0.05,cx0.25_cy0.25_layoutB,0.05,0.1,1,1,-0.04294328034636408,-0.0764328355169277,0.024999999999999994
family_pair,false_hotspot,false_negative_suppression,0.05,cx0.25_cy0.25_layoutB,0.05,0.1,1,1,-0.03824087050429087,-0.07663125264728754,-0.04999999999999999
error_minus_oracle,spatial_shift,oracle,0.1,cx0.25_cy0.25_layoutB,0.05,0.1,1,1,0.07391693316640369,0.06316029305165549,0.04999999999999999
error_minus_oracle,diffuse_blur,oracle,0.1,cx0.25_cy0.25_layoutB,0.05,0.1,1,1,-0.014387548746574663,-0.06602839216817713,0.0
error_minus_oracle,false_hotspot,oracle,0.1,cx0.25_cy0.25_layoutB,0.05,0.1,1,1,0.14699669636532403,0.21581403277383743,0.09999999999999998
error_minus_oracle,false_negative_suppression,oracle,0.1,cx0.25_cy0.25_layoutB,0.05,0.1,1,1,0.055066934807094126,0.17486494476811326,0.024999999999999994
family_pair,spatial_shift,diffuse_blur,0.1,cx0.25_cy0.25_layoutB,0.05,0.1,1,1,0.08830448191297835,0.12918868521983262,0.04999999999999999
family_pair,spatial_shift,false_hotspot,0.1,cx0.25_cy0.25_layoutB,0.05,0.1,1,1,-0.07307976319892034,-0.15265373972218194,-0.04999999999999999
family_pair,spatial_shift,false_negative_suppression,0.1,cx0.25_cy0.25_layoutB,0.05,0.1,1,1,0.01884999835930956,-0.11170465171645777,0.024999999999999994
family_pair,diffuse_blur,false_hotspot,0.1,cx0.25_cy0.25_layoutB,0.05,0.1,1,1,-0.1613842451118987,-0.28184242494201456,-0.09999999999999998
family_pair,diffuse_blur,false_negative_suppression,0.1,cx0.25_cy0.25_layoutB,0.05,0.1,1,1,-0.06945448355366879,-0.2408933369362904,-0.024999999999999994
family_pair,false_hotspot,false_negative_suppression,0.1,cx0.25_cy0.25_layoutB,0.05,0.1,1,1,0.0919297615582299,0.040949088005724166,0.07499999999999998
error_minus_oracle,spatial_shift,oracle,0.15,cx0.25_cy0.25_layoutB,0.05,0.1,1,1,0.09434144026351582,0.06732345827526537,0.04999999999999999
error_minus_oracle,diffuse_blur,oracle,0.15,cx0.25_cy0.25_layoutB,0.05,0.1,1,1,0.07285359657263069,0.0863482383658376,0.04999999999999999
error_minus_oracle,false_hotspot,oracle,0.15,cx0.25_cy0.25_layoutB,0.05,0.1,1,1,0.14425096320423708,0.23964263123500307,0.07499999999999998
error_minus_oracle,false_negative_suppression,oracle,0.15,cx0.25_cy0.25_layoutB,0.05,0.1,1,1,0.09286849931231422,0.1487783380193075,0.07500000000000001
family_pair,spatial_shift,diffuse_blur,0.15,cx0.25_cy0.25_layoutB,0.05,0.1,1,1,0.021487843690885133,-0.019024780090572235,0.0
family_pair,spatial_shift,false_hotspot,0.15,cx0.25_cy0.25_layoutB,0.05,0.1,1,1,-0.04990952294072126,-0.1723191729597377,-0.024999999999999994
family_pair,spatial_shift,false_negative_suppression,0.15,cx0.25_cy0.25_layoutB,0.05,0.1,1,1,0.0014729409512015956,-0.08145487974404214,-0.025000000000000022
family_pair,diffuse_blur,false_hotspot,0.15,cx0.25_cy0.25_layoutB,0.05,0.1,1,1,-0.0713973666316064,-0.15329439286916546,-0.024999999999999994
family_pair,diffuse_blur,false_negative_suppression,0.15,cx0.25_cy0.25_layoutB,0.05,0.1,1,1,-0.020014902739683538,-0.062430099653469906,-0.025000000000000022
family_pair,false_hotspot,false_negative_suppression,0.15,cx0.25_cy0.25_layoutB,0.05,0.1,1,1,0.05138246389192286,0.09086429321569556,-2.7755575615628914e-17
baseline_minus_oracle,uniform_prior_baseline,oracle,,cx0.25_cy0.25_layoutC,0.05,0.1,1,1,-0.023763868259150556,-0.9082697631250473,-0.04999999999999993
error_minus_oracle,spatial_shift,oracle,0.05,cx0.25_cy0.25_layoutC,0.05,0.1,1,1,-0.08021216518054064,-0.8326438338703988,-0.09999999999999998
error_minus_oracle,diffuse_blur,oracle,0.05,cx0.25_cy0.25_layoutC,0.05,0.1,1,1,-0.06717379704397897,-0.5552296891384325,-0.04999999999999999
error_minus_oracle,false_hotspot,oracle,0.05,cx0.25_cy0.25_layoutC,0.05,0.1,1,1,-0.0917665573086015,-0.7724379156953369,-0.12499999999999997
error_minus_oracle,false_negative_suppression,oracle,0.05,cx0.25_cy0.25_layoutC,0.05,0.1,1,1,-0.11483402468104653,-0.9557473846048816,-0.14999999999999997
family_pair,spatial_shift,diffuse_blur,0.05,cx0.25_cy0.25_layoutC,0.05,0.1,1,1,-0.013038368136561673,-0.2774141447319662,-0.04999999999999999
family_pair,spatial_shift,false_hotspot,0.05,cx0.25_cy0.25_layoutC,0.05,0.1,1,1,0.011554392128060864,-0.06020591817506182,0.024999999999999994
family_pair,spatial_shift,false_negative_suppression,0.05,cx0.25_cy0.25_layoutC,0.05,0.1,1,1,0.03462185950050589,0.12310355073448281,0.04999999999999999
family_pair,diffuse_blur,false_hotspot,0.05,cx0.25_cy0.25_layoutC,0.05,0.1,1,1,0.024592760264622537,0.21720822655690436,0.07499999999999998
family_pair,diffuse_blur,false_negative_suppression,0.05,cx0.25_cy0.25_layoutC,0.05,0.1,1,1,0.047660227637067565,0.400517695466449,0.09999999999999998
family_pair,false_hotspot,false_negative_suppression,0.05,cx0.25_cy0.25_layoutC,0.05,0.1,1,1,0.023067467372445027,0.18330946890954464,0.024999999999999994
error_minus_oracle,spatial_shift,oracle,0.1,cx0.25_cy0.25_layoutC,0.05,0.1,1,1,-0.05274123098023481,-0.7916150577173611,-0.09999999999999998
error_minus_oracle,diffuse_blur,oracle,0.1,cx0.25_cy0.25_layoutC,0.05,0.1,1,1,-0.08495764728453337,-0.9796648324900804,-0.09999999999999998
error_minus_oracle,false_hotspot,oracle,0.1,cx0.25_cy0.25_layoutC,0.05,0.1,1,1,-0.014460127339049833,-0.7758246569082943,-0.04999999999999999
error_minus_oracle,false_negative_suppression,oracle,0.1,cx0.25_cy0.25_layoutC,0.05,0.1,1,1,-0.03192407373294032,-0.8668512017203108,-0.07499999999999998
family_pair,spatial_shift,diffuse_blur,0.1,cx0.25_cy0.25_layoutC,0.05,0.1,1,1,0.032216416304298556,0.1880497747727194,0.0
family_pair,spatial_shift,false_hotspot,0.1,cx0.25_cy0.25_layoutC,0.05,0.1,1,1,-0.03828110364118498,-0.01579040080906663,-0.04999999999999999
family_pair,spatial_shift,false_negative_suppression,0.1,cx0.25_cy0.25_layoutC,0.05,0.1,1,1,-0.020817157247294493,0.0752361440029497,-0.024999999999999994
family_pair,diffuse_blur,false_hotspot,0.1,cx0.25_cy0.25_layoutC,0.05,0.1,1,1,-0.07049751994548353,-0.20384017558178602,-0.04999999999999999
family_pair,diffuse_blur,false_negative_suppression,0.1,cx0.25_cy0.25_layoutC,0.05,0.1,1,1,-0.05303357355159305,-0.11281363076976969,-0.024999999999999994
family_pair,false_hotspot,false_negative_suppression,0.1,cx0.25_cy0.25_layoutC,0.05,0.1,1,1,0.017463946393890484,0.09102654481201633,0.024999999999999994
error_minus_oracle,spatial_shift,oracle,0.15,cx0.25_cy0.25_layoutC,0.05,0.1,1,0,,,
error_minus_oracle,diffuse_blur,oracle,0.15,cx0.25_cy0.25_layoutC,0.05,0.1,1,1,-0.0022825587541878134,-0.7989845928815926,-0.04999999999999999
error_minus_oracle,false_hotspot,oracle,0.15,cx0.25_cy0.25_layoutC,0.05,0.1,1,1,0.05110396829378583,-0.7018484077364178,-0.024999999999999994
error_minus_oracle,false_negative_suppression,oracle,0.15,cx0.25_cy0.25_layoutC,0.05,0.1,1,1,-0.035130167779931554,-0.8653194398230033,-0.09999999999999998
family_pair,spatial_shift,diffuse_blur,0.15,cx0.25_cy0.25_layoutC,0.05,0.1,1,0,,,
family_pair,spatial_shift,false_hotspot,0.15,cx0.25_cy0.25_layoutC,0.05,0.1,1,0,,,
family_pair,spatial_shift,false_negative_suppression,0.15,cx0.25_cy0.25_layoutC,0.05,0.1,1,0,,,
family_pair,diffuse_blur,false_hotspot,0.15,cx0.25_cy0.25_layoutC,0.05,0.1,1,1,-0.05338652704797364,-0.09713618514517486,-0.024999999999999994
family_pair,diffuse_blur,false_negative_suppression,0.15,cx0.25_cy0.25_layoutC,0.05,0.1,1,1,0.03284760902574374,0.06633484694141073,0.04999999999999999
family_pair,false_hotspot,false_negative_suppression,0.15,cx0.25_cy0.25_layoutC,0.05,0.1,1,1,0.08623413607371738,0.1634710320865856,0.07499999999999998
baseline_minus_oracle,uniform_prior_baseline,oracle,,cx0.25_cy0.75_layoutA,0.05,0.1,1,1,-0.009141852676030238,0.3131356655385016,0.6500000000000001
error_minus_oracle,spatial_shift,oracle,0.05,cx0.25_cy0.75_layoutA,0.05,0.1,1,1,-0.050412128705193626,-0.05957290439659546,0.02499999999999991
error_minus_oracle,diffuse_blur,oracle,0.05,cx0.25_cy0.75_layoutA,0.05,0.1,1,1,-0.047257913895864534,-0.09531859914427354,0.10000000000000009
error_minus_oracle,false_hotspot,oracle,0.05,cx0.25_cy0.75_layoutA,0.05,0.1,1,1,-0.0712099384485041,0.04308631735030399,0.07500000000000007
error_minus_oracle,false_negative_suppression,oracle,0.05,cx0.25_cy0.75_layoutA,0.05,0.1,1,1,-0.03415671598250797,-0.10444122346432638,0.025000000000000022
family_pair,spatial_shift,diffuse_blur,0.05,cx0.25_cy0.75_layoutA,0.05,0.1,1,1,-0.0031542148093290923,0.03574569474767808,-0.07500000000000018
family_pair,spatial_shift,false_hotspot,0.05,cx0.25_cy0.75_layoutA,0.05,0.1,1,1,0.02079780974331047,-0.10265922174689945,-0.050000000000000155
family_pair,spatial_shift,false_negative_suppression,0.05,cx0.25_cy0.75_layoutA,0.05,0.1,1,1,-0.016255412722685658,0.04486831906773092,-1.1102230246251565e-16
family_pair,diffuse_blur,false_hotspot,0.05,cx0.25_cy0.75_layoutA,0.05,0.1,1,1,0.02395202455263956,-0.13840491649457753,0.025000000000000022
family_pair,diffuse_blur,false_negative_suppression,0.05,cx0.25_cy0.75_layoutA,0.05,0.1,1,1,-0.013101197913356566,0.009122624320052841,0.07500000000000007
family_pair,false_hotspot,false_negative_suppression,0.05,cx0.25_cy0.75_layoutA,0.05,0.1,1,1,-0.03705322246599613,0.14752754081463038,0.050000000000000044
error_minus_oracle,spatial_shift,oracle,0.1,cx0.25_cy0.75_layoutA,0.05,0.1,1,1,-0.04072534310461834,-0.05071733364090747,0.125
error_minus_oracle,diffuse_blur,oracle,0.1,cx0.25_cy0.75_layoutA,0.05,0.1,1,1,-0.05651870204294118,0.3079438704757631,0.55
error_minus_oracle,false_hotspot,oracle,0.1,cx0.25_cy0.75_layoutA,0.05,0.1,1,1,-0.09437228826108524,0.792407750734519,1.2750000000000001
error_minus_oracle,false_negative_suppression,oracle,0.1,cx0.25_cy0.75_layoutA,0.05,0.1,1,1,0.01969492561548436,0.18889830782613715,0.4
family_pair,spatial_shift,diffuse_blur,0.1,cx0.25_cy0.75_layoutA,0.05,0.1,1,1,0.015793358938322843,-0.3586612041166706,-0.42500000000000004
family_pair,spatial_shift,false_hotspot,0.1,cx0.25_cy0.75_layoutA,0.05,0.1,1,1,0.053646945156466896,-0.8431250843754264,-1.15
family_pair,spatial_shift,false_negative_suppression,0.1,cx0.25_cy0.75_layoutA,0.05,0.1,1,1,-0.0604202687201027,-0.23961564146704462,-0.275
family_pair,diffuse_blur,false_hotspot,0.1,cx0.25_cy0.75_layoutA,0.05,0.1,1,1,0.03785358621814405,-0.48446388025875586,-0.7250000000000001
family_pair,diffuse_blur,false_negative_suppression,0.1,cx0.25_cy0.75_layoutA,0.05,0.1,1,1,-0.07621362765842554,0.11904556264962596,0.15000000000000002
family_pair,false_hotspot,false_negative_suppression,0.1,cx0.25_cy0.75_layoutA,0.05,0.1,1,1,-0.1140672138765696,0.6035094429083818,0.875
error_minus_oracle,spatial_shift,oracle,0.15,cx0.25_cy0.75_layoutA,0.05,0.1,1,1,-0.015334322221785213,0.007000374615305227,0.25
error_minus_oracle,diffuse_blur,oracle,0.15,cx0.25_cy0.75_layoutA,0.05,0.1,1,1,-0.09008101091509957,0.5018717311385834,0.9500000000000002
error_minus_oracle,false_hotspot,oracle,0.15,cx0.25_cy0.75_layoutA,0.05,0.1,1,1,0.01895739176543787,0.5330754743711921,0.7250000000000001
error_minus_oracle,false_negative_suppression,oracle,0.15,cx0.25_cy0.75_layoutA,0.05,0.1,1,1,0.0699449764292277,0.5257925181237855,0.7
family_pair,spatial_shift,diffuse_blur,0.15,cx0.25_cy0.75_layoutA,0.05,0.1,1,1,0.07474668869331436,-0.4948713565232782,-0.7000000000000002
family_pair,spatial_shift,false_hotspot,0.15,cx0.25_cy0.75_layoutA,0.05,0.1,1,1,-0.03429171398722308,-0.5260750997558868,-0.4750000000000001
family_pair,spatial_shift,false_negative_suppression,0.15,cx0.25_cy0.75_layoutA,0.05,0.1,1,1,-0.08527929865101291,-0.5187921435084802,-0.45
family_pair,diffuse_blur,false_hotspot,0.15,cx0.25_cy0.75_layoutA,0.05,0.1,1,1,-0.10903840268053744,-0.03120374323260866,0.2250000000000001
family_pair,diffuse_blur,false_negative_suppression,0.15,cx0.25_cy0.75_layoutA,0.05,0.1,1,1,-0.16002598734432727,-0.023920786985202058,0.2500000000000002
family_pair,false_hotspot,false_negative_suppression,0.15,cx0.25_cy0.75_layoutA,0.05,0.1,1,1,-0.05098758466378983,0.007282956247406602,0.025000000000000133
baseline_minus_oracle,uniform_prior_baseline,oracle,,cx0.25_cy0.75_layoutB,0.05,0.1,1,1,0.005554769249529301,0.46524413320263713,0.7000000000000002
error_minus_oracle,spatial_shift,oracle,0.05,cx0.25_cy0.75_layoutB,0.05,0.1,1,1,-0.03737411695147774,-0.412689875782003,-0.6000000000000001
error_minus_oracle,diffuse_blur,oracle,0.05,cx0.25_cy0.75_layoutB,0.05,0.1,1,1,-0.09574135052040311,0.5632398663206031,1.0
error_minus_oracle,false_hotspot,oracle,0.05,cx0.25_cy0.75_layoutB,0.05,0.1,1,1,-0.08009453895731,0.7856310603522247,0.3749999999999998
error_minus_oracle,false_negative_suppression,oracle,0.05,cx0.25_cy0.75_layoutB,0.05,0.1,1,1,-0.1290728411499515,0.1059987067369983,-0.5750000000000001
family_pair,spatial_shift,diffuse_blur,0.05,cx0.25_cy0.75_layoutB,0.05,0.1,1,1,0.05836723356892537,-0.9759297421026061,-1.6
family_pair,spatial_shift,false_hotspot,0.05,cx0.25_cy0.75_layoutB,0.05,0.1,1,1,0.04272042200583226,-1.1983209361342277,-0.975
family_pair,spatial_shift,false_negative_suppression,0.05,cx0.25_cy0.75_layoutB,0.05,0.1,1,1,0.09169872419847375,-0.5186885825190013,-0.025000000000000022
family_pair,diffuse_blur,false_hotspot,0.05,cx0.25_cy0.75_layoutB,0.05,0.1,1,1,-0.01564681156309311,-0.22239119403162166,0.6250000000000002
family_pair,diffuse_blur,false_negative_suppression,0.05,cx0.25_cy0.75_layoutB,0.05,0.1,1,1,0.03333149062954838,0.4572411595836048,1.575
family_pair,false_hotspot,false_negative_suppression,0.05,cx0.25_cy0.75_layoutB,0.05,0.1,1,1,0.04897830219264149,0.6796323536152264,0.9499999999999998
error_minus_oracle,spatial_shift,oracle,0.1,cx0.25_cy0.75_layoutB,0.05,0.1,1,0,,,
error_minus_oracle,diffuse_blur,oracle,0.1,cx0.25_cy0.75_layoutB,0.05,0.1,1,1,-0.024469283678577702,0.14440879671516793,0.050000000000000266
error_minus_oracle,false_hotspot,oracle,0.1,cx0.25_cy0.75_layoutB,0.05,0.1,1,1,-0.07652029257971776,0.5413473835479479,0.9750000000000003
error_minus_oracle,false_negative_suppression,oracle,0.1,cx0.25_cy0.75_layoutB,0.05,0.1,1,1,-0.07485730122604783,0.3712977607137127,0.7249999999999999
family_pair,spatial_shift,diffuse_blur,0.1,cx0.25_cy0.75_layoutB,0.05,0.1,1,0,,,
family_pair,spatial_shift,false_hotspot,0.1,cx0.25_cy0.75_layoutB,0.05,0.1,1,0,,,
family_pair,spatial_shift,false_negative_suppression,0.1,cx0.25_cy0.75_layoutB,0.05,0.1,1,0,,,
family_pair,diffuse_blur,false_hotspot,0.1,cx0.25_cy0.75_layoutB,0.05,0.1,1,1,0.05205100890114006,-0.39693858683277994,-0.9249999999999998
family_pair,diffuse_blur,false_negative_suppression,0.1,cx0.25_cy0.75_layoutB,0.05,0.1,1,1,0.05038801754747013,-0.22688896399854475,-0.6749999999999996
family_pair,false_hotspot,false_negative_suppression,0.1,cx0.25_cy0.75_layoutB,0.05,0.1,1,1,-0.0016629913536699292,0.1700496228342352,0.2500000000000002
error_minus_oracle,spatial_shift,oracle,0.15,cx0.25_cy0.75_layoutB,0.05,0.1,1,1,0.14923715609555066,0.16345479203116686,-0.02499999999999991
error_minus_oracle,diffuse_blur,oracle,0.15,cx0.25_cy0.75_layoutB,0.05,0.1,1,1,-0.01205999548527481,0.3772049093894556,0.19999999999999973
error_minus_oracle,false_hotspot,oracle,0.15,cx0.25_cy0.75_layoutB,0.05,0.1,1,1,-0.055763250232423955,0.4406852513646786,0.5249999999999999
error_minus_oracle,false_negative_suppression,oracle,0.15,cx0.25_cy0.75_layoutB,0.05,0.1,1,1,-0.06487175391437133,0.45297879273351604,0.7250000000000001
family_pair,spatial_shift,diffuse_blur,0.15,cx0.25_cy0.75_layoutB,0.05,0.1,1,1,0.16129715158082547,-0.21375011735828875,-0.22499999999999964
family_pair,spatial_shift,false_hotspot,0.15,cx0.25_cy0.75_layoutB,0.05,0.1,1,1,0.20500040632797462,-0.27723045933351176,-0.5499999999999998
family_pair,spatial_shift,false_negative_suppression,0.15,cx0.25_cy0.75_layoutB,0.05,0.1,1,1,0.214108910009922,-0.2895240007023492,-0.75
family_pair,diffuse_blur,false_hotspot,0.15,cx0.25_cy0.75_layoutB,0.05,0.1,1,1,0.043703254747149145,-0.06348034197522301,-0.3250000000000002
family_pair,diffuse_blur,false_negative_suppression,0.15,cx0.25_cy0.75_layoutB,0.05,0.1,1,1,0.05281175842909652,-0.07577388334406043,-0.5250000000000004
family_pair,false_hotspot,false_negative_suppression,0.15,cx0.25_cy0.75_layoutB,0.05,0.1,1,1,0.009108503681947377,-0.012293541368837424,-0.20000000000000018
baseline_minus_oracle,uniform_prior_baseline,oracle,,cx0.25_cy0.75_layoutC,0.05,0.1,1,1,0.1554058778484418,0.48689161358080524,0.4500000000000002
error_minus_oracle,spatial_shift,oracle,0.05,cx0.25_cy0.75_layoutC,0.05,0.1,1,0,,,
error_minus_oracle,diffuse_blur,oracle,0.05,cx0.25_cy0.75_layoutC,0.05,0.1,1,1,0.02174106149795274,0.4890775007636763,1.0999999999999999
error_minus_oracle,false_hotspot,oracle,0.05,cx0.25_cy0.75_layoutC,0.05,0.1,1,1,0.13871029791057038,-0.10668307946482458,-1.1750000000000003
error_minus_oracle,false_negative_suppression,oracle,0.05,cx0.25_cy0.75_layoutC,0.05,0.1,1,1,0.027007659237891946,0.31254591266869425,0.3500000000000001
family_pair,spatial_shift,diffuse_blur,0.05,cx0.25_cy0.75_layoutC,0.05,0.1,1,0,,,
family_pair,spatial_shift,false_hotspot,0.05,cx0.25_cy0.75_layoutC,0.05,0.1,1,0,,,
family_pair,spatial_shift,false_negative_suppression,0.05,cx0.25_cy0.75_layoutC,0.05,0.1,1,0,,,
family_pair,diffuse_blur,false_hotspot,0.05,cx0.25_cy0.75_layoutC,0.05,0.1,1,1,-0.11696923641261764,0.5957605802285009,2.2750000000000004
family_pair,diffuse_blur,false_negative_suppression,0.05,cx0.25_cy0.75_layoutC,0.05,0.1,1,1,-0.005266597739939205,0.17653158809498204,0.7500000000000002
family_pair,false_hotspot,false_negative_suppression,0.05,cx0.25_cy0.75_layoutC,0.05,0.1,1,1,0.11170263867267843,-0.41922899213351883,-1.525
error_minus_oracle,spatial_shift,oracle,0.1,cx0.25_cy0.75_layoutC,0.05,0.1,1,0,,,
error_minus_oracle,diffuse_blur,oracle,0.1,cx0.25_cy0.75_layoutC,0.05,0.1,1,1,0.08520743827458566,0.22458793037330826,0.04999999999999982
error_minus_oracle,false_hotspot,oracle,0.1,cx0.25_cy0.75_layoutC,0.05,0.1,1,1,0.04252925162787197,0.5194320918757815,0.375
error_minus_oracle,false_negative_suppression,oracle,0.1,cx0.25_cy0.75_layoutC,0.05,0.1,1,0,,,
family_pair,spatial_shift,diffuse_blur,0.1,cx0.25_cy0.75_layoutC,0.05,0.1,1,0,,,
family_pair,spatial_shift,false_hotspot,0.1,cx0.25_cy0.75_layoutC,0.05,0.1,1,0,,,
family_pair,spatial_shift,false_negative_suppression,0.1,cx0.25_cy0.75_layoutC,0.05,0.1,1,0,,,
family_pair,diffuse_blur,false_hotspot,0.1,cx0.25_cy0.75_layoutC,0.05,0.1,1,1,0.04267818664671369,-0.2948441615024733,-0.3250000000000002
family_pair,diffuse_blur,false_negative_suppression,0.1,cx0.25_cy0.75_layoutC,0.05,0.1,1,0,,,
family_pair,false_hotspot,false_negative_suppression,0.1,cx0.25_cy0.75_layoutC,0.05,0.1,1,0,,,
error_minus_oracle,spatial_shift,oracle,0.15,cx0.25_cy0.75_layoutC,0.05,0.1,1,1,0.15980124026728237,0.11738706885879258,-1.5750000000000004
error_minus_oracle,diffuse_blur,oracle,0.15,cx0.25_cy0.75_layoutC,0.05,0.1,1,1,0.12374039725658648,0.203501249758264,-0.04999999999999982
error_minus_oracle,false_hotspot,oracle,0.15,cx0.25_cy0.75_layoutC,0.05,0.1,1,1,0.06485582029077286,0.889832758953047,0.9249999999999998
error_minus_oracle,false_negative_suppression,oracle,0.15,cx0.25_cy0.75_layoutC,0.05,0.1,1,0,,,
family_pair,spatial_shift,diffuse_blur,0.15,cx0.25_cy0.75_layoutC,0.05,0.1,1,1,0.0360608430106959,-0.08611418089947143,-1.5250000000000004
family_pair,spatial_shift,false_hotspot,0.15,cx0.25_cy0.75_layoutC,0.05,0.1,1,1,0.09494541997650952,-0.7724456900942545,-2.5
family_pair,spatial_shift,false_negative_suppression,0.15,cx0.25_cy0.75_layoutC,0.05,0.1,1,0,,,
family_pair,diffuse_blur,false_hotspot,0.15,cx0.25_cy0.75_layoutC,0.05,0.1,1,1,0.05888457696581362,-0.686331509194783,-0.9749999999999999
family_pair,diffuse_blur,false_negative_suppression,0.15,cx0.25_cy0.75_layoutC,0.05,0.1,1,0,,,
family_pair,false_hotspot,false_negative_suppression,0.15,cx0.25_cy0.75_layoutC,0.05,0.1,1,0,,,
baseline_minus_oracle,uniform_prior_baseline,oracle,,cx0.75_cy0.25_layoutA,0.05,0.1,1,1,0.127684577094912,-0.39698429090301146,-0.19999999999999996
error_minus_oracle,spatial_shift,oracle,0.05,cx0.75_cy0.25_layoutA,0.05,0.1,1,1,0.07418329209895586,0.10624568653623134,0.15000000000000013
error_minus_oracle,diffuse_blur,oracle,0.05,cx0.75_cy0.25_layoutA,0.05,0.1,1,1,0.1233604347304732,0.03213370046994646,0.09999999999999987
error_minus_oracle,false_hotspot,oracle,0.05,cx0.75_cy0.25_layoutA,0.05,0.1,1,1,0.15541332257451895,0.2136841739033345,0.32499999999999984
error_minus_oracle,false_negative_suppression,oracle,0.05,cx0.75_cy0.25_layoutA,0.05,0.1,1,1,0.16355017822252693,0.5029662770049109,0.8500000000000001
family_pair,spatial_shift,diffuse_blur,0.05,cx0.75_cy0.25_layoutA,0.05,0.1,1,1,-0.049177142631517345,0.07411198606628489,0.050000000000000266
family_pair,spatial_shift,false_hotspot,0.05,cx0.75_cy0.25_layoutA,0.05,0.1,1,1,-0.0812300304755631,-0.10743848736710315,-0.1749999999999997
family_pair,spatial_shift,false_negative_suppression,0.05,cx0.75_cy0.25_layoutA,0.05,0.1,1,1,-0.08936688612357108,-0.3967205904686796,-0.7
family_pair,diffuse_blur,false_hotspot,0.05,cx0.75_cy0.25_layoutA,0.05,0.1,1,1,-0.03205288784404575,-0.18155047343338804,-0.22499999999999998
family_pair,diffuse_blur,false_negative_suppression,0.05,cx0.75_cy0.25_layoutA,0.05,0.1,1,1,-0.04018974349205373,-0.47083257653496446,-0.7500000000000002
family_pair,false_hotspot,false_negative_suppression,0.05,cx0.75_cy0.25_layoutA,0.05,0.1,1,1,-0.008136855648007979,-0.2892821031015764,-0.5250000000000002
error_minus_oracle,spatial_shift,oracle,0.1,cx0.75_cy0.25_layoutA,0.05,0.1,1,1,0.11706015995942087,0.10377244790943119,0.1499999999999999
error_minus_oracle,diffuse_blur,oracle,0.1,cx0.75_cy0.25_layoutA,0.05,0.1,1,1,0.11977085073943322,-0.28074068700289034,-0.34999999999999987
error_minus_oracle,false_hotspot,oracle,0.1,cx0.75_cy0.25_layoutA,0.05,0.1,1,1,0.2571814444005524,0.5245569458429619,0.9000000000000001
error_minus_oracle,false_negative_suppression,oracle,0.1,cx0.75_cy0.25_layoutA,0.05,0.1,1,1,0.08128093059762537,0.031164355423093704,1.1102230246251565e-16
family_pair,spatial_shift,diffuse_blur,0.1,cx0.75_cy0.25_layoutA,0.05,0.1,1,1,-0.002710690780012348,0.38451313491232153,0.4999999999999998
family_pair,spatial_shift,false_hotspot,0.1,cx0.75_cy0.25_layoutA,0.05,0.1,1,1,-0.14012128444113153,-0.4207844979335307,-0.7500000000000002
family_pair,spatial_shift,false_negative_suppression,0.1,cx0.75_cy0.25_layoutA,0.05,0.1,1,1,0.035779229361795506,0.07260809248633748,0.1499999999999998
family_pair,diffuse_blur,false_hotspot,0.1,cx0.75_cy0.25_layoutA,0.05,0.1,1,1,-0.13741059366111918,-0.8052976328458522,-1.25
family_pair,diffuse_blur,false_negative_suppression,0.1,cx0.75_cy0.25_layoutA,0.05,0.1,1,1,0.038489920141807854,-0.31190504242598405,-0.35
family_pair,false_hotspot,false_negative_suppression,0.1,cx0.75_cy0.25_layoutA,0.05,0.1,1,1,0.17590051380292704,0.49339259041986816,0.9000000000000001
error_minus_oracle,spatial_shift,oracle,0.15,cx0.75_cy0.25_layoutA,0.05,0.1,1,1,0.16242906775721713,0.1182745453183841,0.19999999999999996
error_minus_oracle,diffuse_blur,oracle,0.15,cx0.75_cy0.25_layoutA,0.05,0.1,1,1,0.11881232318485857,-0.31199470668234897,-0.25
error_minus_oracle,false_hotspot,oracle,0.15,cx0.75_cy0.25_layoutA,0.05,0.1,1,1,0.13571822441521914,0.22330415891661293,0.3750000000000002
error_minus_oracle,false_negative_suppression,oracle,0.15,cx0.75_cy0.25_layoutA,0.05,0.1,1,1,0.03937953770237762,-0.18625275802337982,-0.22499999999999998
family_pair,spatial_shift,diffuse_blur,0.15,cx0.75_cy0.25_layoutA,0.05,0.1,1,1,0.04361674457235856,0.43026925200073307,0.44999999999999996
family_pair,spatial_shift,false_hotspot,0.15,cx0.75_cy0.25_layoutA,0.05,0.1,1,1,0.026710843341997997,-0.10502961359822882,-0.17500000000000027
family_pair,spatial_shift,false_negative_suppression,0.15,cx0.75_cy0.25_layoutA,0.05,0.1,1,1,0.12304953005483951,0.3045273033417639,0.42499999999999993
family_pair,diffuse_blur,false_hotspot,0.15,cx0.75_cy0.25_layoutA,0.05,0.1,1,1,-0.016905901230360565,-0.5352988655989619,-0.625
family_pair,diffuse_blur,false_negative_suppression,0.15,cx0.75_cy0.25_layoutA,0.05,0.1,1,1,0.07943278548248095,-0.12574194865896915,-0.025000000000000022
family_pair,false_hotspot,false_negative_suppression,0.15,cx0.75_cy0.25_layoutA,0.05,0.1,1,1,0.09633868671284151,0.40955691693999274,0.6000000000000001
baseline_minus_oracle,uniform_prior_baseline,oracle,,cx0.75_cy0.25_layoutB,0.05,0.1,1,1,0.12230394618316043,-0.3289956757214594,-0.1499999999999999
error_minus_oracle,spatial_shift,oracle,0.05,cx0.75_cy0.25_layoutB,0.05,0.1,1,1,-0.010096943478319631,-0.1967368114543182,-0.3999999999999999
error_minus_oracle,diffuse_blur,oracle,0.05,cx0.75_cy0.25_layoutB,0.05,0.1,1,1,0.19625018631300561,0.37104489892633064,0.5999999999999999
error_minus_oracle,false_hotspot,oracle,0.05,cx0.75_cy0.25_layoutB,0.05,0.1,1,1,0.16195108459458202,0.3604280212908463,0.35
error_minus_oracle,false_negative_suppression,oracle,0.05,cx0.75_cy0.25_layoutB,0.05,0.1,1,1,0.15357237694848735,0.5583236543925325,0.9750000000000001
family_pair,spatial_shift,diffuse_blur,0.05,cx0.75_cy0.25_layoutB,0.05,0.1,1,1,-0.20634712979132525,-0.5677817103806488,-0.9999999999999998
family_pair,spatial_shift,false_hotspot,0.05,cx0.75_cy0.25_layoutB,0.05,0.1,1,1,-0.17204802807290165,-0.5571648327451645,-0.7499999999999999
family_pair,spatial_shift,false_negative_suppression,0.05,cx0.75_cy0.25_layoutB,0.05,0.1,1,1,-0.16366932042680699,-0.7550604658468507,-1.375
family_pair,diffuse_blur,false_hotspot,0.05,cx0.75_cy0.25_layoutB,0.05,0.1,1,1,0.0342991017184236,0.010616877635484356,0.2499999999999999
family_pair,diffuse_blur,false_negative_suppression,0.05,cx0.75_cy0.25_layoutB,0.05,0.1,1,1,0.04267780936451826,-0.18727875546620187,-0.3750000000000002
family_pair,false_hotspot,false_negative_suppression,0.05,cx0.75_cy0.25_layoutB,0.05,0.1,1,1,0.008378707646094663,-0.19789563310168623,-0.6250000000000001
error_minus_oracle,spatial_shift,oracle,0.1,cx0.75_cy0.25_layoutB,0.05,0.1,1,1,0.08590956415388468,-0.12501099435065766,-0.34999999999999987
error_minus_oracle,diffuse_blur,oracle,0.1,cx0.75_cy0.25_layoutB,0.05,0.1,1,1,0.23653655751676023,0.15168498736465263,0.19999999999999996
error_minus_oracle,false_hotspot,oracle,0.1,cx0.75_cy0.25_layoutB,0.05,0.1,1,1,0.2738746024756252,0.5629175796857352,1.0
error_minus_oracle,false_negative_suppression,oracle,0.1,cx0.75_cy0.25_layoutB,0.05,0.1,1,1,0.18810073334748778,0.4813204750108102,0.8
family_pair,spatial_shift,diffuse_blur,0.1,cx0.75_cy0.25_layoutB,0.05,0.1,1,1,-0.15062699336287555,-0.2766959817153103,-0.5499999999999998
family_pair,spatial_shift,false_hotspot,0.1,cx0.75_cy0.25_layoutB,0.05,0.1,1,1,-0.1879650383217405,-0.6879285740363928,-1.3499999999999999
family_pair,spatial_shift,false_negative_suppression,0.1,cx0.75_cy0.25_layoutB,0.05,0.1,1,1,-0.1021911691936031,-0.6063314693614679,-1.15
family_pair,diffuse_blur,false_hotspot,0.1,cx0.75_cy0.25_layoutB,0.05,0.1,1,1,-0.03733804495886495,-0.41123259232108256,-0.8
family_pair,diffuse_blur,false_negative_suppression,0.1,cx0.75_cy0.25_layoutB,0.05,0.1,1,1,0.048435824169272446,-0.3296354876461576,-0.6000000000000001
family_pair,false_hotspot,false_negative_suppression,0.1,cx0.75_cy0.25_layoutB,0.05,0.1,1,1,0.08577386912813739,0.08159710467492498,0.19999999999999996
error_minus_oracle,spatial_shift,oracle,0.15,cx0.75_cy0.25_layoutB,0.05,0.1,1,1,0.32103390057379394,0.1964104922400377,0.40000000000000013
error_minus_oracle,diffuse_blur,oracle,0.15,cx0.75_cy0.25_layoutB,0.05,0.1,1,1,0.16833454137034076,-0.2655298815412399,-0.1499999999999999
error_minus_oracle,false_hotspot,oracle,0.15,cx0.75_cy0.25_layoutB,0.05,0.1,1,1,0.13502457026319015,0.24459817945662365,0.40000000000000024
error_minus_oracle,false_negative_suppression,oracle,0.15,cx0.75_cy0.25_layoutB,0.05,0.1,1,1,0.15681094367731857,0.5322781282546025,0.9000000000000002
family_pair,spatial_shift,diffuse_blur,0.15,cx0.75_cy0.25_layoutB,0.05,0.1,1,1,0.15269935920345318,0.4619403737812777,0.55
family_pair,spatial_shift,false_hotspot,0.15,cx0.75_cy0.25_layoutB,0.05,0.1,1,1,0.1860093303106038,-0.04818768721658595,-1.1102230246251565e-16
family_pair,spatial_shift,false_negative_suppression,0.15,cx0.75_cy0.25_layoutB,0.05,0.1,1,1,0.16422295689647537,-0.3358676360145648,-0.5000000000000001
family_pair,diffuse_blur,false_hotspot,0.15,cx0.75_cy0.25_layoutB,0.05,0.1,1,1,0.033309971107150615,-0.5101280609978636,-0.5500000000000003
family_pair,diffuse_blur,false_negative_suppression,0.15,cx0.75_cy0.25_layoutB,0.05,0.1,1,1,0.011523597693022192,-0.7978080097958424,-1.0500000000000003
family_pair,false_hotspot,false_negative_suppression,0.15,cx0.75_cy0.25_layoutB,0.05,0.1,1,1,-0.021786373414128424,-0.28767994879797887,-0.4999999999999999
baseline_minus_oracle,uniform_prior_baseline,oracle,,cx0.75_cy0.25_layoutC,0.05,0.1,1,1,0.12569871972222568,-0.33904586912330736,-0.24999999999999978
error_minus_oracle,spatial_shift,oracle,0.05,cx0.75_cy0.25_layoutC,0.05,0.1,1,1,0.11199845413517484,0.13278664215782499,0.27500000000000024
error_minus_oracle,diffuse_blur,oracle,0.05,cx0.75_cy0.25_layoutC,0.05,0.1,1,1,0.20509235700663442,0.46814739624289525,0.7500000000000002
error_minus_oracle,false_hotspot,oracle,0.05,cx0.75_cy0.25_layoutC,0.05,0.1,1,1,0.22529366422349717,0.49739602453756127,0.5750000000000001
error_minus_oracle,false_negative_suppression,oracle,0.05,cx0.75_cy0.25_layoutC,0.05,0.1,1,1,0.15210464395263074,0.5588711702244379,0.9250000000000004
family_pair,spatial_shift,diffuse_blur,0.05,cx0.75_cy0.25_layoutC,0.05,0.1,1,1,-0.09309390287145958,-0.33536075408507027,-0.475
family_pair,spatial_shift,false_hotspot,0.05,cx0.75_cy0.25_layoutC,0.05,0.1,1,1,-0.11329521008832233,-0.3646093823797363,-0.2999999999999998
family_pair,spatial_shift,false_negative_suppression,0.05,cx0.75_cy0.25_layoutC,0.05,0.1,1,1,-0.040106189817455895,-0.4260845280666129,-0.6500000000000001
family_pair,diffuse_blur,false_hotspot,0.05,cx0.75_cy0.25_layoutC,0.05,0.1,1,1,-0.02020130721686275,-0.029248628294666013,0.17500000000000016
family_pair,diffuse_blur,false_negative_suppression,0.05,cx0.75_cy0.25_layoutC,0.05,0.1,1,1,0.05298771305400368,-0.09072377398154263,-0.17500000000000016
family_pair,false_hotspot,false_negative_suppression,0.05,cx0.75_cy0.25_layoutC,0.05,0.1,1,1,0.07318902027086643,-0.06147514568687662,-0.3500000000000003
error_minus_oracle,spatial_shift,oracle,0.1,cx0.75_cy0.25_layoutC,0.05,0.1,1,1,0.17179417201734015,0.1383284852418596,0.2250000000000001
error_minus_oracle,diffuse_blur,oracle,0.1,cx0.75_cy0.25_layoutC,0.05,0.1,1,1,0.18485522766375645,-0.04256210907044555,-0.09999999999999964
error_minus_oracle,false_hotspot,oracle,0.1,cx0.75_cy0.25_layoutC,0.05,0.1,1,1,0.23668618548787468,0.47186068053913965,0.7250000000000001
error_minus_oracle,false_negative_suppression,oracle,0.1,cx0.75_cy0.25_layoutC,0.05,0.1,1,1,0.13731584576220907,0.5449698866532263,0.8000000000000002
family_pair,spatial_shift,diffuse_blur,0.1,cx0.75_cy0.25_layoutC,0.05,0.1,1,1,-0.013061055646416297,0.18089059431230514,0.32499999999999973
family_pair,spatial_shift,false_hotspot,0.1,cx0.75_cy0.25_layoutC,0.05,0.1,1,1,-0.06489201347053453,-0.33353219529728007,-0.5
family_pair,spatial_shift,false_negative_suppression,0.1,cx0.75_cy0.25_layoutC,0.05,0.1,1,1,0.034478326255131087,-0.40664140141136673,-0.5750000000000001
family_pair,diffuse_blur,false_hotspot,0.1,cx0.75_cy0.25_layoutC,0.05,0.1,1,1,-0.05183095782411823,-0.5144227896095852,-0.8249999999999997
family_pair,diffuse_blur,false_negative_suppression,0.1,cx0.75_cy0.25_layoutC,0.05,0.1,1,1,0.047539381901547384,-0.5875319957236719,-0.8999999999999998
family_pair,false_hotspot,false_negative_suppression,0.1,cx0.75_cy0.25_layoutC,0.05,0.1,1,1,0.09937033972566561,-0.07310920611408667,-0.07500000000000007
error_minus_oracle,spatial_shift,oracle,0.15,cx0.75_cy0.25_layoutC,0.05,0.1,1,1,0.20372625159124408,0.28925847421687956,0.2250000000000003
error_minus_oracle,diffuse_blur,oracle,0.15,cx0.75_cy0.25_layoutC,0.05,0.1,1,1,0.18449572224359978,-0.25063256817359414,-0.25
error_minus_oracle,false_hotspot,oracle,0.15,cx0.75_cy0.25_layoutC,0.05,0.1,1,1,0.12633665603238242,0.2089703012339923,0.27500000000000036
error_minus_oracle,false_negative_suppression,oracle,0.15,cx0.75_cy0.25_layoutC,0.05,0.1,1,1,0.1489642207541052,0.4683820969662823,0.7250000000000002
family_pair,spatial_shift,diffuse_blur,0.15,cx0.75_cy0.25_layoutC,0.05,0.1,1,1,0.019230529347644326,0.5398910423904737,0.4750000000000002
family_pair,spatial_shift,false_hotspot,0.15,cx0.75_cy0.25_layoutC,0.05,0.1,1,1,0.07738959555886166,0.08028817298288726,-0.050000000000000044
family_pair,spatial_shift,false_negative_suppression,0.15,cx0.75_cy0.25_layoutC,0.05,0.1,1,1,0.0547620308371389,-0.17912362274940274,-0.4999999999999999
family_pair,diffuse_blur,false_hotspot,0.15,cx0.75_cy0.25_layoutC,0.05,0.1,1,1,0.05815906621121733,-0.45960286940758643,-0.5250000000000005
family_pair,diffuse_blur,false_negative_suppression,0.15,cx0.75_cy0.25_layoutC,0.05,0.1,1,1,0.03553150148949458,-0.7190146651398764,-0.9750000000000002
family_pair,false_hotspot,false_negative_suppression,0.15,cx0.75_cy0.25_layoutC,0.05,0.1,1,1,-0.022627564721722754,-0.25941179573229,-0.44999999999999984
baseline_minus_oracle,uniform_prior_baseline,oracle,,cx0.75_cy0.75_layoutA,0.05,0.1,1,1,-0.009766503526955517,0.07135284075084636,0.5000000000000004
error_minus_oracle,spatial_shift,oracle,0.05,cx0.75_cy0.75_layoutA,0.05,0.1,1,1,-0.10355195976332776,-0.253370047722111,-0.3999999999999999
error_minus_oracle,diffuse_blur,oracle,0.05,cx0.75_cy0.75_layoutA,0.05,0.1,1,1,0.01609737218027585,0.16858894029346905,0.050000000000000044
error_minus_oracle,false_hotspot,oracle,0.05,cx0.75_cy0.75_layoutA,0.05,0.1,1,1,-0.032625283618373135,0.32618389888315424,0.32500000000000007
error_minus_oracle,false_negative_suppression,oracle,0.05,cx0.75_cy0.75_layoutA,0.05,0.1,1,1,-0.017841604027183378,-0.0635523249993728,-0.3500000000000001
family_pair,spatial_shift,diffuse_blur,0.05,cx0.75_cy0.75_layoutA,0.05,0.1,1,1,-0.11964933194360361,-0.42195898801558007,-0.44999999999999996
family_pair,spatial_shift,false_hotspot,0.05,cx0.75_cy0.75_layoutA,0.05,0.1,1,1,-0.07092667614495463,-0.5795539466052653,-0.725
family_pair,spatial_shift,false_negative_suppression,0.05,cx0.75_cy0.75_layoutA,0.05,0.1,1,1,-0.08571035573614438,-0.18981772272273822,-0.04999999999999982
family_pair,diffuse_blur,false_hotspot,0.05,cx0.75_cy0.75_layoutA,0.05,0.1,1,1,0.048722655798648984,-0.1575949585896852,-0.275
family_pair,diffuse_blur,false_negative_suppression,0.05,cx0.75_cy0.75_layoutA,0.05,0.1,1,1,0.033938976207459226,0.23214126529284185,0.40000000000000013
family_pair,false_hotspot,false_negative_suppression,0.05,cx0.75_cy0.75_layoutA,0.05,0.1,1,1,-0.014783679591189758,0.38973622388252704,0.6750000000000002
error_minus_oracle,spatial_shift,oracle,0.1,cx0.75_cy0.75_layoutA,0.05,0.1,1,1,-0.07669158749644844,0.04460280805903083,0.7
error_minus_oracle,diffuse_blur,oracle,0.1,cx0.75_cy0.75_layoutA,0.05,0.1,1,1,-0.01783440078307519,0.057195562560201196,0.5
error_minus_oracle,false_hotspot,oracle,0.1,cx0.75_cy0.75_layoutA,0.05,0.1,1,1,-0.05253416887827905,0.02997084913439063,-0.5999999999999999
error_minus_oracle,false_negative_suppression,oracle,0.1,cx0.75_cy0.75_layoutA,0.05,0.1,1,1,-0.03751579692082957,0.04957437050387359,-0.15000000000000002
family_pair,spatial_shift,diffuse_blur,0.1,cx0.75_cy0.75_layoutA,0.05,0.1,1,1,-0.058857186713373255,-0.012592754501170367,0.19999999999999996
family_pair,spatial_shift,false_hotspot,0.1,cx0.75_cy0.75_layoutA,0.05,0.1,1,1,-0.02415741861816939,0.014631958924640198,1.2999999999999998
family_pair,spatial_shift,false_negative_suppression,0.1,cx0.75_cy0.75_layoutA,0.05,0.1,1,1,-0.039175790575618874,-0.004971562444842759,0.8499999999999996
family_pair,diffuse_blur,false_hotspot,0.1,cx0.75_cy0.75_layoutA,0.05,0.1,1,1,0.034699768095203865,0.027224713425810565,1.0999999999999996
family_pair,diffuse_blur,false_negative_suppression,0.1,cx0.75_cy0.75_layoutA,0.05,0.1,1,1,0.01968139613775438,0.007621192056327608,0.6499999999999997
family_pair,false_hotspot,false_negative_suppression,0.1,cx0.75_cy0.75_layoutA,0.05,0.1,1,1,-0.015018371957449483,-0.019603521369482957,-0.45000000000000007
error_minus_oracle,spatial_shift,oracle,0.15,cx0.75_cy0.75_layoutA,0.05,0.1,1,1,-0.0153857662641253,0.08760267821097623,0.6500000000000001
error_minus_oracle,diffuse_blur,oracle,0.15,cx0.75_cy0.75_layoutA,0.05,0.1,1,1,-0.03193881371024421,0.04575687347101409,0.49999999999999956
error_minus_oracle,false_hotspot,oracle,0.15,cx0.75_cy0.75_layoutA,0.05,0.1,1,1,0.03452363519069496,-0.10226139003786394,0.5
error_minus_oracle,false_negative_suppression,oracle,0.15,cx0.75_cy0.75_layoutA,0.05,0.1,1,1,0.028217724853428217,0.6247770920793809,-0.050000000000000155
family_pair,spatial_shift,diffuse_blur,0.15,cx0.75_cy0.75_layoutA,0.05,0.1,1,1,0.016553047446118907,0.041845804739962134,0.15000000000000013
family_pair,spatial_shift,false_hotspot,0.15,cx0.75_cy0.75_layoutA,0.05,0.1,1,1,-0.04990940145482026,0.18986406824884017,0.1499999999999999
family_pair,spatial_shift,false_negative_suppression,0.15,cx0.75_cy0.75_layoutA,0.05,0.1,1,1,-0.04360349111755352,-0.5371744138684047,0.7000000000000001
family_pair,diffuse_blur,false_hotspot,0.15,cx0.75_cy0.75_layoutA,0.05,0.1,1,1,-0.06646244890093916,0.14801826350887803,-2.220446049250313e-16
family_pair,diffuse_blur,false_negative_suppression,0.15,cx0.75_cy0.75_layoutA,0.05,0.1,1,1,-0.060156538563672424,-0.5790202186083668,0.55
family_pair,false_hotspot,false_negative_suppression,0.15,cx0.75_cy0.75_layoutA,0.05,0.1,1,1,0.00630591033726674,-0.7270384821172449,0.5500000000000003
baseline_minus_oracle,uniform_prior_baseline,oracle,,cx0.75_cy0.75_layoutB,0.05,0.1,1,1,-0.051095528223846776,-0.12742201617517046,0.40000000000000013
error_minus_oracle,spatial_shift,oracle,0.05,cx0.75_cy0.75_layoutB,0.05,0.1,1,1,-0.05270487299272503,-0.0679001336611047,-0.2500000000000001
error_minus_oracle,diffuse_blur,oracle,0.05,cx0.75_cy0.75_layoutB,0.05,0.1,1,1,0.01857320200246637,0.08259941142475413,0.1499999999999999
error_minus_oracle,false_hotspot,oracle,0.05,cx0.75_cy0.75_layoutB,0.05,0.1,1,1,-0.022901316589724108,0.2404581278420863,0.27500000000000013
error_minus_oracle,false_negative_suppression,oracle,0.05,cx0.75_cy0.75_layoutB,0.05,0.1,1,1,-0.0045295515102825035,-0.16093278964040225,-0.050000000000000155
family_pair,spatial_shift,diffuse_blur,0.05,cx0.75_cy0.75_layoutB,0.05,0.1,1,1,-0.0712780749951914,-0.15049954508585883,-0.4
family_pair,spatial_shift,false_hotspot,0.05,cx0.75_cy0.75_layoutB,0.05,0.1,1,1,-0.02980355640300092,-0.308358261503191,-0.5250000000000002
family_pair,spatial_shift,false_negative_suppression,0.05,cx0.75_cy0.75_layoutB,0.05,0.1,1,1,-0.048175321482442524,0.09303265597929755,-0.19999999999999996
family_pair,diffuse_blur,false_hotspot,0.05,cx0.75_cy0.75_layoutB,0.05,0.1,1,1,0.04147451859219048,-0.15785871641733218,-0.12500000000000022
family_pair,diffuse_blur,false_negative_suppression,0.05,cx0.75_cy0.75_layoutB,0.05,0.1,1,1,0.023102753512748875,0.24353220106515638,0.20000000000000007
family_pair,false_hotspot,false_negative_suppression,0.05,cx0.75_cy0.75_layoutB,0.05,0.1,1,1,-0.018371765079441604,0.40139091748248856,0.3250000000000003
error_minus_oracle,spatial_shift,oracle,0.1,cx0.75_cy0.75_layoutB,0.05,0.1,1,1,-0.03838539750496217,-0.02888562579948606,0.44999999999999973
error_minus_oracle,diffuse_blur,oracle,0.1,cx0.75_cy0.75_layoutB,0.05,0.1,1,1,-0.01828810339115905,-0.0523198845483106,0.44999999999999996
error_minus_oracle,false_hotspot,oracle,0.1,cx0.75_cy0.75_layoutB,0.05,0.1,1,1,-0.06152717288195375,-0.28305233830208487,-0.8000000000000003
error_minus_oracle,false_negative_suppression,oracle,0.1,cx0.75_cy0.75_layoutB,0.05,0.1,1,1,-0.006073243886407842,-0.03714207656580992,-0.34999999999999987
family_pair,spatial_shift,diffuse_blur,0.1,cx0.75_cy0.75_layoutB,0.05,0.1,1,1,-0.02009729411380312,0.023434258748824544,-2.220446049250313e-16
family_pair,spatial_shift,false_hotspot,0.1,cx0.75_cy0.75_layoutB,0.05,0.1,1,1,0.02314177537699158,0.2541667125025988,1.25
family_pair,spatial_shift,false_negative_suppression,0.1,cx0.75_cy0.75_layoutB,0.05,0.1,1,1,-0.03231215361855433,0.008256450766323864,0.7999999999999996
family_pair,diffuse_blur,false_hotspot,0.1,cx0.75_cy0.75_layoutB,0.05,0.1,1,1,0.0432390694907947,0.23073245375377427,1.2500000000000002
family_pair,diffuse_blur,false_negative_suppression,0.1,cx0.75_cy0.75_layoutB,0.05,0.1,1,1,-0.012214859504751208,-0.01517780798250068,0.7999999999999998
family_pair,false_hotspot,false_negative_suppression,0.1,cx0.75_cy0.75_layoutB,0.05,0.1,1,1,-0.05545392899554591,-0.24591026173627495,-0.4500000000000004
error_minus_oracle,spatial_shift,oracle,0.15,cx0.75_cy0.75_layoutB,0.05,0.1,1,1,-0.05691445530120959,-0.01220898429650319,0.5249999999999999
error_minus_oracle,diffuse_blur,oracle,0.15,cx0.75_cy0.75_layoutB,0.05,0.1,1,1,-0.05328529445833352,-0.12499821512100495,0.44999999999999996
error_minus_oracle,false_hotspot,oracle,0.15,cx0.75_cy0.75_layoutB,0.05,0.1,1,1,-0.034487658046522984,-0.1258249493976542,-0.625
error_minus_oracle,false_negative_suppression,oracle,0.15,cx0.75_cy0.75_layoutB,0.05,0.1,1,1,0.018575888558683862,0.19901213137605,-0.1000000000000002
family_pair,spatial_shift,diffuse_blur,0.15,cx0.75_cy0.75_layoutB,0.05,0.1,1,1,-0.003629160842876067,0.11278923082450176,0.07499999999999996
family_pair,spatial_shift,false_hotspot,0.15,cx0.75_cy0.75_layoutB,0.05,0.1,1,1,-0.022426797254686603,0.11361596510115102,1.15
family_pair,spatial_shift,false_negative_suppression,0.15,cx0.75_cy0.75_layoutB,0.05,0.1,1,1,-0.07549034385989345,-0.2112211156725532,0.625
family_pair,diffuse_blur,false_hotspot,0.15,cx0.75_cy0.75_layoutB,0.05,0.1,1,1,-0.018797636411810537,0.0008267342766492547,1.0750000000000002
family_pair,diffuse_blur,false_negative_suppression,0.15,cx0.75_cy0.75_layoutB,0.05,0.1,1,1,-0.07186118301701738,-0.32401034649705496,0.5500000000000002
family_pair,false_hotspot,false_negative_suppression,0.15,cx0.75_cy0.75_layoutB,0.05,0.1,1,1,-0.053063546605206846,-0.3248370807737042,-0.5249999999999998
baseline_minus_oracle,uniform_prior_baseline,oracle,,cx0.75_cy0.75_layoutC,0.05,0.1,1,1,-0.04074248285108317,-0.0498212374392919,0.49999999999999956
error_minus_oracle,spatial_shift,oracle,0.05,cx0.75_cy0.75_layoutC,0.05,0.1,1,1,0.017690079708756523,0.10490705593998717,0.050000000000000044
error_minus_oracle,diffuse_blur,oracle,0.05,cx0.75_cy0.75_layoutC,0.05,0.1,1,1,0.040964061286738684,0.15174063167325036,0.1499999999999999
error_minus_oracle,false_hotspot,oracle,0.05,cx0.75_cy0.75_layoutC,0.05,0.1,1,1,-0.02413713089739794,0.3213678724390654,0.2999999999999998
error_minus_oracle,false_negative_suppression,oracle,0.05,cx0.75_cy0.75_layoutC,0.05,0.1,1,1,0.013511990652889327,-0.12680849617362355,-0.07499999999999996
family_pair,spatial_shift,diffuse_blur,0.05,cx0.75_cy0.75_layoutC,0.05,0.1,1,1,-0.02327398157798216,-0.04683357573326319,-0.09999999999999987
family_pair,spatial_shift,false_hotspot,0.05,cx0.75_cy0.75_layoutC,0.05,0.1,1,1,0.041827210606154464,-0.21646081649907822,-0.25
family_pair,spatial_shift,false_negative_suppression,0.05,cx0.75_cy0.75_layoutC,0.05,0.1,1,1,0.004178089055867196,0.23171555211361072,0.125
family_pair,diffuse_blur,false_hotspot,0.05,cx0.75_cy0.75_layoutC,0.05,0.1,1,1,0.06510119218413662,-0.16962724076581503,-0.15000000000000013
family_pair,diffuse_blur,false_negative_suppression,0.05,cx0.75_cy0.75_layoutC,0.05,0.1,1,1,0.027452070633849357,0.2785491278468739,0.22499999999999987
family_pair,false_hotspot,false_negative_suppression,0.05,cx0.75_cy0.75_layoutC,0.05,0.1,1,1,-0.03764912155028727,0.44817636861268895,0.375
error_minus_oracle,spatial_shift,oracle,0.1,cx0.75_cy0.75_layoutC,0.05,0.1,1,1,0.008849327466653012,0.2155725800783106,0.47499999999999987
error_minus_oracle,diffuse_blur,oracle,0.1,cx0.75_cy0.75_layoutC,0.05,0.1,1,1,0.010701233127523135,-0.04573396591856227,0.3999999999999997
error_minus_oracle,false_hotspot,oracle,0.1,cx0.75_cy0.75_layoutC,0.05,0.1,1,1,-0.015737704754276827,0.03975223025266361,-0.4750000000000001
error_minus_oracle,false_negative_suppression,oracle,0.1,cx0.75_cy0.75_layoutC,0.05,0.1,1,1,0.019868082592042258,-0.03696113066095008,-0.17499999999999993
family_pair,spatial_shift,diffuse_blur,0.1,cx0.75_cy0.75_layoutC,0.05,0.1,1,1,-0.0018519056608701234,0.26130654599687286,0.07500000000000018
family_pair,spatial_shift,false_hotspot,0.1,cx0.75_cy0.75_layoutC,0.05,0.1,1,1,0.02458703222092984,0.17582034982564698,0.95
family_pair,spatial_shift,false_negative_suppression,0.1,cx0.75_cy0.75_layoutC,0.05,0.1,1,1,-0.011018755125389246,0.2525337107392607,0.6499999999999998
family_pair,diffuse_blur,false_hotspot,0.1,cx0.75_cy0.75_layoutC,0.05,0.1,1,1,0.026438937881799962,-0.08548619617122588,0.8749999999999998
family_pair,diffuse_blur,false_negative_suppression,0.1,cx0.75_cy0.75_layoutC,0.05,0.1,1,1,-0.009166849464519122,-0.008772835257612188,0.5749999999999995
family_pair,false_hotspot,false_negative_suppression,0.1,cx0.75_cy0.75_layoutC,0.05,0.1,1,1,-0.035605787346319084,0.07671336091361369,-0.30000000000000027
error_minus_oracle,spatial_shift,oracle,0.15,cx0.75_cy0.75_layoutC,0.05,0.1,1,1,-0.0014926190934224093,0.33368981659967933,0.6500000000000001
error_minus_oracle,diffuse_blur,oracle,0.15,cx0.75_cy0.75_layoutC,0.05,0.1,1,1,-0.01726852456213479,-0.07633132688510624,0.44999999999999973
error_minus_oracle,false_hotspot,oracle,0.15,cx0.75_cy0.75_layoutC,0.05,0.1,1,1,0.015315024028397906,0.8408211174174489,0.25
error_minus_oracle,false_negative_suppression,oracle,0.15,cx0.75_cy0.75_layoutC,0.05,0.1,1,1,0.03725769828313047,0.09434587050497067,-0.2749999999999999
family_pair,spatial_shift,diffuse_blur,0.15,cx0.75_cy0.75_layoutC,0.05,0.1,1,1,0.01577590546871238,0.4100211434847856,0.2000000000000004
family_pair,spatial_shift,false_hotspot,0.15,cx0.75_cy0.75_layoutC,0.05,0.1,1,1,-0.016807643121820315,-0.5071313008177696,0.40000000000000013
family_pair,spatial_shift,false_negative_suppression,0.15,cx0.75_cy0.75_layoutC,0.05,0.1,1,1,-0.03875031737655288,0.23934394609470866,0.9250000000000003
family_pair,diffuse_blur,false_hotspot,0.15,cx0.75_cy0.75_layoutC,0.05,0.1,1,1,-0.032583548590532696,-0.9171524443025552,0.19999999999999973
family_pair,diffuse_blur,false_negative_suppression,0.15,cx0.75_cy0.75_layoutC,0.05,0.1,1,1,-0.05452622284526526,-0.17067719739007692,0.7249999999999999
family_pair,false_hotspot,false_negative_suppression,0.15,cx0.75_cy0.75_layoutC,0.05,0.1,1,1,-0.021942674254732564,0.7464752469124782,0.5250000000000001
