prior,gamma,time,visible_free_cells,free_cell_count,visible_free_fraction,oracle_probability_mass_covered
oracle,0.1,0.0,76,1532,0.04960835509138381,0.011122795102453328
oracle,0.1,0.05,77,1532,0.05026109660574413,0.011269173933804206
oracle,0.1,0.1,81,1532,0.05287206266318538,0.011854599566472253
oracle,0.1,0.15000000000000002,88,1532,0.057441253263707574,0.012879126845692918
oracle,0.1,0.2,94,1532,0.06135770234986945,0.013757433973542774
oracle,0.1,0.25,105,1532,0.0685378590078329,0.015367464801702223
oracle,0.1,0.30000000000000004,112,1532,0.0731070496083551,0.016392417501619426
oracle,0.1,0.35000000000000003,127,1532,0.08289817232375979,0.018589719901775912
oracle,0.1,0.4,139,1532,0.09073107049608355,0.020349508503719235
oracle,0.1,0.45,151,1532,0.09856396866840732,0.022112904069711715
oracle,0.1,0.5,170,1532,0.11096605744125326,0.024922987545912094
oracle,0.1,0.55,188,1532,0.1227154046997389,0.027638733071015255
oracle,0.1,0.6000000000000001,204,1532,0.13315926892950392,0.03014262603070115
oracle,0.1,0.65,214,1532,0.13968668407310705,0.031736352898244
oracle,0.1,0.7000000000000001,221,1532,0.14425587467362924,0.03293244520782582
oracle,0.1,0.75,226,1532,0.1475195822454308,0.033786959451073684
oracle,0.1,0.8,227,1532,0.1481723237597911,0.03400205217866467
oracle,0.1,0.8500000000000001,229,1532,0.14947780678851175,0.03444959326053611
oracle,0.1,0.9,229,1532,0.14947780678851175,0.03444959326053611
oracle,0.1,0.9500000000000001,230,1532,0.15013054830287206,0.035477893773104785
oracle,0.1,1.0,242,1532,0.15796344647519583,0.061889404238737414
oracle,0.1,1.05,266,1532,0.17362924281984335,0.12699012008243352
oracle,0.1,1.1,279,1532,0.1821148825065274,0.17003777493629885
oracle,0.1,1.1500000000000001,295,1532,0.19255874673629242,0.2212631360666493
oracle,0.1,1.2000000000000002,308,1532,0.2010443864229765,0.2680148048997254
oracle,0.1,1.25,320,1532,0.20887728459530025,0.31311643795281724
oracle,0.1,1.3,330,1532,0.2154046997389034,0.3489000155196191
oracle,0.1,1.35,339,1532,0.2212793733681462,0.37998051672334004
oracle,0.1,1.4000000000000001,343,1532,0.22389033942558748,0.39467234871682383
oracle,0.1,1.4500000000000002,350,1532,0.22845953002610966,0.41757599030353865
oracle,0.1,1.5,356,1532,0.23237597911227154,0.4376273068169053
oracle,0.1,1.55,357,1532,0.23302872062663185,0.43999683183514027
oracle,0.1,1.6,360,1532,0.2349869451697128,0.4498551361192805
oracle,0.1,1.6500000000000001,361,1532,0.23563968668407312,0.45387309419969135
oracle,0.1,1.7000000000000002,361,1532,0.23563968668407312,0.45387309419969135
oracle,0.1,1.75,361,1532,0.23563968668407312,0.45387309419969135
oracle,0.1,1.8,363,1532,0.23694516971279372,0.45932455387547877
oracle,0.1,1.85,364,1532,0.23759791122715404,0.46161336264421016
oracle,0.1,1.9000000000000001,366,1532,0.23890339425587467,0.466118949169539
oracle,0.1,1.9500000000000002,367,1532,0.239556135770235,0.4685722313897246
oracle,0.1,2.0,370,1532,0.24151436031331594,0.4749326928061808
oracle,0.1,2.0500000000000003,372,1532,0.24281984334203655,0.47913257587402436
oracle,0.1,2.1,373,1532,0.24347258485639686,0.4810596907114961
oracle,0.1,2.15,376,1532,0.2454308093994778,0.48622433770160617
oracle,0.1,2.2,380,1532,0.24804177545691905,0.4918337439873876
oracle,0.1,2.25,383,1532,0.25,0.4949850997343582
oracle,0.1,2.3000000000000003,386,1532,0.2519582245430809,0.4972979657313373
oracle,0.1,2.35,386,1532,0.2519582245430809,0.4972979657313373
oracle,0.1,2.4000000000000004,391,1532,0.25522193211488253,0.4999911649829533
oracle,0.1,2.45,394,1532,0.25718015665796345,0.5016936208103243
oracle,0.1,2.5,395,1532,0.25783289817232374,0.502081685852604
oracle,0.1,2.5500000000000003,396,1532,0.2584856396866841,0.5024443676099366
oracle,0.1,2.6,397,1532,0.2591383812010444,0.50373326030296
oracle,0.1,2.6500000000000004,397,1532,0.2591383812010444,0.50373326030296
oracle,0.1,2.7,397,1532,0.2591383812010444,0.50373326030296
oracle,0.1,2.75,397,1532,0.2591383812010444,0.50373326030296
oracle,0.1,2.8000000000000003,397,1532,0.2591383812010444,0.50373326030296
oracle,0.1,2.85,397,1532,0.2591383812010444,0.50373326030296
oracle,0.1,2.9000000000000004,397,1532,0.2591383812010444,0.50373326030296
oracle,0.1,2.95,397,1532,0.2591383812010444,0.50373326030296
oracle,0.1,3.0,398,1532,0.2597911227154047,0.5070976061000055
oracle,0.1,3.0500000000000003,403,1532,0.2630548302872063,0.5248859685768936
oracle,0.1,3.1,411,1532,0.26827676240208875,0.5490899800513754
oracle,0.1,3.1500000000000004,422,1532,0.2754569190600522,0.5765272541977207
oracle,0.1,3.2,435,1532,0.2839425587467363,0.6018040760095132
oracle,0.1,3.25,444,1532,0.2898172323759791,0.6164496464491981
oracle,0.1,3.3000000000000003,450,1532,0.293733681462141,0.6256418580034299
oracle,0.1,3.35,456,1532,0.29765013054830286,0.6338735277393064
oracle,0.1,3.4000000000000004,460,1532,0.3002610966057441,0.6379795418487176
oracle,0.1,3.45,464,1532,0.3028720626631854,0.6422406193567904
oracle,0.1,3.5,465,1532,0.3035248041775457,0.6428079100344979
oracle,0.1,3.5500000000000003,469,1532,0.30613577023498695,0.6455701336069584
oracle,0.1,3.6,469,1532,0.30613577023498695,0.6455701336069584
oracle,0.1,3.6500000000000004,471,1532,0.3074412532637076,0.6464417225661916
oracle,0.1,3.7,471,1532,0.3074412532637076,0.6464417225661916
oracle,0.1,3.75,472,1532,0.30809399477806787,0.647041328202349
oracle,0.1,3.8000000000000003,473,1532,0.3087467362924282,0.647360960236284
oracle,0.1,3.85,474,1532,0.3093994778067885,0.6477490252785636
oracle,0.1,3.9000000000000004,475,1532,0.31005221932114885,0.6480150886112279
oracle,0.1,3.95,475,1532,0.31005221932114885,0.6480150886112279
oracle,0.1,4.0,479,1532,0.31266318537859006,0.6497592940484727
oracle,0.1,4.05,479,1532,0.31266318537859006,0.6497592940484727
oracle,0.1,4.1000000000000005,479,1532,0.31266318537859006,0.6497592940484727
oracle,0.1,4.15,480,1532,0.3133159268929504,0.6500168224329447
oracle,0.1,4.2,481,1532,0.3139686684073107,0.6503876543742769
oracle,0.1,4.25,482,1532,0.31462140992167104,0.6506834589078511
oracle,0.1,4.3,483,1532,0.3152741514360313,0.6512507495855587
oracle,0.1,4.3500000000000005,483,1532,0.3152741514360313,0.6512507495855587
oracle,0.1,4.4,484,1532,0.31592689295039167,0.6516879096152551
oracle,0.1,4.45,485,1532,0.31657963446475196,0.6520278736775275
oracle,0.1,4.5,485,1532,0.31657963446475196,0.6520278736775275
oracle,0.1,4.55,485,1532,0.31657963446475196,0.6520278736775275
oracle,0.1,4.6000000000000005,486,1532,0.31723237597911225,0.6524159387198072
oracle,0.1,4.65,487,1532,0.3178851174934726,0.6529253469402425
oracle,0.1,4.7,487,1532,0.3178851174934726,0.6529253469402425
oracle,0.1,4.75,488,1532,0.3185378590078329,0.6535972152588035
oracle,0.1,4.800000000000001,489,1532,0.3191906005221932,0.6540343752885001
oracle,0.1,4.8500000000000005,490,1532,0.3198433420365535,0.654617524709524
oracle,0.1,4.9,491,1532,0.32049608355091386,0.6551010486264776
oracle,0.1,4.95,491,1532,0.32049608355091386,0.6551010486264776
oracle,0.1,5.0,495,1532,0.32310704960835507,0.6579349384676337
oracle,0.1,5.050000000000001,495,1532,0.32310704960835507,0.6579349384676337
oracle,0.1,5.1000000000000005,496,1532,0.3237597911227154,0.6584869461815781
oracle,0.1,5.15,498,1532,0.32506527415143605,0.6597664484129029
oracle,0.1,5.2,501,1532,0.32702349869451697,0.6619687990103471
oracle,0.1,5.25,504,1532,0.3289817232375979,0.6642648353913846
oracle,0.1,5.300000000000001,509,1532,0.3322454308093995,0.6683787816210114
oracle,0.1,5.3500000000000005,512,1532,0.3342036553524804,0.6708053092715471
oracle,0.1,5.4,516,1532,0.3368146214099217,0.6750294692728095
oracle,0.1,5.45,520,1532,0.3394255874673629,0.6799973273256875
oracle,0.1,5.5,524,1532,0.34203655352480417,0.6852546876024149
oracle,0.1,5.550000000000001,528,1532,0.34464751958224543,0.6921205057688875
oracle,0.1,5.6000000000000005,531,1532,0.34660574412532635,0.6974653676641138
oracle,0.1,5.65,532,1532,0.3472584856396867,0.6989863239353602
oracle,0.1,5.7,532,1532,0.3472584856396867,0.6989863239353602
oracle,0.1,5.75,533,1532,0.347911227154047,0.7003182614392858
oracle,0.1,5.800000000000001,533,1532,0.347911227154047,0.7003182614392858
oracle,0.1,5.8500000000000005,534,1532,0.34856396866840733,0.7022453762767575
oracle,0.1,5.9,534,1532,0.34856396866840733,0.7022453762767575
oracle,0.1,5.95,534,1532,0.34856396866840733,0.7022453762767575
oracle,0.1,6.0,536,1532,0.34986945169712796,0.7050594068807747
oracle,0.1,6.050000000000001,536,1532,0.34986945169712796,0.7050594068807747
oracle,0.1,6.1000000000000005,536,1532,0.34986945169712796,0.7050594068807747
oracle,0.1,6.15,536,1532,0.34986945169712796,0.7050594068807747
oracle,0.1,6.2,536,1532,0.34986945169712796,0.7050594068807747
oracle,0.1,6.25,536,1532,0.34986945169712796,0.7050594068807747
oracle,0.1,6.300000000000001,536,1532,0.34986945169712796,0.7050594068807747
oracle,0.1,6.3500000000000005,536,1532,0.34986945169712796,0.7050594068807747
oracle,0.1,6.4,536,1532,0.34986945169712796,0.7050594068807747
oracle,0.1,6.45,536,1532,0.34986945169712796,0.7050594068807747
oracle,0.1,6.5,536,1532,0.34986945169712796,0.7050594068807747
oracle,0.1,6.550000000000001,536,1532,0.34986945169712796,0.7050594068807747
oracle,0.1,6.6000000000000005,536,1532,0.34986945169712796,0.7050594068807747
oracle,0.1,6.65,536,1532,0.34986945169712796,0.7050594068807747
oracle,0.1,6.7,536,1532,0.34986945169712796,0.7050594068807747
oracle,0.1,6.75,536,1532,0.34986945169712796,0.7050594068807747
oracle,0.1,6.800000000000001,536,1532,0.34986945169712796,0.7050594068807747
oracle,0.1,6.8500000000000005,536,1532,0.34986945169712796,0.7050594068807747
oracle,0.1,6.9,536,1532,0.34986945169712796,0.7050594068807747
oracle,0.1,6.95,536,1532,0.34986945169712796,0.7050594068807747
oracle,0.1,7.0,536,1532,0.34986945169712796,0.7050594068807747
oracle,0.1,7.050000000000001,536,1532,0.34986945169712796,0.7050594068807747
oracle,0.1,7.1000000000000005,536,1532,0.34986945169712796,0.7050594068807747
oracle,0.1,7.15,536,1532,0.34986945169712796,0.7050594068807747
oracle,0.1,7.2,536,1532,0.34986945169712796,0.7050594068807747
oracle,0.1,7.25,536,1532,0.34986945169712796,0.7050594068807747
oracle,0.1,7.300000000000001,536,1532,0.34986945169712796,0.7050594068807747
oracle,0.1,7.3500000000000005,536,1532,0.34986945169712796,0.7050594068807747
oracle,0.1,7.4,536,1532,0.34986945169712796,0.7050594068807747
oracle,0.1,7.45,536,1532,0.34986945169712796,0.7050594068807747
oracle,0.1,7.5,536,1532,0.34986945169712796,0.7050594068807747
oracle,0.1,7.550000000000001,536,1532,0.34986945169712796,0.7050594068807747
oracle,0.1,7.6000000000000005,536,1532,0.34986945169712796,0.7050594068807747
oracle,0.1,7.65,536,1532,0.34986945169712796,0.7050594068807747
oracle,0.1,7.7,536,1532,0.34986945169712796,0.7050594068807747
oracle,0.1,7.75,536,1532,0.34986945169712796,0.7050594068807747
oracle,0.1,7.800000000000001,536,1532,0.34986945169712796,0.7050594068807747
oracle,0.1,7.8500000000000005,536,1532,0.34986945169712796,0.7050594068807747
oracle,0.1,7.9,536,1532,0.34986945169712796,0.7050594068807747
oracle,0.1,7.95,536,1532,0.34986945169712796,0.7050594068807747
oracle,0.1,8.0,536,1532,0.34986945169712796,0.7050594068807747
oracle,0.1,8.05,536,1532,0.34986945169712796,0.7050594068807747
oracle,0.1,8.1,536,1532,0.34986945169712796,0.7050594068807747
oracle,0.1,8.15,536,1532,0.34986945169712796,0.7050594068807747
oracle,0.1,8.200000000000001,536,1532,0.34986945169712796,0.7050594068807747
oracle,0.1,8.25,536,1532,0.34986945169712796,0.7050594068807747
oracle,0.1,8.3,536,1532,0.34986945169712796,0.7050594068807747
oracle,0.1,8.35,536,1532,0.34986945169712796,0.7050594068807747
oracle,0.1,8.4,536,1532,0.34986945169712796,0.7050594068807747
oracle,0.1,8.450000000000001,536,1532,0.34986945169712796,0.7050594068807747
oracle,0.1,8.5,536,1532,0.34986945169712796,0.7050594068807747
oracle,0.1,8.55,536,1532,0.34986945169712796,0.7050594068807747
oracle,0.1,8.6,536,1532,0.34986945169712796,0.7050594068807747
oracle,0.1,8.65,536,1532,0.34986945169712796,0.7050594068807747
oracle,0.1,8.700000000000001,536,1532,0.34986945169712796,0.7050594068807747
oracle,0.1,8.75,536,1532,0.34986945169712796,0.7050594068807747
oracle,0.1,8.8,536,1532,0.34986945169712796,0.7050594068807747
oracle,0.1,8.85,536,1532,0.34986945169712796,0.7050594068807747
oracle,0.1,8.9,536,1532,0.34986945169712796,0.7050594068807747
oracle,0.1,8.950000000000001,536,1532,0.34986945169712796,0.7050594068807747
oracle,0.1,9.0,536,1532,0.34986945169712796,0.7050594068807747
oracle,0.1,9.05,536,1532,0.34986945169712796,0.7050594068807747
oracle,0.1,9.1,536,1532,0.34986945169712796,0.7050594068807747
oracle,0.1,9.15,536,1532,0.34986945169712796,0.7050594068807747
oracle,0.1,9.200000000000001,536,1532,0.34986945169712796,0.7050594068807747
oracle,0.1,9.25,536,1532,0.34986945169712796,0.7050594068807747
oracle,0.1,9.3,536,1532,0.34986945169712796,0.7050594068807747
oracle,0.1,9.35,536,1532,0.34986945169712796,0.7050594068807747
oracle,0.1,9.4,536,1532,0.34986945169712796,0.7050594068807747
oracle,0.1,9.450000000000001,536,1532,0.34986945169712796,0.7050594068807747
oracle,0.1,9.5,536,1532,0.34986945169712796,0.7050594068807747
oracle,0.1,9.55,536,1532,0.34986945169712796,0.7050594068807747
oracle,0.1,9.600000000000001,536,1532,0.34986945169712796,0.7050594068807747
oracle,0.1,9.65,536,1532,0.34986945169712796,0.7050594068807747
oracle,0.1,9.700000000000001,536,1532,0.34986945169712796,0.7050594068807747
oracle,0.1,9.75,536,1532,0.34986945169712796,0.7050594068807747
oracle,0.1,9.8,536,1532,0.34986945169712796,0.7050594068807747
oracle,0.1,9.850000000000001,536,1532,0.34986945169712796,0.7050594068807747
oracle,0.1,9.9,536,1532,0.34986945169712796,0.7050594068807747
oracle,0.1,9.950000000000001,536,1532,0.34986945169712796,0.7050594068807747
oracle,0.1,10.0,536,1532,0.34986945169712796,0.7050594068807747
oracle,0.1,10.05,536,1532,0.34986945169712796,0.7050594068807747
oracle,0.1,10.100000000000001,536,1532,0.34986945169712796,0.7050594068807747
oracle,0.1,10.15,536,1532,0.34986945169712796,0.7050594068807747
oracle,0.1,10.200000000000001,536,1532,0.34986945169712796,0.7050594068807747
oracle,0.1,10.25,536,1532,0.34986945169712796,0.7050594068807747
oracle,0.1,10.3,536,1532,0.34986945169712796,0.7050594068807747
oracle,0.1,10.350000000000001,536,1532,0.34986945169712796,0.7050594068807747
oracle,0.1,10.4,536,1532,0.34986945169712796,0.7050594068807747
oracle,0.1,10.450000000000001,536,1532,0.34986945169712796,0.7050594068807747
oracle,0.1,10.5,536,1532,0.34986945169712796,0.7050594068807747
oracle,0.1,10.55,536,1532,0.34986945169712796,0.7050594068807747
oracle,0.1,10.600000000000001,536,1532,0.34986945169712796,0.7050594068807747
oracle,0.1,10.65,536,1532,0.34986945169712796,0.7050594068807747
oracle,0.1,10.700000000000001,536,1532,0.34986945169712796,0.7050594068807747
oracle,0.1,10.75,536,1532,0.34986945169712796,0.7050594068807747
oracle,0.1,10.8,536,1532,0.34986945169712796,0.7050594068807747
oracle,0.1,10.850000000000001,536,1532,0.34986945169712796,0.7050594068807747
oracle,0.1,10.9,536,1532,0.34986945169712796,0.7050594068807747
oracle,0.1,10.950000000000001,536,1532,0.34986945169712796,0.7050594068807747
oracle,0.1,11.0,536,1532,0.34986945169712796,0.7050594068807747
oracle,0.1,11.05,536,1532,0.34986945169712796,0.7050594068807747
oracle,0.1,11.100000000000001,536,1532,0.34986945169712796,0.7050594068807747
oracle,0.1,11.15,536,1532,0.34986945169712796,0.7050594068807747
oracle,0.1,11.200000000000001,536,1532,0.34986945169712796,0.7050594068807747
oracle,0.1,11.25,536,1532,0.34986945169712796,0.7050594068807747
oracle,0.1,11.3,536,1532,0.34986945169712796,0.7050594068807747
oracle,0.1,11.350000000000001,536,1532,0.34986945169712796,0.7050594068807747
oracle,0.1,11.4,536,1532,0.34986945169712796,0.7050594068807747
oracle,0.1,11.450000000000001,536,1532,0.34986945169712796,0.7050594068807747
oracle,0.1,11.5,536,1532,0.34986945169712796,0.7050594068807747
oracle,0.1,11.55,536,1532,0.34986945169712796,0.7050594068807747
oracle,0.1,11.600000000000001,536,1532,0.34986945169712796,0.7050594068807747
oracle,0.1,11.65,536,1532,0.34986945169712796,0.7050594068807747
oracle,0.1,11.700000000000001,536,1532,0.34986945169712796,0.7050594068807747
oracle,0.1,11.75,536,1532,0.34986945169712796,0.7050594068807747
oracle,0.1,11.8,536,1532,0.34986945169712796,0.7050594068807747
oracle,0.1,11.850000000000001,536,1532,0.34986945169712796,0.7050594068807747
oracle,0.1,11.9,536,1532,0.34986945169712796,0.7050594068807747
oracle,0.1,11.950000000000001,536,1532,0.34986945169712796,0.7050594068807747
oracle,0.1,12.0,536,1532,0.34986945169712796,0.7050594068807747
oracle,0.1,12.05,536,1532,0.34986945169712796,0.7050594068807747
oracle,0.1,12.100000000000001,536,1532,0.34986945169712796,0.7050594068807747
oracle,0.1,12.15,536,1532,0.34986945169712796,0.7050594068807747
oracle,0.1,12.200000000000001,536,1532,0.34986945169712796,0.7050594068807747
oracle,0.1,12.25,536,1532,0.34986945169712796,0.7050594068807747
oracle,0.1,12.3,536,1532,0.34986945169712796,0.7050594068807747
oracle,0.1,12.350000000000001,536,1532,0.34986945169712796,0.7050594068807747
oracle,0.1,12.4,536,1532,0.34986945169712796,0.7050594068807747
oracle,0.1,12.450000000000001,536,1532,0.34986945169712796,0.7050594068807747
oracle,0.1,12.5,536,1532,0.34986945169712796,0.7050594068807747
oracle,0.1,12.55,536,1532,0.34986945169712796,0.7050594068807747
oracle,0.1,12.600000000000001,536,1532,0.34986945169712796,0.7050594068807747
oracle,0.1,12.65,536,1532,0.34986945169712796,0.7050594068807747
oracle,0.1,12.700000000000001,536,1532,0.34986945169712796,0.7050594068807747
oracle,0.1,12.75,536,1532,0.34986945169712796,0.7050594068807747
oracle,0.1,12.8,536,1532,0.34986945169712796,0.7050594068807747
oracle,0.1,12.850000000000001,536,1532,0.34986945169712796,0.7050594068807747
oracle,0.1,12.9,536,1532,0.34986945169712796,0.7050594068807747
oracle,0.1,12.950000000000001,536,1532,0.34986945169712796,0.7050594068807747
oracle,0.1,13.0,536,1532,0.34986945169712796,0.7050594068807747
oracle,0.1,13.05,536,1532,0.34986945169712796,0.7050594068807747
oracle,0.1,13.100000000000001,536,1532,0.34986945169712796,0.7050594068807747
oracle,0.1,13.15,536,1532,0.34986945169712796,0.7050594068807747
oracle,0.1,13.200000000000001,536,1532,0.34986945169712796,0.7050594068807747
oracle,0.1,13.25,536,1532,0.34986945169712796,0.7050594068807747
oracle,0.1,13.3,536,1532,0.34986945169712796,0.7050594068807747
oracle,0.1,13.350000000000001,536,1532,0.34986945169712796,0.7050594068807747
oracle,0.1,13.4,536,1532,0.34986945169712796,0.7050594068807747
oracle,0.1,13.450000000000001,536,1532,0.34986945169712796,0.7050594068807747
oracle,0.1,13.5,536,1532,0.34986945169712796,0.7050594068807747
oracle,0.1,13.55,536,1532,0.34986945169712796,0.7050594068807747
oracle,0.1,13.600000000000001,536,1532,0.34986945169712796,0.7050594068807747
oracle,0.1,13.65,536,1532,0.34986945169712796,0.7050594068807747
oracle,0.1,13.700000000000001,536,1532,0.34986945169712796,0.7050594068807747
oracle,0.1,13.75,536,1532,0.34986945169712796,0.7050594068807747
oracle,0.1,13.8,536,1532,0.34986945169712796,0.7050594068807747
oracle,0.1,13.850000000000001,536,1532,0.34986945169712796,0.7050594068807747
oracle,0.1,13.9,536,1532,0.34986945169712796,0.7050594068807747
oracle,0.1,13.950000000000001,536,1532,0.34986945169712796,0.7050594068807747
oracle,0.1,14.0,536,1532,0.34986945169712796,0.7050594068807747
oracle,0.1,14.05,536,1532,0.34986945169712796,0.7050594068807747
oracle,0.1,14.100000000000001,536,1532,0.34986945169712796,0.7050594068807747
oracle,0.1,14.15,536,1532,0.34986945169712796,0.7050594068807747
oracle,0.1,14.200000000000001,536,1532,0.34986945169712796,0.7050594068807747
oracle,0.1,14.25,536,1532,0.34986945169712796,0.7050594068807747
oracle,0.1,14.3,536,1532,0.34986945169712796,0.7050594068807747
oracle,0.1,14.350000000000001,536,1532,0.34986945169712796,0.7050594068807747
oracle,0.1,14.4,536,1532,0.34986945169712796,0.7050594068807747
oracle,0.1,14.450000000000001,536,1532,0.34986945169712796,0.7050594068807747
oracle,0.1,14.5,536,1532,0.34986945169712796,0.7050594068807747
oracle,0.1,14.55,536,1532,0.34986945169712796,0.7050594068807747
oracle,0.1,14.600000000000001,536,1532,0.34986945169712796,0.7050594068807747
oracle,0.1,14.65,536,1532,0.34986945169712796,0.7050594068807747
oracle,0.1,14.700000000000001,536,1532,0.34986945169712796,0.7050594068807747
oracle,0.1,14.75,536,1532,0.34986945169712796,0.7050594068807747
oracle,0.1,14.8,536,1532,0.34986945169712796,0.7050594068807747
oracle,0.1,14.850000000000001,536,1532,0.34986945169712796,0.7050594068807747
oracle,0.1,14.9,536,1532,0.34986945169712796,0.7050594068807747
oracle,0.1,14.950000000000001,536,1532,0.34986945169712796,0.7050594068807747
oracle,0.1,15.0,536,1532,0.34986945169712796,0.7050594068807747
biased,0.1,0.0,76,1532,0.04960835509138381,0.011122795102453328
biased,0.1,0.05,77,1532,0.05026109660574413,0.011269173933804206
biased,0.1,0.1,81,1532,0.05287206266318538,0.011854599566472253
biased,0.1,0.15000000000000002,87,1532,0.05678851174934726,0.012732776061974886
biased,0.1,0.2,92,1532,0.06005221932114883,0.013464537665919213
biased,0.1,0.25,102,1532,0.06657963446475196,0.014928280727540998
biased,0.1,0.30000000000000004,113,1532,0.0737597911227154,0.016538768272810093
biased,0.1,0.35000000000000003,122,1532,0.07963446475195822,0.01785671943407025
biased,0.1,0.4,135,1532,0.0881201044386423,0.019761519923667533
biased,0.1,0.45,149,1532,0.09725848563968668,0.02181463313615247
biased,0.1,0.5,162,1532,0.10574412532637076,0.023728601267654487
biased,0.1,0.55,174,1532,0.11357702349869452,0.025502293205483917
biased,0.1,0.6000000000000001,189,1532,0.12336814621409922,0.02773203257126652
biased,0.1,0.65,204,1532,0.13315926892950392,0.029988022576722596
biased,0.1,0.7000000000000001,221,1532,0.14425587467362924,0.03258667789915604
biased,0.1,0.75,232,1532,0.1514360313315927,0.03424867977150284
biased,0.1,0.8,250,1532,0.16318537859007834,0.03696663051682593
biased,0.1,0.8500000000000001,269,1532,0.17558746736292427,0.04000503638505665
biased,0.1,0.9,289,1532,0.18864229765013055,0.0430571825366735
biased,0.1,0.9500000000000001,306,1532,0.19973890339425587,0.04566460169414277
biased,0.1,1.0,325,1532,0.21214099216710183,0.04860845276286896
biased,0.1,1.05,341,1532,0.22258485639686684,0.05102844479387653
biased,0.1,1.1,355,1532,0.23172323759791122,0.053132112562372574
biased,0.1,1.1500000000000001,369,1532,0.24086161879895562,0.05520623121348525
biased,0.1,1.2000000000000002,380,1532,0.24804177545691905,0.05682278489505431
biased,0.1,1.25,389,1532,0.2539164490861619,0.05814610580121375
biased,0.1,1.3,398,1532,0.2597911227154047,0.0594659509880207
biased,0.1,1.35,407,1532,0.26566579634464754,0.06078408083121053
biased,0.1,1.4000000000000001,411,1532,0.26827676240208875,0.06136949524113324
biased,0.1,1.4500000000000002,416,1532,0.27154046997389036,0.06210130348320744
biased,0.1,1.5,419,1532,0.2734986945169713,0.06254035837904066
biased,0.1,1.55,420,1532,0.2741514360313316,0.06268670991283752
biased,0.1,1.6,421,1532,0.2748041775456919,0.06283306094555781
biased,0.1,1.6500000000000001,422,1532,0.2754569190600522,0.062979412200908
biased,0.1,1.7000000000000002,422,1532,0.2754569190600522,0.062979412200908
biased,0.1,1.75,423,1532,0.27610966057441255,0.06312576343816022
biased,0.1,1.8,423,1532,0.27610966057441255,0.06312576343816022
biased,0.1,1.85,425,1532,0.2774151436031332,0.0634184667019069
biased,0.1,1.9000000000000001,426,1532,0.2780678851174935,0.06356481785806115
biased,0.1,1.9500000000000002,431,1532,0.28133159268929503,0.06429657773319654
biased,0.1,2.0,434,1532,0.283289817232376,0.06473563390443629
biased,0.1,2.0500000000000003,443,1532,0.2891644908616188,0.06605280333033217
biased,0.1,2.1,454,1532,0.2963446475195822,0.06766269096654264
biased,0.1,2.15,465,1532,0.3035248041775457,0.06927257777087097
biased,0.1,2.2,479,1532,0.31266318537859006,0.07132154904860132
biased,0.1,2.25,490,1532,0.3198433420365535,0.07293144922133415
biased,0.1,2.3000000000000003,496,1532,0.3237597911227154,0.0738095620039303
biased,0.1,2.35,496,1532,0.3237597911227154,0.0738095620039303
biased,0.1,2.4000000000000004,496,1532,0.3237597911227154,0.0738095620039303
biased,0.1,2.45,496,1532,0.3237597911227154,0.0738095620039303
biased,0.1,2.5,496,1532,0.3237597911227154,0.0738095620039303
biased,0.1,2.5500000000000003,496,1532,0.3237597911227154,0.0738095620039303
biased,0.1,2.6,508,1532,0.33159268929503916,0.07558298504309452
biased,0.1,2.6500000000000004,522,1532,0.34073107049608353,0.07768011411517617
biased,0.1,2.7,537,1532,0.35052219321148825,0.07995984694266842
biased,0.1,2.75,551,1532,0.35966057441253263,0.0821055613088126
biased,0.1,2.8000000000000003,564,1532,0.3681462140992167,0.08415622550348079
biased,0.1,2.85,574,1532,0.37467362924281983,0.08579369247491464
biased,0.1,2.9000000000000004,585,1532,0.3818537859007833,0.08763964845636361
biased,0.1,2.95,595,1532,0.38838120104438645,0.08953444615143064
biased,0.1,3.0,605,1532,0.39490861618798956,0.09150845256202275
biased,0.1,3.0500000000000003,615,1532,0.40143603133159267,0.09383161714040013
biased,0.1,3.1,625,1532,0.40796344647519583,0.09681376509501131
biased,0.1,3.1500000000000004,635,1532,0.41449086161879894,0.10051047361487822
biased,0.1,3.2,649,1532,0.4236292428198433,0.10714328234085835
biased,0.1,3.25,659,1532,0.4301566579634465,0.11435972819728393
biased,0.1,3.3000000000000003,670,1532,0.43733681462140994,0.12582638084157194
biased,0.1,3.35,684,1532,0.4464751958224543,0.14723270958221232
biased,0.1,3.4000000000000004,698,1532,0.4556135770234987,0.1778559324983598
biased,0.1,3.45,714,1532,0.4660574412532637,0.22243784540627945
biased,0.1,3.5,732,1532,0.47780678851174935,0.2886433938221234
biased,0.1,3.5500000000000003,749,1532,0.48890339425587465,0.3532331420373981
biased,0.1,3.6,764,1532,0.49869451697127937,0.40515597628364
biased,0.1,3.6500000000000004,781,1532,0.5097911227154047,0.45759196649741163
biased,0.1,3.7,797,1532,0.5202349869451697,0.4954185827303245
biased,0.1,3.75,815,1532,0.5319843342036553,0.5227278288267042
biased,0.1,3.8000000000000003,833,1532,0.543733681462141,0.5419868505227885
biased,0.1,3.85,851,1532,0.5554830287206266,0.5533965881955836
biased,0.1,3.9000000000000004,869,1532,0.5672323759791122,0.5603545420577001
biased,0.1,3.95,888,1532,0.5796344647519582,0.5655078734398233
biased,0.1,4.0,898,1532,0.5861618798955613,0.5674902494484965
biased,0.1,4.05,915,1532,0.5972584856396866,0.5704377818289148
biased,0.1,4.1000000000000005,925,1532,0.6037859007832899,0.5719740933086465
biased,0.1,4.15,931,1532,0.6077023498694517,0.5728684150407761
biased,0.1,4.2,936,1532,0.6109660574412533,0.5736054715943796
biased,0.1,4.25,939,1532,0.6129242819843342,0.574045846863504
biased,0.1,4.3,942,1532,0.6148825065274152,0.5744855238584885
biased,0.1,4.3500000000000005,944,1532,0.6161879895561357,0.5747784306657512
biased,0.1,4.4,947,1532,0.6181462140992167,0.5752176530061968
biased,0.1,4.45,947,1532,0.6181462140992167,0.5752176530061968
biased,0.1,4.5,949,1532,0.6194516971279374,0.5755103933906021
biased,0.1,4.55,949,1532,0.6194516971279374,0.5755103933906021
biased,0.1,4.6000000000000005,950,1532,0.6201044386422977,0.5756567505428263
biased,0.1,4.65,951,1532,0.6207571801566579,0.5758031109055843
biased,0.1,4.7,951,1532,0.6207571801566579,0.5758031109055843
biased,0.1,4.75,952,1532,0.6214099216710183,0.5759494641995428
biased,0.1,4.800000000000001,953,1532,0.6220626631853786,0.5760958187671439
biased,0.1,4.8500000000000005,954,1532,0.6227154046997389,0.5762421704939577
biased,0.1,4.9,955,1532,0.6233681462140992,0.5763885227076904
biased,0.1,4.95,955,1532,0.6233681462140992,0.5763885227076904
biased,0.1,5.0,955,1532,0.6233681462140992,0.5763885227076904
biased,0.1,5.050000000000001,955,1532,0.6233681462140992,0.5763885227076904
biased,0.1,5.1000000000000005,955,1532,0.6233681462140992,0.5763885227076904
biased,0.1,5.15,955,1532,0.6233681462140992,0.5763885227076904
biased,0.1,5.2,955,1532,0.6233681462140992,0.5763885227076904
biased,0.1,5.25,955,1532,0.6233681462140992,0.5763885227076904
biased,0.1,5.300000000000001,955,1532,0.6233681462140992,0.5763885227076904
biased,0.1,5.3500000000000005,956,1532,0.6240208877284595,0.5766145750066497
biased,0.1,5.4,958,1532,0.6253263707571801,0.5771854441436954
biased,0.1,5.45,960,1532,0.6266318537859008,0.5778520806186018
biased,0.1,5.5,963,1532,0.6285900783289817,0.5791964953882781
biased,0.1,5.550000000000001,966,1532,0.6305483028720626,0.5807658369695543
biased,0.1,5.6000000000000005,971,1532,0.6338120104438643,0.5851140102618823
biased,0.1,5.65,976,1532,0.6370757180156658,0.5904347024661829
biased,0.1,5.7,981,1532,0.6403394255874674,0.5994811493108136
biased,0.1,5.75,989,1532,0.6455613577023499,0.6161557426502156
biased,0.1,5.800000000000001,997,1532,0.6507832898172323,0.6338987851946601
biased,0.1,5.8500000000000005,1002,1532,0.6540469973890339,0.6424846679732283
biased,0.1,5.9,1008,1532,0.6579634464751958,0.6552707846593376
biased,0.1,5.95,1012,1532,0.660574412532637,0.661318277287032
biased,0.1,6.0,1022,1532,0.6671018276762402,0.682038640696255
biased,0.1,6.050000000000001,1023,1532,0.6677545691906005,0.6833705782001807
biased,0.1,6.1000000000000005,1027,1532,0.6703655352480418,0.693431472629461
biased,0.1,6.15,1031,1532,0.672976501305483,0.7060375033944177
biased,0.1,6.2,1036,1532,0.6762402088772846,0.7214966387943273
biased,0.1,6.25,1039,1532,0.6781984334203656,0.7320335423923685
biased,0.1,6.300000000000001,1044,1532,0.6814621409921671,0.748645158648661
biased,0.1,6.3500000000000005,1047,1532,0.683420365535248,0.759675427062695
biased,0.1,6.4,1051,1532,0.6860313315926893,0.7717510482162031
biased,0.1,6.45,1055,1532,0.6886422976501305,0.7821791226565882
biased,0.1,6.5,1059,1532,0.6912532637075718,0.7936649716332502
biased,0.1,6.550000000000001,1063,1532,0.693864229765013,0.8029816392071825
biased,0.1,6.6000000000000005,1067,1532,0.6964751958224543,0.8105272163797153
biased,0.1,6.65,1071,1532,0.6990861618798956,0.8174752464906905
biased,0.1,6.7,1074,1532,0.7010443864229765,0.8219570499743452
biased,0.1,6.75,1079,1532,0.7043080939947781,0.8285080014464965
biased,0.1,6.800000000000001,1082,1532,0.706266318537859,0.8321903592606466
biased,0.1,6.8500000000000005,1085,1532,0.70822454308094,0.8355193544772818
biased,0.1,6.9,1087,1532,0.7095300261096605,0.8375130765991509
biased,0.1,6.95,1088,1532,0.7101827676240209,0.8383924846374937
biased,0.1,7.0,1092,1532,0.7127937336814621,0.841921867338074
biased,0.1,7.050000000000001,1092,1532,0.7127937336814621,0.841921867338074
biased,0.1,7.1000000000000005,1092,1532,0.7127937336814621,0.841921867338074
biased,0.1,7.15,1093,1532,0.7134464751958225,0.8425937356566351
biased,0.1,7.2,1094,1532,0.7140992167101827,0.8433272657896602
biased,0.1,7.25,1095,1532,0.7147519582245431,0.8438945564673679
biased,0.1,7.300000000000001,1096,1532,0.7154046997389034,0.8446502083487617
biased,0.1,7.3500000000000005,1096,1532,0.7154046997389034,0.8446502083487617
biased,0.1,7.4,1097,1532,0.7160574412532638,0.8452498139849192
biased,0.1,7.45,1098,1532,0.716710182767624,0.8457210962376058
biased,0.1,7.5,1098,1532,0.716710182767624,0.8457210962376058
biased,0.1,7.550000000000001,1098,1532,0.716710182767624,0.8457210962376058
biased,0.1,7.6000000000000005,1099,1532,0.7173629242819843,0.8461091612798854
biased,0.1,7.65,1100,1532,0.7180156657963447,0.8465926851968393
biased,0.1,7.7,1100,1532,0.7180156657963447,0.8465926851968393
biased,0.1,7.75,1101,1532,0.7186684073107049,0.8471922908329967
biased,0.1,7.800000000000001,1102,1532,0.7193211488250653,0.8475119228669314
biased,0.1,7.8500000000000005,1103,1532,0.7199738903394256,0.8478999879092113
biased,0.1,7.9,1104,1532,0.720626631853786,0.8481660512418756
biased,0.1,7.95,1104,1532,0.720626631853786,0.8481660512418756
biased,0.1,8.0,1108,1532,0.7232375979112271,0.8499102566791201
biased,0.1,8.05,1108,1532,0.7232375979112271,0.8499102566791201
biased,0.1,8.1,1108,1532,0.7232375979112271,0.8499102566791201
biased,0.1,8.15,1109,1532,0.7238903394255874,0.8501677850635925
biased,0.1,8.200000000000001,1110,1532,0.7245430809399478,0.8505386170049245
biased,0.1,8.25,1111,1532,0.7251958224543081,0.8508344215384986
biased,0.1,8.3,1112,1532,0.7258485639686684,0.8514017122162063
biased,0.1,8.35,1112,1532,0.7258485639686684,0.8514017122162063
biased,0.1,8.4,1113,1532,0.7265013054830287,0.8518388722459027
biased,0.1,8.450000000000001,1114,1532,0.7271540469973891,0.852178836308175
biased,0.1,8.5,1114,1532,0.7271540469973891,0.852178836308175
biased,0.1,8.55,1114,1532,0.7271540469973891,0.852178836308175
biased,0.1,8.6,1115,1532,0.7278067885117493,0.8525669013504549
biased,0.1,8.65,1116,1532,0.7284595300261096,0.8530763095708902
biased,0.1,8.700000000000001,1116,1532,0.7284595300261096,0.8530763095708902
biased,0.1,8.75,1117,1532,0.72911227154047,0.8537481778894513
biased,0.1,8.8,1118,1532,0.7297650130548303,0.8541853379191477
biased,0.1,8.85,1119,1532,0.7304177545691906,0.8547684873401715
biased,0.1,8.9,1120,1532,0.7310704960835509,0.8552520112571252
biased,0.1,8.950000000000001,1120,1532,0.7310704960835509,0.8552520112571252
biased,0.1,9.0,1124,1532,0.7336814621409922,0.8580859010982814
biased,0.1,9.05,1124,1532,0.7336814621409922,0.8580859010982814
biased,0.1,9.1,1125,1532,0.7343342036553525,0.8586379088122257
biased,0.1,9.15,1127,1532,0.7356396866840731,0.8599174110435505
biased,0.1,9.200000000000001,1129,1532,0.7369451697127938,0.8615524709632872
biased,0.1,9.25,1129,1532,0.7369451697127938,0.8615524709632872
biased,0.1,9.3,1129,1532,0.7369451697127938,0.8615524709632872
biased,0.1,9.35,1129,1532,0.7369451697127938,0.8615524709632872
biased,0.1,9.4,1129,1532,0.7369451697127938,0.8615524709632872
biased,0.1,9.450000000000001,1129,1532,0.7369451697127938,0.8615524709632872
biased,0.1,9.5,1129,1532,0.7369451697127938,0.8615524709632872
biased,0.1,9.55,1129,1532,0.7369451697127938,0.8615524709632872
biased,0.1,9.600000000000001,1129,1532,0.7369451697127938,0.8615524709632872
biased,0.1,9.65,1129,1532,0.7369451697127938,0.8615524709632872
biased,0.1,9.700000000000001,1129,1532,0.7369451697127938,0.8615524709632872
biased,0.1,9.75,1129,1532,0.7369451697127938,0.8615524709632872
biased,0.1,9.8,1129,1532,0.7369451697127938,0.8615524709632872
biased,0.1,9.850000000000001,1129,1532,0.7369451697127938,0.8615524709632872
biased,0.1,9.9,1129,1532,0.7369451697127938,0.8615524709632872
biased,0.1,9.950000000000001,1129,1532,0.7369451697127938,0.8615524709632872
biased,0.1,10.0,1129,1532,0.7369451697127938,0.8615524709632872
biased,0.1,10.05,1129,1532,0.7369451697127938,0.8615524709632872
biased,0.1,10.100000000000001,1129,1532,0.7369451697127938,0.8615524709632872
biased,0.1,10.15,1129,1532,0.7369451697127938,0.8615524709632872
biased,0.1,10.200000000000001,1129,1532,0.7369451697127938,0.8615524709632872
biased,0.1,10.25,1129,1532,0.7369451697127938,0.8615524709632872
biased,0.1,10.3,1129,1532,0.7369451697127938,0.8615524709632872
biased,0.1,10.350000000000001,1129,1532,0.7369451697127938,0.8615524709632872
biased,0.1,10.4,1129,1532,0.7369451697127938,0.8615524709632872
biased,0.1,10.450000000000001,1129,1532,0.7369451697127938,0.8615524709632872
biased,0.1,10.5,1129,1532,0.7369451697127938,0.8615524709632872
biased,0.1,10.55,1129,1532,0.7369451697127938,0.8615524709632872
biased,0.1,10.600000000000001,1129,1532,0.7369451697127938,0.8615524709632872
biased,0.1,10.65,1129,1532,0.7369451697127938,0.8615524709632872
biased,0.1,10.700000000000001,1129,1532,0.7369451697127938,0.8615524709632872
biased,0.1,10.75,1129,1532,0.7369451697127938,0.8615524709632872
biased,0.1,10.8,1129,1532,0.7369451697127938,0.8615524709632872
biased,0.1,10.850000000000001,1129,1532,0.7369451697127938,0.8615524709632872
biased,0.1,10.9,1129,1532,0.7369451697127938,0.8615524709632872
biased,0.1,10.950000000000001,1129,1532,0.7369451697127938,0.8615524709632872
biased,0.1,11.0,1129,1532,0.7369451697127938,0.8615524709632872
biased,0.1,11.05,1129,1532,0.7369451697127938,0.8615524709632872
biased,0.1,11.100000000000001,1129,1532,0.7369451697127938,0.8615524709632872
biased,0.1,11.15,1129,1532,0.7369451697127938,0.8615524709632872
biased,0.1,11.200000000000001,1129,1532,0.7369451697127938,0.8615524709632872
biased,0.1,11.25,1129,1532,0.7369451697127938,0.8615524709632872
biased,0.1,11.3,1129,1532,0.7369451697127938,0.8615524709632872
biased,0.1,11.350000000000001,1129,1532,0.7369451697127938,0.8615524709632872
biased,0.1,11.4,1129,1532,0.7369451697127938,0.8615524709632872
biased,0.1,11.450000000000001,1129,1532,0.7369451697127938,0.8615524709632872
biased,0.1,11.5,1129,1532,0.7369451697127938,0.8615524709632872
biased,0.1,11.55,1129,1532,0.7369451697127938,0.8615524709632872
biased,0.1,11.600000000000001,1129,1532,0.7369451697127938,0.8615524709632872
biased,0.1,11.65,1129,1532,0.7369451697127938,0.8615524709632872
biased,0.1,11.700000000000001,1129,1532,0.7369451697127938,0.8615524709632872
biased,0.1,11.75,1129,1532,0.7369451697127938,0.8615524709632872
biased,0.1,11.8,1129,1532,0.7369451697127938,0.8615524709632872
biased,0.1,11.850000000000001,1129,1532,0.7369451697127938,0.8615524709632872
biased,0.1,11.9,1129,1532,0.7369451697127938,0.8615524709632872
biased,0.1,11.950000000000001,1129,1532,0.7369451697127938,0.8615524709632872
biased,0.1,12.0,1129,1532,0.7369451697127938,0.8615524709632872
biased,0.1,12.05,1129,1532,0.7369451697127938,0.8615524709632872
biased,0.1,12.100000000000001,1129,1532,0.7369451697127938,0.8615524709632872
biased,0.1,12.15,1129,1532,0.7369451697127938,0.8615524709632872
biased,0.1,12.200000000000001,1129,1532,0.7369451697127938,0.8615524709632872
biased,0.1,12.25,1129,1532,0.7369451697127938,0.8615524709632872
biased,0.1,12.3,1129,1532,0.7369451697127938,0.8615524709632872
biased,0.1,12.350000000000001,1129,1532,0.7369451697127938,0.8615524709632872
biased,0.1,12.4,1129,1532,0.7369451697127938,0.8615524709632872
biased,0.1,12.450000000000001,1129,1532,0.7369451697127938,0.8615524709632872
biased,0.1,12.5,1129,1532,0.7369451697127938,0.8615524709632872
biased,0.1,12.55,1129,1532,0.7369451697127938,0.8615524709632872
biased,0.1,12.600000000000001,1129,1532,0.7369451697127938,0.8615524709632872
biased,0.1,12.65,1129,1532,0.7369451697127938,0.8615524709632872
biased,0.1,12.700000000000001,1129,1532,0.7369451697127938,0.8615524709632872
biased,0.1,12.75,1129,1532,0.7369451697127938,0.8615524709632872
biased,0.1,12.8,1129,1532,0.7369451697127938,0.8615524709632872
biased,0.1,12.850000000000001,1129,1532,0.7369451697127938,0.8615524709632872
biased,0.1,12.9,1129,1532,0.7369451697127938,0.8615524709632872
biased,0.1,12.950000000000001,1129,1532,0.7369451697127938,0.8615524709632872
biased,0.1,13.0,1129,1532,0.7369451697127938,0.8615524709632872
biased,0.1,13.05,1129,1532,0.7369451697127938,0.8615524709632872
biased,0.1,13.100000000000001,1129,1532,0.7369451697127938,0.8615524709632872
biased,0.1,13.15,1129,1532,0.7369451697127938,0.8615524709632872
biased,0.1,13.200000000000001,1129,1532,0.7369451697127938,0.8615524709632872
biased,0.1,13.25,1129,1532,0.7369451697127938,0.8615524709632872
biased,0.1,13.3,1129,1532,0.7369451697127938,0.8615524709632872
biased,0.1,13.350000000000001,1129,1532,0.7369451697127938,0.8615524709632872
biased,0.1,13.4,1129,1532,0.7369451697127938,0.8615524709632872
biased,0.1,13.450000000000001,1129,1532,0.7369451697127938,0.8615524709632872
biased,0.1,13.5,1129,1532,0.7369451697127938,0.8615524709632872
biased,0.1,13.55,1129,1532,0.7369451697127938,0.8615524709632872
biased,0.1,13.600000000000001,1129,1532,0.7369451697127938,0.8615524709632872
biased,0.1,13.65,1129,1532,0.7369451697127938,0.8615524709632872
biased,0.1,13.700000000000001,1129,1532,0.7369451697127938,0.8615524709632872
biased,0.1,13.75,1129,1532,0.7369451697127938,0.8615524709632872
biased,0.1,13.8,1129,1532,0.7369451697127938,0.8615524709632872
biased,0.1,13.850000000000001,1129,1532,0.7369451697127938,0.8615524709632872
biased,0.1,13.9,1129,1532,0.7369451697127938,0.8615524709632872
biased,0.1,13.950000000000001,1129,1532,0.7369451697127938,0.8615524709632872
biased,0.1,14.0,1129,1532,0.7369451697127938,0.8615524709632872
biased,0.1,14.05,1129,1532,0.7369451697127938,0.8615524709632872
biased,0.1,14.100000000000001,1129,1532,0.7369451697127938,0.8615524709632872
biased,0.1,14.15,1129,1532,0.7369451697127938,0.8615524709632872
biased,0.1,14.200000000000001,1129,1532,0.7369451697127938,0.8615524709632872
biased,0.1,14.25,1129,1532,0.7369451697127938,0.8615524709632872
biased,0.1,14.3,1129,1532,0.7369451697127938,0.8615524709632872
biased,0.1,14.350000000000001,1129,1532,0.7369451697127938,0.8615524709632872
biased,0.1,14.4,1129,1532,0.7369451697127938,0.8615524709632872
biased,0.1,14.450000000000001,1129,1532,0.7369451697127938,0.8615524709632872
biased,0.1,14.5,1129,1532,0.7369451697127938,0.8615524709632872
biased,0.1,14.55,1129,1532,0.7369451697127938,0.8615524709632872
biased,0.1,14.600000000000001,1129,1532,0.7369451697127938,0.8615524709632872
biased,0.1,14.65,1129,1532,0.7369451697127938,0.8615524709632872
biased,0.1,14.700000000000001,1129,1532,0.7369451697127938,0.8615524709632872
biased,0.1,14.75,1129,1532,0.7369451697127938,0.8615524709632872
biased,0.1,14.8,1129,1532,0.7369451697127938,0.8615524709632872
biased,0.1,14.850000000000001,1129,1532,0.7369451697127938,0.8615524709632872
biased,0.1,14.9,1129,1532,0.7369451697127938,0.8615524709632872
biased,0.1,14.950000000000001,1129,1532,0.7369451697127938,0.8615524709632872
biased,0.1,15.0,1129,1532,0.7369451697127938,0.8615524709632872
oracle,0.05,0.0,76,1532,0.04960835509138381,0.011122795102453328
oracle,0.05,0.05,77,1532,0.05026109660574413,0.011269173933804206
oracle,0.05,0.1,81,1532,0.05287206266318538,0.011854599566472253
oracle,0.05,0.15000000000000002,87,1532,0.05678851174934726,0.012732776061974886
oracle,0.05,0.2,92,1532,0.06005221932114883,0.013464564283537362
oracle,0.05,0.25,105,1532,0.0685378590078329,0.015367440601996879
oracle,0.05,0.30000000000000004,113,1532,0.0737597911227154,0.016538768272810093
oracle,0.05,0.35000000000000003,126,1532,0.08224543080939947,0.018442513737159914
oracle,0.05,0.4,137,1532,0.08942558746736293,0.020055437741584373
oracle,0.05,0.45,153,1532,0.09986945169712794,0.022405597618074043
oracle,0.05,0.5,168,1532,0.10966057441253264,0.024621186566866328
oracle,0.05,0.55,187,1532,0.12206266318537859,0.02746757943698658
oracle,0.05,0.6000000000000001,203,1532,0.1325065274151436,0.02993271851044136
oracle,0.05,0.65,217,1532,0.141644908616188,0.03217557559366872
oracle,0.05,0.7000000000000001,225,1532,0.1468668407310705,0.033518960819447816
oracle,0.05,0.75,230,1532,0.15013054830287206,0.03437347506269568
oracle,0.05,0.8,233,1532,0.152088772845953,0.0350361088721581
oracle,0.05,0.8500000000000001,234,1532,0.15274151436031333,0.035204303278478004
oracle,0.05,0.9,234,1532,0.15274151436031333,0.035204303278478004
oracle,0.05,0.9500000000000001,234,1532,0.15274151436031333,0.035204303278478004
oracle,0.05,1.0,244,1532,0.15926892950391644,0.05477644468605812
oracle,0.05,1.05,268,1532,0.17493472584856398,0.11892965863758138
oracle,0.05,1.1,281,1532,0.18342036553524804,0.1578477386075619
oracle,0.05,1.1500000000000001,297,1532,0.19386422976501305,0.21046911428959372
oracle,0.05,1.2000000000000002,309,1532,0.20169712793733682,0.2539693006785626
oracle,0.05,1.25,320,1532,0.20887728459530025,0.2967594930550113
oracle,0.05,1.3,327,1532,0.21344647519582247,0.3232282712689477
oracle,0.05,1.35,339,1532,0.2212793733681462,0.3691171958270954
oracle,0.05,1.4000000000000001,343,1532,0.22389033942558748,0.3825118404295242
oracle,0.05,1.4500000000000002,350,1532,0.22845953002610966,0.4080023787026443
oracle,0.05,1.5,352,1532,0.2297650130548303,0.4131929813323116
oracle,0.05,1.55,356,1532,0.23237597911227154,0.42366608048736976
oracle,0.05,1.6,360,1532,0.2349869451697128,0.43735504445058165
oracle,0.05,1.6500000000000001,363,1532,0.23694516971279372,0.4460393662483447
oracle,0.05,1.7000000000000002,366,1532,0.23890339425587467,0.45440361912798016
oracle,0.05,1.75,370,1532,0.24151436031331594,0.46735861935850137
oracle,0.05,1.8,372,1532,0.24281984334203655,0.4736652794442568
oracle,0.05,1.85,377,1532,0.24608355091383813,0.48903952033476356
oracle,0.05,1.9000000000000001,381,1532,0.24869451697127937,0.5017131961073534
oracle,0.05,1.9500000000000002,385,1532,0.25130548302872063,0.5134370323088918
oracle,0.05,2.0,386,1532,0.2519582245430809,0.5165719500715822
oracle,0.05,2.0500000000000003,390,1532,0.2545691906005222,0.5283500384300902
oracle,0.05,2.1,392,1532,0.2558746736292428,0.5345354618385683
oracle,0.05,2.15,395,1532,0.25783289817232374,0.542860982230926
oracle,0.05,2.2,398,1532,0.2597911227154047,0.5507657241268991
oracle,0.05,2.25,400,1532,0.26109660574412535,0.5551990707058836
oracle,0.05,2.3000000000000003,405,1532,0.2643603133159269,0.5653435341480484
oracle,0.05,2.35,410,1532,0.26762402088772846,0.5739274611214124
oracle,0.05,2.4000000000000004,413,1532,0.2695822454308094,0.578149971753557
oracle,0.05,2.45,415,1532,0.27088772845953,0.5802397998833266
oracle,0.05,2.5,417,1532,0.27219321148825065,0.5822667491098279
oracle,0.05,2.5500000000000003,421,1532,0.2748041775456919,0.5876419916174898
oracle,0.05,2.6,423,1532,0.27610966057441255,0.589199205733075
oracle,0.05,2.6500000000000004,428,1532,0.2793733681462141,0.5938276255729273
oracle,0.05,2.7,429,1532,0.2800261096605744,0.5956277802387513
oracle,0.05,2.75,433,1532,0.28263707571801566,0.5992470945744099
oracle,0.05,2.8000000000000003,435,1532,0.2839425587467363,0.6018087487748959
oracle,0.05,2.85,437,1532,0.28524804177545693,0.6035608084581121
oracle,0.05,2.9000000000000004,439,1532,0.28655352480417756,0.6064754770229988
oracle,0.05,2.95,445,1532,0.2904699738903394,0.611176526684204
oracle,0.05,3.0,448,1532,0.2924281984334204,0.6128801297585829
oracle,0.05,3.0500000000000003,451,1532,0.2943864229765013,0.6170185901383232
oracle,0.05,3.1,453,1532,0.29569190600522194,0.6185875346098938
oracle,0.05,3.1500000000000004,454,1532,0.2963446475195822,0.6202697807720369
oracle,0.05,3.2,454,1532,0.2963446475195822,0.6202697807720369
oracle,0.05,3.25,454,1532,0.2963446475195822,0.6202697807720369
oracle,0.05,3.3000000000000003,454,1532,0.2963446475195822,0.6202697807720369
oracle,0.05,3.35,454,1532,0.2963446475195822,0.6202697807720369
oracle,0.05,3.4000000000000004,454,1532,0.2963446475195822,0.6202697807720369
oracle,0.05,3.45,454,1532,0.2963446475195822,0.6202697807720369
oracle,0.05,3.5,454,1532,0.2963446475195822,0.6202697807720369
oracle,0.05,3.5500000000000003,454,1532,0.2963446475195822,0.6202697807720369
oracle,0.05,3.6,454,1532,0.2963446475195822,0.6202697807720369
oracle,0.05,3.6500000000000004,455,1532,0.29699738903394257,0.6226393057902717
oracle,0.05,3.7,458,1532,0.2989556135770235,0.6283847282969804
oracle,0.05,3.75,466,1532,0.304177545691906,0.6420884473916284
oracle,0.05,3.8000000000000003,472,1532,0.30809399477806787,0.6504601038640792
oracle,0.05,3.85,485,1532,0.31657963446475196,0.670083043233108
oracle,0.05,3.9000000000000004,492,1532,0.32114882506527415,0.6777185835491437
oracle,0.05,3.95,501,1532,0.32702349869451697,0.6894967422922533
oracle,0.05,4.0,507,1532,0.33093994778067887,0.6968976100851165
oracle,0.05,4.05,514,1532,0.33550913838120106,0.7052725721597918
oracle,0.05,4.1000000000000005,522,1532,0.34073107049608353,0.7147920697634628
oracle,0.05,4.15,526,1532,0.3433420365535248,0.7188373863908711
oracle,0.05,4.2,534,1532,0.34856396866840733,0.7244145344659655
oracle,0.05,4.25,542,1532,0.3537859007832898,0.729773289298933
oracle,0.05,4.3,545,1532,0.35574412532637073,0.7306165130500042
oracle,0.05,4.3500000000000005,546,1532,0.3563968668407311,0.7308425653489635
oracle,0.05,4.4,546,1532,0.3563968668407311,0.7308425653489635
oracle,0.05,4.45,546,1532,0.3563968668407311,0.7308425653489635
oracle,0.05,4.5,546,1532,0.3563968668407311,0.7308425653489635
oracle,0.05,4.55,546,1532,0.3563968668407311,0.7308425653489635
oracle,0.05,4.6000000000000005,546,1532,0.3563968668407311,0.7308425653489635
oracle,0.05,4.65,546,1532,0.3563968668407311,0.7308425653489635
oracle,0.05,4.7,546,1532,0.3563968668407311,0.7308425653489635
oracle,0.05,4.75,546,1532,0.3563968668407311,0.7308425653489635
oracle,0.05,4.800000000000001,546,1532,0.3563968668407311,0.7308425653489635
oracle,0.05,4.8500000000000005,546,1532,0.3563968668407311,0.7308425653489635
oracle,0.05,4.9,546,1532,0.3563968668407311,0.7308425653489635
oracle,0.05,4.95,546,1532,0.3563968668407311,0.7308425653489635
oracle,0.05,5.0,546,1532,0.3563968668407311,0.7308425653489635
oracle,0.05,5.050000000000001,546,1532,0.3563968668407311,0.7308425653489635
oracle,0.05,5.1000000000000005,546,1532,0.3563968668407311,0.7308425653489635
oracle,0.05,5.15,547,1532,0.35704960835509136,0.7314098560266711
oracle,0.05,5.2,548,1532,0.3577023498694517,0.7319771467043786
oracle,0.05,5.25,550,1532,0.35900783289817234,0.7333077614761156
oracle,0.05,5.300000000000001,553,1532,0.36096605744125326,0.735365106680605
oracle,0.05,5.3500000000000005,555,1532,0.3622715404699739,0.7367301067139398
oracle,0.05,5.4,557,1532,0.36357702349869453,0.7387238288358089
oracle,0.05,5.45,558,1532,0.3642297650130548,0.7396032368741519
oracle,0.05,5.5,560,1532,0.36553524804177545,0.7420610398293677
oracle,0.05,5.550000000000001,561,1532,0.3661879895561358,0.7435819961006142
oracle,0.05,5.6000000000000005,561,1532,0.3661879895561358,0.7435819961006142
oracle,0.05,5.65,561,1532,0.3661879895561358,0.7435819961006142
oracle,0.05,5.7,561,1532,0.3661879895561358,0.7435819961006142
oracle,0.05,5.75,561,1532,0.3661879895561358,0.7435819961006142
oracle,0.05,5.800000000000001,561,1532,0.3661879895561358,0.7435819961006142
oracle,0.05,5.8500000000000005,561,1532,0.3661879895561358,0.7435819961006142
oracle,0.05,5.9,561,1532,0.3661879895561358,0.7435819961006142
oracle,0.05,5.95,561,1532,0.3661879895561358,0.7435819961006142
oracle,0.05,6.0,561,1532,0.3661879895561358,0.7435819961006142
oracle,0.05,6.050000000000001,561,1532,0.3661879895561358,0.7435819961006142
oracle,0.05,6.1000000000000005,561,1532,0.3661879895561358,0.7435819961006142
oracle,0.05,6.15,561,1532,0.3661879895561358,0.7435819961006142
oracle,0.05,6.2,561,1532,0.3661879895561358,0.7435819961006142
oracle,0.05,6.25,561,1532,0.3661879895561358,0.7435819961006142
oracle,0.05,6.300000000000001,561,1532,0.3661879895561358,0.7435819961006142
oracle,0.05,6.3500000000000005,561,1532,0.3661879895561358,0.7435819961006142
oracle,0.05,6.4,561,1532,0.3661879895561358,0.7435819961006142
oracle,0.05,6.45,561,1532,0.3661879895561358,0.7435819961006142
oracle,0.05,6.5,561,1532,0.3661879895561358,0.7435819961006142
oracle,0.05,6.550000000000001,564,1532,0.3681462140992167,0.7506098549058152
oracle,0.05,6.6000000000000005,565,1532,0.368798955613577,0.7524100095716392
oracle,0.05,6.65,568,1532,0.370757180156658,0.7579350863719815
oracle,0.05,6.7,570,1532,0.3720626631853786,0.7607346436934931
oracle,0.05,6.75,573,1532,0.37402088772845954,0.7645957286322056
oracle,0.05,6.800000000000001,574,1532,0.37467362924281983,0.7656572562494066
oracle,0.05,6.8500000000000005,575,1532,0.37532637075718017,0.7666855567619753
oracle,0.05,6.9,576,1532,0.37597911227154046,0.7676509783712757
oracle,0.05,6.95,576,1532,0.37597911227154046,0.7676509783712757
oracle,0.05,7.0,576,1532,0.37597911227154046,0.7676509783712757
oracle,0.05,7.050000000000001,576,1532,0.37597911227154046,0.7676509783712757
oracle,0.05,7.1000000000000005,576,1532,0.37597911227154046,0.7676509783712757
oracle,0.05,7.15,576,1532,0.37597911227154046,0.7676509783712757
oracle,0.05,7.2,576,1532,0.37597911227154046,0.7676509783712757
oracle,0.05,7.25,576,1532,0.37597911227154046,0.7676509783712757
oracle,0.05,7.300000000000001,576,1532,0.37597911227154046,0.7676509783712757
oracle,0.05,7.3500000000000005,576,1532,0.37597911227154046,0.7676509783712757
oracle,0.05,7.4,576,1532,0.37597911227154046,0.7676509783712757
oracle,0.05,7.45,576,1532,0.37597911227154046,0.7676509783712757
oracle,0.05,7.5,576,1532,0.37597911227154046,0.7676509783712757
oracle,0.05,7.550000000000001,576,1532,0.37597911227154046,0.7676509783712757
oracle,0.05,7.6000000000000005,576,1532,0.37597911227154046,0.7676509783712757
oracle,0.05,7.65,576,1532,0.37597911227154046,0.7676509783712757
oracle,0.05,7.7,576,1532,0.37597911227154046,0.7676509783712757
oracle,0.05,7.75,576,1532,0.37597911227154046,0.7676509783712757
oracle,0.05,7.800000000000001,576,1532,0.37597911227154046,0.7676509783712757
oracle,0.05,7.8500000000000005,576,1532,0.37597911227154046,0.7676509783712757
oracle,0.05,7.9,576,1532,0.37597911227154046,0.7676509783712757
oracle,0.05,7.95,576,1532,0.37597911227154046,0.7676509783712757
oracle,0.05,8.0,576,1532,0.37597911227154046,0.7676509783712757
oracle,0.05,8.05,576,1532,0.37597911227154046,0.7676509783712757
oracle,0.05,8.1,576,1532,0.37597911227154046,0.7676509783712757
oracle,0.05,8.15,576,1532,0.37597911227154046,0.7676509783712757
oracle,0.05,8.200000000000001,576,1532,0.37597911227154046,0.7676509783712757
oracle,0.05,8.25,576,1532,0.37597911227154046,0.7676509783712757
oracle,0.05,8.3,576,1532,0.37597911227154046,0.7676509783712757
oracle,0.05,8.35,576,1532,0.37597911227154046,0.7676509783712757
oracle,0.05,8.4,576,1532,0.37597911227154046,0.7676509783712757
oracle,0.05,8.450000000000001,576,1532,0.37597911227154046,0.7676509783712757
oracle,0.05,8.5,576,1532,0.37597911227154046,0.7676509783712757
oracle,0.05,8.55,576,1532,0.37597911227154046,0.7676509783712757
oracle,0.05,8.6,576,1532,0.37597911227154046,0.7676509783712757
oracle,0.05,8.65,576,1532,0.37597911227154046,0.7676509783712757
oracle,0.05,8.700000000000001,576,1532,0.37597911227154046,0.7676509783712757
oracle,0.05,8.75,576,1532,0.37597911227154046,0.7676509783712757
oracle,0.05,8.8,576,1532,0.37597911227154046,0.7676509783712757
oracle,0.05,8.85,576,1532,0.37597911227154046,0.7676509783712757
oracle,0.05,8.9,576,1532,0.37597911227154046,0.7676509783712757
oracle,0.05,8.950000000000001,576,1532,0.37597911227154046,0.7676509783712757
oracle,0.05,9.0,576,1532,0.37597911227154046,0.7676509783712757
oracle,0.05,9.05,576,1532,0.37597911227154046,0.7676509783712757
oracle,0.05,9.1,576,1532,0.37597911227154046,0.7676509783712757
oracle,0.05,9.15,576,1532,0.37597911227154046,0.7676509783712757
oracle,0.05,9.200000000000001,576,1532,0.37597911227154046,0.7676509783712757
oracle,0.05,9.25,576,1532,0.37597911227154046,0.7676509783712757
oracle,0.05,9.3,576,1532,0.37597911227154046,0.7676509783712757
oracle,0.05,9.35,576,1532,0.37597911227154046,0.7676509783712757
oracle,0.05,9.4,576,1532,0.37597911227154046,0.7676509783712757
oracle,0.05,9.450000000000001,576,1532,0.37597911227154046,0.7676509783712757
oracle,0.05,9.5,576,1532,0.37597911227154046,0.7676509783712757
oracle,0.05,9.55,576,1532,0.37597911227154046,0.7676509783712757
oracle,0.05,9.600000000000001,576,1532,0.37597911227154046,0.7676509783712757
oracle,0.05,9.65,576,1532,0.37597911227154046,0.7676509783712757
oracle,0.05,9.700000000000001,576,1532,0.37597911227154046,0.7676509783712757
oracle,0.05,9.75,576,1532,0.37597911227154046,0.7676509783712757
oracle,0.05,9.8,576,1532,0.37597911227154046,0.7676509783712757
oracle,0.05,9.850000000000001,576,1532,0.37597911227154046,0.7676509783712757
oracle,0.05,9.9,576,1532,0.37597911227154046,0.7676509783712757
oracle,0.05,9.950000000000001,576,1532,0.37597911227154046,0.7676509783712757
oracle,0.05,10.0,576,1532,0.37597911227154046,0.7676509783712757
oracle,0.05,10.05,576,1532,0.37597911227154046,0.7676509783712757
oracle,0.05,10.100000000000001,576,1532,0.37597911227154046,0.7676509783712757
oracle,0.05,10.15,576,1532,0.37597911227154046,0.7676509783712757
oracle,0.05,10.200000000000001,576,1532,0.37597911227154046,0.7676509783712757
oracle,0.05,10.25,576,1532,0.37597911227154046,0.7676509783712757
oracle,0.05,10.3,576,1532,0.37597911227154046,0.7676509783712757
oracle,0.05,10.350000000000001,576,1532,0.37597911227154046,0.7676509783712757
oracle,0.05,10.4,576,1532,0.37597911227154046,0.7676509783712757
oracle,0.05,10.450000000000001,576,1532,0.37597911227154046,0.7676509783712757
oracle,0.05,10.5,576,1532,0.37597911227154046,0.7676509783712757
oracle,0.05,10.55,576,1532,0.37597911227154046,0.7676509783712757
oracle,0.05,10.600000000000001,576,1532,0.37597911227154046,0.7676509783712757
oracle,0.05,10.65,576,1532,0.37597911227154046,0.7676509783712757
oracle,0.05,10.700000000000001,576,1532,0.37597911227154046,0.7676509783712757
oracle,0.05,10.75,576,1532,0.37597911227154046,0.7676509783712757
oracle,0.05,10.8,576,1532,0.37597911227154046,0.7676509783712757
oracle,0.05,10.850000000000001,576,1532,0.37597911227154046,0.7676509783712757
oracle,0.05,10.9,576,1532,0.37597911227154046,0.7676509783712757
oracle,0.05,10.950000000000001,576,1532,0.37597911227154046,0.7676509783712757
oracle,0.05,11.0,576,1532,0.37597911227154046,0.7676509783712757
oracle,0.05,11.05,576,1532,0.37597911227154046,0.7676509783712757
oracle,0.05,11.100000000000001,576,1532,0.37597911227154046,0.7676509783712757
oracle,0.05,11.15,576,1532,0.37597911227154046,0.7676509783712757
oracle,0.05,11.200000000000001,576,1532,0.37597911227154046,0.7676509783712757
oracle,0.05,11.25,576,1532,0.37597911227154046,0.7676509783712757
oracle,0.05,11.3,576,1532,0.37597911227154046,0.7676509783712757
oracle,0.05,11.350000000000001,576,1532,0.37597911227154046,0.7676509783712757
oracle,0.05,11.4,576,1532,0.37597911227154046,0.7676509783712757
oracle,0.05,11.450000000000001,576,1532,0.37597911227154046,0.7676509783712757
oracle,0.05,11.5,576,1532,0.37597911227154046,0.7676509783712757
oracle,0.05,11.55,576,1532,0.37597911227154046,0.7676509783712757
oracle,0.05,11.600000000000001,576,1532,0.37597911227154046,0.7676509783712757
oracle,0.05,11.65,576,1532,0.37597911227154046,0.7676509783712757
oracle,0.05,11.700000000000001,576,1532,0.37597911227154046,0.7676509783712757
oracle,0.05,11.75,576,1532,0.37597911227154046,0.7676509783712757
oracle,0.05,11.8,576,1532,0.37597911227154046,0.7676509783712757
oracle,0.05,11.850000000000001,576,1532,0.37597911227154046,0.7676509783712757
oracle,0.05,11.9,576,1532,0.37597911227154046,0.7676509783712757
oracle,0.05,11.950000000000001,576,1532,0.37597911227154046,0.7676509783712757
oracle,0.05,12.0,576,1532,0.37597911227154046,0.7676509783712757
oracle,0.05,12.05,576,1532,0.37597911227154046,0.7676509783712757
oracle,0.05,12.100000000000001,576,1532,0.37597911227154046,0.7676509783712757
oracle,0.05,12.15,576,1532,0.37597911227154046,0.7676509783712757
oracle,0.05,12.200000000000001,576,1532,0.37597911227154046,0.7676509783712757
oracle,0.05,12.25,576,1532,0.37597911227154046,0.7676509783712757
oracle,0.05,12.3,576,1532,0.37597911227154046,0.7676509783712757
oracle,0.05,12.350000000000001,576,1532,0.37597911227154046,0.7676509783712757
oracle,0.05,12.4,576,1532,0.37597911227154046,0.7676509783712757
oracle,0.05,12.450000000000001,576,1532,0.37597911227154046,0.7676509783712757
oracle,0.05,12.5,576,1532,0.37597911227154046,0.7676509783712757
oracle,0.05,12.55,576,1532,0.37597911227154046,0.7676509783712757
oracle,0.05,12.600000000000001,576,1532,0.37597911227154046,0.7676509783712757
oracle,0.05,12.65,576,1532,0.37597911227154046,0.7676509783712757
oracle,0.05,12.700000000000001,576,1532,0.37597911227154046,0.7676509783712757
oracle,0.05,12.75,576,1532,0.37597911227154046,0.7676509783712757
oracle,0.05,12.8,576,1532,0.37597911227154046,0.7676509783712757
oracle,0.05,12.850000000000001,576,1532,0.37597911227154046,0.7676509783712757
oracle,0.05,12.9,576,1532,0.37597911227154046,0.7676509783712757
oracle,0.05,12.950000000000001,576,1532,0.37597911227154046,0.7676509783712757
oracle,0.05,13.0,576,1532,0.37597911227154046,0.7676509783712757
oracle,0.05,13.05,576,1532,0.37597911227154046,0.7676509783712757
oracle,0.05,13.100000000000001,576,1532,0.37597911227154046,0.7676509783712757
oracle,0.05,13.15,576,1532,0.37597911227154046,0.7676509783712757
oracle,0.05,13.200000000000001,576,1532,0.37597911227154046,0.7676509783712757
oracle,0.05,13.25,576,1532,0.37597911227154046,0.7676509783712757
oracle,0.05,13.3,576,1532,0.37597911227154046,0.7676509783712757
oracle,0.05,13.350000000000001,576,1532,0.37597911227154046,0.7676509783712757
oracle,0.05,13.4,576,1532,0.37597911227154046,0.7676509783712757
oracle,0.05,13.450000000000001,576,1532,0.37597911227154046,0.7676509783712757
oracle,0.05,13.5,576,1532,0.37597911227154046,0.7676509783712757
oracle,0.05,13.55,576,1532,0.37597911227154046,0.7676509783712757
oracle,0.05,13.600000000000001,576,1532,0.37597911227154046,0.7676509783712757
oracle,0.05,13.65,576,1532,0.37597911227154046,0.7676509783712757
oracle,0.05,13.700000000000001,576,1532,0.37597911227154046,0.7676509783712757
oracle,0.05,13.75,576,1532,0.37597911227154046,0.7676509783712757
oracle,0.05,13.8,576,1532,0.37597911227154046,0.7676509783712757
oracle,0.05,13.850000000000001,576,1532,0.37597911227154046,0.7676509783712757
oracle,0.05,13.9,576,1532,0.37597911227154046,0.7676509783712757
oracle,0.05,13.950000000000001,576,1532,0.37597911227154046,0.7676509783712757
oracle,0.05,14.0,576,1532,0.37597911227154046,0.7676509783712757
oracle,0.05,14.05,576,1532,0.37597911227154046,0.7676509783712757
oracle,0.05,14.100000000000001,576,1532,0.37597911227154046,0.7676509783712757
oracle,0.05,14.15,576,1532,0.37597911227154046,0.7676509783712757
oracle,0.05,14.200000000000001,576,1532,0.37597911227154046,0.7676509783712757
oracle,0.05,14.25,576,1532,0.37597911227154046,0.7676509783712757
oracle,0.05,14.3,576,1532,0.37597911227154046,0.7676509783712757
oracle,0.05,14.350000000000001,576,1532,0.37597911227154046,0.7676509783712757
oracle,0.05,14.4,576,1532,0.37597911227154046,0.7676509783712757
oracle,0.05,14.450000000000001,576,1532,0.37597911227154046,0.7676509783712757
oracle,0.05,14.5,576,1532,0.37597911227154046,0.7676509783712757
oracle,0.05,14.55,576,1532,0.37597911227154046,0.7676509783712757
oracle,0.05,14.600000000000001,576,1532,0.37597911227154046,0.7676509783712757
oracle,0.05,14.65,576,1532,0.37597911227154046,0.7676509783712757
oracle,0.05,14.700000000000001,576,1532,0.37597911227154046,0.7676509783712757
oracle,0.05,14.75,576,1532,0.37597911227154046,0.7676509783712757
oracle,0.05,14.8,576,1532,0.37597911227154046,0.7676509783712757
oracle,0.05,14.850000000000001,576,1532,0.37597911227154046,0.7676509783712757
oracle,0.05,14.9,576,1532,0.37597911227154046,0.7676509783712757
oracle,0.05,14.950000000000001,576,1532,0.37597911227154046,0.7676509783712757
oracle,0.05,15.0,576,1532,0.37597911227154046,0.7676509783712757
biased,0.05,0.0,76,1532,0.04960835509138381,0.011122795102453328
biased,0.05,0.05,77,1532,0.05026109660574413,0.011269173933804206
biased,0.05,0.1,81,1532,0.05287206266318538,0.011854599566472253
biased,0.05,0.15000000000000002,84,1532,0.05483028720626632,0.012293655948135349
biased,0.05,0.2,93,1532,0.060704960835509136,0.013610899560148344
biased,0.05,0.25,102,1532,0.06657963446475196,0.014928280727540998
biased,0.05,0.30000000000000004,109,1532,0.07114882506527415,0.015952875831884365
biased,0.05,0.35000000000000003,119,1532,0.07767624020887728,0.017417259194226795
biased,0.05,0.4,135,1532,0.0881201044386423,0.019761516571119773
biased,0.05,0.45,146,1532,0.09530026109660575,0.021374264027466356
biased,0.05,0.5,158,1532,0.1031331592689295,0.02313823856600243
biased,0.05,0.55,169,1532,0.11031331592689295,0.024763699492962817
biased,0.05,0.6000000000000001,183,1532,0.11945169712793734,0.02684401552494245
biased,0.05,0.65,200,1532,0.13054830287206268,0.029377351706218285
biased,0.05,0.7000000000000001,215,1532,0.14033942558746737,0.03163680394904042
biased,0.05,0.75,230,1532,0.15013054830287206,0.033915836935356075
biased,0.05,0.8,245,1532,0.15992167101827676,0.03619626051122153
biased,0.05,0.8500000000000001,267,1532,0.17428198433420367,0.03956204055275243
biased,0.05,0.9,283,1532,0.18472584856396868,0.0420073662841005
biased,0.05,0.9500000000000001,306,1532,0.19973890339425587,0.0455368054157969
biased,0.05,1.0,324,1532,0.21148825065274152,0.04824862742588509
biased,0.05,1.05,347,1532,0.22650130548302871,0.051697815694044434
biased,0.05,1.1,361,1532,0.23563968668407312,0.0537786877470042
biased,0.05,1.1500000000000001,374,1532,0.24412532637075718,0.05570246740245096
biased,0.05,1.2000000000000002,390,1532,0.2545691906005222,0.05807039375997641
biased,0.05,1.25,397,1532,0.2591383812010444,0.05910553108844251
biased,0.05,1.3,406,1532,0.2650130548302872,0.06043154057655162
biased,0.05,1.35,415,1532,0.27088772845953,0.061751843360796276
biased,0.05,1.4000000000000001,421,1532,0.2748041775456919,0.0626320487458204
biased,0.05,1.4500000000000002,424,1532,0.27676240208877284,0.06307118192061674
biased,0.05,1.5,431,1532,0.28133159268929503,0.06409632437034789
biased,0.05,1.55,431,1532,0.28133159268929503,0.06409632437034789
biased,0.05,1.6,436,1532,0.2845953002610966,0.06482810136382008
biased,0.05,1.6500000000000001,437,1532,0.28524804177545693,0.06497445851604444
biased,0.05,1.7000000000000002,437,1532,0.28524804177545693,0.06497445851604444
biased,0.05,1.75,437,1532,0.28524804177545693,0.06497445851604444
biased,0.05,1.8,437,1532,0.28524804177545693,0.06497445851604444
biased,0.05,1.85,437,1532,0.28524804177545693,0.06497445851604444
biased,0.05,1.9000000000000001,437,1532,0.28524804177545693,0.06497445851604444
biased,0.05,1.9500000000000002,437,1532,0.28524804177545693,0.06497445851604444
biased,0.05,2.0,439,1532,0.28655352480417756,0.06526716320894296
biased,0.05,2.0500000000000003,442,1532,0.2885117493472585,0.06570622352223884
biased,0.05,2.1,447,1532,0.29177545691906004,0.06643798652434163
biased,0.05,2.15,451,1532,0.2943864229765013,0.06702339662929854
biased,0.05,2.2,456,1532,0.29765013054830286,0.06775517092262798
biased,0.05,2.25,459,1532,0.29960835509138384,0.06819423193700261
biased,0.05,2.3000000000000003,465,1532,0.3035248041775457,0.06907236392748267
biased,0.05,2.35,471,1532,0.3074412532637076,0.06995048147035383
biased,0.05,2.4000000000000004,477,1532,0.3113577023498694,0.07082860440226434
biased,0.05,2.45,482,1532,0.31462140992167104,0.07156036900368312
biased,0.05,2.5,487,1532,0.3178851174934726,0.07229212979153934
biased,0.05,2.5500000000000003,492,1532,0.32114882506527415,0.07302388776654539
biased,0.05,2.6,493,1532,0.3218015665796345,0.0731702396903647
biased,0.05,2.6500000000000004,493,1532,0.3218015665796345,0.0731702396903647
biased,0.05,2.7,495,1532,0.32310704960835507,0.07346294230680714
biased,0.05,2.75,495,1532,0.32310704960835507,0.07346294230680714
biased,0.05,2.8000000000000003,501,1532,0.32702349869451697,0.07434395589898264
biased,0.05,2.85,510,1532,0.3328981723237598,0.0756770410216889
biased,0.05,2.9000000000000004,525,1532,0.3426892950391645,0.07791853254167647
biased,0.05,2.95,539,1532,0.3518276762402089,0.08003926895482519
biased,0.05,3.0,553,1532,0.36096605744125326,0.08217936173714963
biased,0.05,3.0500000000000003,567,1532,0.37010443864229764,0.0844051682903353
biased,0.05,3.1,580,1532,0.3785900783289817,0.08653852730693404
biased,0.05,3.1500000000000004,593,1532,0.3870757180156658,0.08874502596615036
biased,0.05,3.2,605,1532,0.39490861618798956,0.09113932503765905
biased,0.05,3.25,615,1532,0.40143603133159267,0.0933307825657258
biased,0.05,3.3000000000000003,626,1532,0.4086161879895561,0.09602405570406866
biased,0.05,3.35,636,1532,0.4151436031331593,0.09931476654312432
biased,0.05,3.4000000000000004,647,1532,0.4223237597911227,0.10409410871950402
biased,0.05,3.45,657,1532,0.42885117493472585,0.11048103274475025
biased,0.05,3.5,670,1532,0.43733681462140994,0.12202821432989035
biased,0.05,3.5500000000000003,681,1532,0.44451697127937334,0.1359314734124082
biased,0.05,3.6,695,1532,0.4536553524804178,0.161398803542954
biased,0.05,3.6500000000000004,711,1532,0.4640992167101828,0.201661992442037
biased,0.05,3.7,726,1532,0.47389033942558745,0.25052850658121234
biased,0.05,3.75,743,1532,0.4849869451697128,0.315596556703568
biased,0.05,3.8000000000000003,761,1532,0.49673629242819844,0.3912133455445677
biased,0.05,3.85,780,1532,0.5091383812010444,0.466050065178058
biased,0.05,3.9000000000000004,798,1532,0.52088772845953,0.5239050435245499
biased,0.05,3.95,816,1532,0.5326370757180157,0.5653923054006947
biased,0.05,4.0,834,1532,0.5443864229765013,0.5926666339452537
biased,0.05,4.05,851,1532,0.5554830287206266,0.6077432643420613
biased,0.05,4.1000000000000005,869,1532,0.5672323759791122,0.6172393426922703
biased,0.05,4.15,885,1532,0.5776762402088773,0.6225134412442154
biased,0.05,4.2,899,1532,0.5868146214099217,0.6256369887892855
biased,0.05,4.25,909,1532,0.5933420365535248,0.6274051102691588
biased,0.05,4.3,918,1532,0.5992167101827677,0.6288422267256457
biased,0.05,4.3500000000000005,924,1532,0.6031331592689295,0.6297497269007911
biased,0.05,4.4,926,1532,0.6044386422976501,0.6300461024873991
biased,0.05,4.45,927,1532,0.6050913838120104,0.6301932079145262
biased,0.05,4.5,927,1532,0.6050913838120104,0.6301932079145262
biased,0.05,4.55,927,1532,0.6050913838120104,0.6301932079145262
biased,0.05,4.6000000000000005,927,1532,0.6050913838120104,0.6301932079145262
biased,0.05,4.65,927,1532,0.6050913838120104,0.6301932079145262
biased,0.05,4.7,927,1532,0.6050913838120104,0.6301932079145262
biased,0.05,4.75,927,1532,0.6050913838120104,0.6301932079145262
biased,0.05,4.800000000000001,928,1532,0.6057441253263708,0.6303395612084846
biased,0.05,4.8500000000000005,929,1532,0.606396866840731,0.6304859129352982
biased,0.05,4.9,931,1532,0.6077023498694517,0.6307786162632556
biased,0.05,4.95,933,1532,0.6090078328981723,0.6310713184406251
biased,0.05,5.0,936,1532,0.6109660574412533,0.6315103717221549
biased,0.05,5.050000000000001,940,1532,0.6135770234986945,0.6320957755698722
biased,0.05,5.1000000000000005,942,1532,0.6148825065274152,0.6323884777325341
biased,0.05,5.15,943,1532,0.6155352480417755,0.6325348286663925
biased,0.05,5.2,944,1532,0.6161879895561357,0.6326811796525446
biased,0.05,5.25,944,1532,0.6161879895561357,0.6326811796525446
biased,0.05,5.300000000000001,944,1532,0.6161879895561357,0.6326811796525446
biased,0.05,5.3500000000000005,944,1532,0.6161879895561357,0.6326811796525446
biased,0.05,5.4,944,1532,0.6161879895561357,0.6326811796525446
biased,0.05,5.45,944,1532,0.6161879895561357,0.6326811796525446
biased,0.05,5.5,944,1532,0.6161879895561357,0.6326811796525446
biased,0.05,5.550000000000001,944,1532,0.6161879895561357,0.6326811796525446
biased,0.05,5.6000000000000005,944,1532,0.6161879895561357,0.6326811796525446
biased,0.05,5.65,944,1532,0.6161879895561357,0.6326811796525446
biased,0.05,5.7,944,1532,0.6161879895561357,0.6326811796525446
biased,0.05,5.75,944,1532,0.6161879895561357,0.6326811796525446
biased,0.05,5.800000000000001,944,1532,0.6161879895561357,0.6326811796525446
biased,0.05,5.8500000000000005,944,1532,0.6161879895561357,0.6326811796525446
biased,0.05,5.9,944,1532,0.6161879895561357,0.6326811796525446
biased,0.05,5.95,944,1532,0.6161879895561357,0.6326811796525446
biased,0.05,6.0,944,1532,0.6161879895561357,0.6326811796525446
biased,0.05,6.050000000000001,944,1532,0.6161879895561357,0.6326811796525446
biased,0.05,6.1000000000000005,944,1532,0.6161879895561357,0.6326811796525446
biased,0.05,6.15,944,1532,0.6161879895561357,0.6326811796525446
biased,0.05,6.2,944,1532,0.6161879895561357,0.6326811796525446
biased,0.05,6.25,944,1532,0.6161879895561357,0.6326811796525446
biased,0.05,6.300000000000001,944,1532,0.6161879895561357,0.6326811796525446
biased,0.05,6.3500000000000005,945,1532,0.6168407310704961,0.6328591486036355
biased,0.05,6.4,950,1532,0.6201044386422977,0.6338610673817994
biased,0.05,6.45,964,1532,0.6292428198433421,0.6375344434298862
biased,0.05,6.5,977,1532,0.6377284595300261,0.6434382097302818
biased,0.05,6.550000000000001,988,1532,0.6449086161879896,0.6530762285847288
biased,0.05,6.6000000000000005,997,1532,0.6507832898172323,0.6664421454334457
biased,0.05,6.65,998,1532,0.6514360313315927,0.6683692602709175
biased,0.05,6.7,998,1532,0.6514360313315927,0.6683692602709175
biased,0.05,6.75,998,1532,0.6514360313315927,0.6683692602709175
biased,0.05,6.800000000000001,998,1532,0.6514360313315927,0.6683692602709175
biased,0.05,6.8500000000000005,998,1532,0.6514360313315927,0.6683692602709175
biased,0.05,6.9,1005,1532,0.6560052219321149,0.6871530985758929
biased,0.05,6.95,1019,1532,0.6651436031331592,0.7326480368590972
biased,0.05,7.0,1029,1532,0.6716710182767625,0.7585084771078414
biased,0.05,7.050000000000001,1046,1532,0.6827676240208878,0.7934456915581565
biased,0.05,7.1000000000000005,1055,1532,0.6886422976501305,0.8095441750046836
biased,0.05,7.15,1063,1532,0.693864229765013,0.8213064714750811
biased,0.05,7.2,1069,1532,0.6977806788511749,0.8279704781469257
biased,0.05,7.25,1072,1532,0.6997389033942559,0.8306906647660222
biased,0.05,7.300000000000001,1074,1532,0.7010443864229765,0.8323598787012696
biased,0.05,7.3500000000000005,1077,1532,0.7030026109660574,0.8346185050625932
biased,0.05,7.4,1078,1532,0.7036553524804178,0.8352181106987506
biased,0.05,7.45,1079,1532,0.7043080939947781,0.8356893929514373
biased,0.05,7.5,1079,1532,0.7043080939947781,0.8356893929514373
biased,0.05,7.550000000000001,1079,1532,0.7043080939947781,0.8356893929514373
biased,0.05,7.6000000000000005,1080,1532,0.7049608355091384,0.8360774579937171
biased,0.05,7.65,1081,1532,0.7056135770234987,0.8365609819106707
biased,0.05,7.7,1081,1532,0.7056135770234987,0.8365609819106707
biased,0.05,7.75,1082,1532,0.706266318537859,0.8371605875468282
biased,0.05,7.800000000000001,1083,1532,0.7069190600522193,0.8374802195807631
biased,0.05,7.8500000000000005,1084,1532,0.7075718015665796,0.8378682846230427
biased,0.05,7.9,1085,1532,0.70822454308094,0.8381343479557071
biased,0.05,7.95,1085,1532,0.70822454308094,0.8381343479557071
biased,0.05,8.0,1089,1532,0.7108355091383812,0.8398785533929517
biased,0.05,8.05,1089,1532,0.7108355091383812,0.8398785533929517
biased,0.05,8.1,1089,1532,0.7108355091383812,0.8398785533929517
biased,0.05,8.15,1090,1532,0.7114882506527415,0.8401360817774238
biased,0.05,8.200000000000001,1091,1532,0.7121409921671018,0.840506913718756
biased,0.05,8.25,1092,1532,0.7127937336814621,0.8408027182523302
biased,0.05,8.3,1093,1532,0.7134464751958225,0.8413700089300378
biased,0.05,8.35,1093,1532,0.7134464751958225,0.8413700089300378
biased,0.05,8.4,1094,1532,0.7140992167101827,0.8418071689597342
biased,0.05,8.450000000000001,1095,1532,0.7147519582245431,0.8421471330220066
biased,0.05,8.5,1095,1532,0.7147519582245431,0.8421471330220066
biased,0.05,8.55,1095,1532,0.7147519582245431,0.8421471330220066
biased,0.05,8.6,1096,1532,0.7154046997389034,0.8425351980642862
biased,0.05,8.65,1097,1532,0.7160574412532638,0.8430446062847217
biased,0.05,8.700000000000001,1097,1532,0.7160574412532638,0.8430446062847217
biased,0.05,8.75,1098,1532,0.716710182767624,0.8437164746032827
biased,0.05,8.8,1099,1532,0.7173629242819843,0.8441536346329792
biased,0.05,8.85,1100,1532,0.7180156657963447,0.844736784054003
biased,0.05,8.9,1101,1532,0.7186684073107049,0.8452203079709566
biased,0.05,8.950000000000001,1101,1532,0.7186684073107049,0.8452203079709566
biased,0.05,9.0,1105,1532,0.7212793733681462,0.8480541978121129
biased,0.05,9.05,1105,1532,0.7212793733681462,0.8480541978121129
biased,0.05,9.1,1106,1532,0.7219321148825065,0.8486062055260571
biased,0.05,9.15,1108,1532,0.7232375979112271,0.8498857077573819
biased,0.05,9.200000000000001,1111,1532,0.7251958224543081,0.8520880583548261
biased,0.05,9.25,1114,1532,0.7271540469973891,0.8543840947358635
biased,0.05,9.3,1119,1532,0.7304177545691906,0.8584980409654902
biased,0.05,9.35,1122,1532,0.7323759791122716,0.8609245686160262
biased,0.05,9.4,1126,1532,0.7349869451697127,0.8651487286172886
biased,0.05,9.450000000000001,1129,1532,0.7369451697127938,0.8692371786318236
biased,0.05,9.5,1131,1532,0.7382506527415144,0.8720367359533353
biased,0.05,9.55,1132,1532,0.7389033942558747,0.8738991970205944
biased,0.05,9.600000000000001,1135,1532,0.7408616187989556,0.8792440589158206
biased,0.05,9.65,1137,1532,0.7421671018276762,0.8831345402053019
biased,0.05,9.700000000000001,1138,1532,0.7428198433420365,0.8855040652235366
biased,0.05,9.75,1140,1532,0.7441253263707572,0.8891248114961936
biased,0.05,9.8,1142,1532,0.7454308093994778,0.8941827198801859
biased,0.05,9.850000000000001,1144,1532,0.7467362924281984,0.8989309123290903
biased,0.05,9.9,1145,1532,0.7473890339425587,0.9015612943934452
biased,0.05,9.950000000000001,1146,1532,0.7480417754569191,0.9049256401904908
biased,0.05,10.0,1150,1532,0.7506527415143603,0.9132441135754332
biased,0.05,10.05,1150,1532,0.7506527415143603,0.9132441135754332
biased,0.05,10.100000000000001,1150,1532,0.7506527415143603,0.9132441135754332
biased,0.05,10.15,1150,1532,0.7506527415143603,0.9132441135754332
biased,0.05,10.200000000000001,1150,1532,0.7506527415143603,0.9132441135754332
biased,0.05,10.25,1150,1532,0.7506527415143603,0.9132441135754332
biased,0.05,10.3,1150,1532,0.7506527415143603,0.9132441135754332
biased,0.05,10.350000000000001,1150,1532,0.7506527415143603,0.9132441135754332
biased,0.05,10.4,1150,1532,0.7506527415143603,0.9132441135754332
biased,0.05,10.450000000000001,1150,1532,0.7506527415143603,0.9132441135754332
biased,0.05,10.5,1150,1532,0.7506527415143603,0.9132441135754332
biased,0.05,10.55,1150,1532,0.7506527415143603,0.9132441135754332
biased,0.05,10.600000000000001,1150,1532,0.7506527415143603,0.9132441135754332
biased,0.05,10.65,1150,1532,0.7506527415143603,0.9132441135754332
biased,0.05,10.700000000000001,1150,1532,0.7506527415143603,0.9132441135754332
biased,0.05,10.75,1150,1532,0.7506527415143603,0.9132441135754332
biased,0.05,10.8,1150,1532,0.7506527415143603,0.9132441135754332
biased,0.05,10.850000000000001,1150,1532,0.7506527415143603,0.9132441135754332
biased,0.05,10.9,1150,1532,0.7506527415143603,0.9132441135754332
biased,0.05,10.950000000000001,1150,1532,0.7506527415143603,0.9132441135754332
biased,0.05,11.0,1150,1532,0.7506527415143603,0.9132441135754332
biased,0.05,11.05,1150,1532,0.7506527415143603,0.9132441135754332
biased,0.05,11.100000000000001,1150,1532,0.7506527415143603,0.9132441135754332
biased,0.05,11.15,1150,1532,0.7506527415143603,0.9132441135754332
biased,0.05,11.200000000000001,1150,1532,0.7506527415143603,0.9132441135754332
biased,0.05,11.25,1150,1532,0.7506527415143603,0.9132441135754332
biased,0.05,11.3,1150,1532,0.7506527415143603,0.9132441135754332
biased,0.05,11.350000000000001,1150,1532,0.7506527415143603,0.9132441135754332
biased,0.05,11.4,1150,1532,0.7506527415143603,0.9132441135754332
biased,0.05,11.450000000000001,1150,1532,0.7506527415143603,0.9132441135754332
biased,0.05,11.5,1150,1532,0.7506527415143603,0.9132441135754332
biased,0.05,11.55,1150,1532,0.7506527415143603,0.9132441135754332
biased,0.05,11.600000000000001,1150,1532,0.7506527415143603,0.9132441135754332
biased,0.05,11.65,1150,1532,0.7506527415143603,0.9132441135754332
biased,0.05,11.700000000000001,1150,1532,0.7506527415143603,0.9132441135754332
biased,0.05,11.75,1150,1532,0.7506527415143603,0.9132441135754332
biased,0.05,11.8,1150,1532,0.7506527415143603,0.9132441135754332
biased,0.05,11.850000000000001,1150,1532,0.7506527415143603,0.9132441135754332
biased,0.05,11.9,1150,1532,0.7506527415143603,0.9132441135754332
biased,0.05,11.950000000000001,1150,1532,0.7506527415143603,0.9132441135754332
biased,0.05,12.0,1150,1532,0.7506527415143603,0.9132441135754332
biased,0.05,12.05,1150,1532,0.7506527415143603,0.9132441135754332
biased,0.05,12.100000000000001,1150,1532,0.7506527415143603,0.9132441135754332
biased,0.05,12.15,1150,1532,0.7506527415143603,0.9132441135754332
biased,0.05,12.200000000000001,1150,1532,0.7506527415143603,0.9132441135754332
biased,0.05,12.25,1150,1532,0.7506527415143603,0.9132441135754332
biased,0.05,12.3,1150,1532,0.7506527415143603,0.9132441135754332
biased,0.05,12.350000000000001,1150,1532,0.7506527415143603,0.9132441135754332
biased,0.05,12.4,1150,1532,0.7506527415143603,0.9132441135754332
biased,0.05,12.450000000000001,1150,1532,0.7506527415143603,0.9132441135754332
biased,0.05,12.5,1150,1532,0.7506527415143603,0.9132441135754332
biased,0.05,12.55,1150,1532,0.7506527415143603,0.9132441135754332
biased,0.05,12.600000000000001,1150,1532,0.7506527415143603,0.9132441135754332
biased,0.05,12.65,1150,1532,0.7506527415143603,0.9132441135754332
biased,0.05,12.700000000000001,1150,1532,0.7506527415143603,0.9132441135754332
biased,0.05,12.75,1150,1532,0.7506527415143603,0.9132441135754332
biased,0.05,12.8,1150,1532,0.7506527415143603,0.9132441135754332
biased,0.05,12.850000000000001,1150,1532,0.7506527415143603,0.9132441135754332
biased,0.05,12.9,1150,1532,0.7506527415143603,0.9132441135754332
biased,0.05,12.950000000000001,1150,1532,0.7506527415143603,0.9132441135754332
biased,0.05,13.0,1150,1532,0.7506527415143603,0.9132441135754332
biased,0.05,13.05,1150,1532,0.7506527415143603,0.9132441135754332
biased,0.05,13.100000000000001,1150,1532,0.7506527415143603,0.9132441135754332
biased,0.05,13.15,1150,1532,0.7506527415143603,0.9132441135754332
biased,0.05,13.200000000000001,1150,1532,0.7506527415143603,0.9132441135754332
biased,0.05,13.25,1150,1532,0.7506527415143603,0.9132441135754332
biased,0.05,13.3,1150,1532,0.7506527415143603,0.9132441135754332
biased,0.05,13.350000000000001,1150,1532,0.7506527415143603,0.9132441135754332
biased,0.05,13.4,1150,1532,0.7506527415143603,0.9132441135754332
biased,0.05,13.450000000000001,1150,1532,0.7506527415143603,0.9132441135754332
biased,0.05,13.5,1150,1532,0.7506527415143603,0.9132441135754332
biased,0.05,13.55,1150,1532,0.7506527415143603,0.9132441135754332
biased,0.05,13.600000000000001,1150,1532,0.7506527415143603,0.9132441135754332
biased,0.05,13.65,1150,1532,0.7506527415143603,0.9132441135754332
biased,0.05,13.700000000000001,1150,1532,0.7506527415143603,0.9132441135754332
biased,0.05,13.75,1150,1532,0.7506527415143603,0.9132441135754332
biased,0.05,13.8,1150,1532,0.7506527415143603,0.9132441135754332
biased,0.05,13.850000000000001,1150,1532,0.7506527415143603,0.9132441135754332
biased,0.05,13.9,1150,1532,0.7506527415143603,0.9132441135754332
biased,0.05,13.950000000000001,1150,1532,0.7506527415143603,0.9132441135754332
biased,0.05,14.0,1150,1532,0.7506527415143603,0.9132441135754332
biased,0.05,14.05,1150,1532,0.7506527415143603,0.9132441135754332
biased,0.05,14.100000000000001,1150,1532,0.7506527415143603,0.9132441135754332
biased,0.05,14.15,1150,1532,0.7506527415143603,0.9132441135754332
biased,0.05,14.200000000000001,1150,1532,0.7506527415143603,0.9132441135754332
biased,0.05,14.25,1150,1532,0.7506527415143603,0.9132441135754332
biased,0.05,14.3,1150,1532,0.7506527415143603,0.9132441135754332
biased,0.05,14.350000000000001,1150,1532,0.7506527415143603,0.9132441135754332
biased,0.05,14.4,1150,1532,0.7506527415143603,0.9132441135754332
biased,0.05,14.450000000000001,1150,1532,0.7506527415143603,0.9132441135754332
biased,0.05,14.5,1150,1532,0.7506527415143603,0.9132441135754332
biased,0.05,14.55,1150,1532,0.7506527415143603,0.9132441135754332
biased,0.05,14.600000000000001,1150,1532,0.7506527415143603,0.9132441135754332
biased,0.05,14.65,1150,1532,0.7506527415143603,0.9132441135754332
biased,0.05,14.700000000000001,1150,1532,0.7506527415143603,0.9132441135754332
biased,0.05,14.75,1150,1532,0.7506527415143603,0.9132441135754332
biased,0.05,14.8,1150,1532,0.7506527415143603,0.9132441135754332
biased,0.05,14.850000000000001,1150,1532,0.7506527415143603,0.9132441135754332
biased,0.05,14.9,1150,1532,0.7506527415143603,0.9132441135754332
biased,0.05,14.950000000000001,1150,1532,0.7506527415143603,0.9132441135754332
biased,0.05,15.0,1150,1532,0.7506527415143603,0.9132441135754332
