prior,gamma,episode,target_x,target_y,success,t_find,capped_time,path_length_until_stop
oracle,0.1,0,0.6875,0.7375,True,1.2000000000000002,1.2000000000000002,0.7228310634848021
oracle,0.1,1,0.8125,0.8625,True,1.5,1.5,0.8997433291654136
oracle,0.1,2,0.8625,0.7875,True,3.2,3.2,1.4224252706245717
oracle,0.1,3,0.7625,0.5625,False,,15.0,1.5627683088641557
oracle,0.1,4,0.6375,0.6125,True,1.05,1.05,0.5976160859419232
oracle,0.1,5,0.0375,0.8625,False,,15.0,1.5627683088641557
oracle,0.1,6,0.8875,0.0125,False,,15.0,1.5627683088641557
oracle,0.1,7,0.8375,0.8125,True,3.2,3.2,1.4224252706245717
oracle,0.1,8,0.6375,0.8125,True,1.9500000000000002,1.9500000000000002,0.9932577553568178
oracle,0.1,9,0.0625,0.6875,False,,15.0,1.5627683088641557
oracle,0.1,10,0.6625,0.6125,True,1.05,1.05,0.5976160859419232
oracle,0.1,11,0.8625,0.5875,False,,15.0,1.5627683088641557
oracle,0.1,12,0.6625,0.5875,True,1.0,1.0,0.5541901143956411
oracle,0.1,13,0.7875,0.6625,True,1.35,1.35,0.8271843934411361
oracle,0.1,14,0.7625,0.6875,True,1.1500000000000001,1.1500000000000001,0.6816792578554833
oracle,0.1,15,0.6625,0.7125,True,1.1500000000000001,1.1500000000000001,0.6816792578554833
oracle,0.1,16,0.7375,0.9875,True,5.2,5.2,1.5627683088641557
oracle,0.1,17,0.6125,0.8125,True,2.0500000000000003,2.0500000000000003,1.0163736141168984
oracle,0.1,18,0.6625,0.7375,True,1.2000000000000002,1.2000000000000002,0.7228310634848021
oracle,0.1,19,0.0375,0.9875,False,,15.0,1.5627683088641557
oracle,0.1,20,0.6625,0.5625,True,1.0,1.0,0.5541901143956411
oracle,0.1,21,0.6625,0.5125,True,1.0,1.0,0.5541901143956411
oracle,0.1,22,0.5875,0.7375,True,1.3,1.3,0.795265289333051
oracle,0.1,23,0.5125,0.1875,False,,15.0,1.5627683088641557
oracle,0.1,24,0.0875,0.1625,False,,15.0,1.5627683088641557
oracle,0.1,25,0.8125,0.6875,True,1.5,1.5,0.8997433291654136
oracle,0.1,26,0.9625,0.6625,True,3.25,3.25,1.4451584936330208
oracle,0.1,27,0.6625,0.8875,True,5.550000000000001,5.550000000000001,1.5627683088641557
oracle,0.1,28,0.7125,0.7375,True,1.2000000000000002,1.2000000000000002,0.7228310634848021
oracle,0.1,29,0.8125,0.6875,True,1.5,1.5,0.8997433291654136
oracle,0.1,30,0.7125,0.6875,True,1.1500000000000001,1.1500000000000001,0.6816792578554833
oracle,0.1,31,0.5875,0.5875,True,1.05,1.05,0.5976160859419232
oracle,0.1,32,0.0125,0.0625,False,,15.0,1.5627683088641557
oracle,0.1,33,0.7375,0.5375,False,,15.0,1.5627683088641557
oracle,0.1,34,0.7125,0.7625,True,1.25,1.25,0.7606721633037263
oracle,0.1,35,0.8375,0.5375,False,,15.0,1.5627683088641557
oracle,0.1,36,0.7125,0.6375,True,1.05,1.05,0.5976160859419232
oracle,0.1,37,0.6375,0.0125,False,,15.0,1.5627683088641557
oracle,0.1,38,0.9375,0.8125,True,3.35,3.35,1.4859546521684897
oracle,0.1,39,0.9125,0.4875,False,,15.0,1.5627683088641557
oracle,0.1,40,0.7625,0.5875,True,1.35,1.35,0.8271843934411361
oracle,0.1,41,0.5875,0.8625,False,,15.0,1.5627683088641557
oracle,0.1,42,0.7875,0.6875,True,1.2000000000000002,1.2000000000000002,0.7228310634848021
oracle,0.1,43,0.6875,0.8375,True,1.8,1.8,0.9618704842187275
oracle,0.1,44,0.7625,0.7375,True,1.25,1.25,0.7606721633037263
oracle,0.1,45,0.6375,0.7875,True,1.4500000000000002,1.4500000000000002,0.8784444802105963
oracle,0.1,46,0.8625,0.3625,False,,15.0,1.5627683088641557
oracle,0.1,47,0.5375,0.7125,True,2.2,2.2,1.0686509453017863
oracle,0.1,48,0.7625,0.6875,True,1.1500000000000001,1.1500000000000001,0.6816792578554833
oracle,0.1,49,0.9375,0.8375,True,3.4000000000000004,3.4000000000000004,1.5036086651866725
oracle,0.1,50,0.6875,0.6375,True,1.05,1.05,0.5976160859419232
oracle,0.1,51,0.9375,0.7125,True,3.1500000000000004,3.1500000000000004,1.398533193989169
oracle,0.1,52,0.0875,0.2625,False,,15.0,1.5627683088641557
oracle,0.1,53,0.8375,0.6375,True,1.6,1.6,0.9298513534857621
oracle,0.1,54,0.7875,0.6125,True,1.4000000000000001,1.4000000000000001,0.8544733947436302
oracle,0.1,55,0.8125,0.4875,False,,15.0,1.5627683088641557
oracle,0.1,56,0.7875,0.8125,True,1.35,1.35,0.8271843934411361
oracle,0.1,57,0.7875,0.6375,True,1.4000000000000001,1.4000000000000001,0.8544733947436302
oracle,0.1,58,0.5625,0.9625,False,,15.0,1.5627683088641557
oracle,0.1,59,0.8625,0.7125,True,3.0500000000000003,3.0500000000000003,1.3579962474010052
oracle,0.1,60,0.4125,0.7375,False,,15.0,1.5627683088641557
oracle,0.1,61,0.7625,0.7375,True,1.25,1.25,0.7606721633037263
oracle,0.1,62,0.5875,0.7625,True,2.0500000000000003,2.0500000000000003,1.0163736141168984
oracle,0.1,63,0.8125,0.4875,False,,15.0,1.5627683088641557
biased,0.1,0,0.6875,0.7375,True,3.6500000000000004,3.6500000000000004,1.68832572389369
biased,0.1,1,0.8125,0.8625,True,5.9,5.9,2.835056096249652
biased,0.1,2,0.8625,0.7875,True,6.300000000000001,6.300000000000001,2.9273771183871307
biased,0.1,3,0.7625,0.5625,True,3.45,3.45,1.5541126295438998
biased,0.1,4,0.6375,0.6125,True,3.5,3.5,1.58866412661598
biased,0.1,5,0.0375,0.8625,True,1.35,1.35,0.6094296887330581
biased,0.1,6,0.8875,0.0125,False,,15.0,2.9273771183871307
biased,0.1,7,0.8375,0.8125,True,6.15,6.15,2.9176337994862123
biased,0.1,8,0.6375,0.8125,True,3.75,3.75,1.754373666632491
biased,0.1,9,0.0625,0.6875,True,0.9500000000000001,0.9500000000000001,0.41437705138602604
biased,0.1,10,0.6625,0.6125,True,3.5,3.5,1.58866412661598
biased,0.1,11,0.8625,0.5875,False,,15.0,2.9273771183871307
biased,0.1,12,0.6625,0.5875,True,3.45,3.45,1.5541126295438998
biased,0.1,13,0.7875,0.6625,True,3.5500000000000003,3.5500000000000003,1.6230392167395837
biased,0.1,14,0.7625,0.6875,True,3.5500000000000003,3.5500000000000003,1.6230392167395837
biased,0.1,15,0.6625,0.7125,True,3.6,3.6,1.6556824703166368
biased,0.1,16,0.7375,0.9875,True,6.0,6.0,2.876843677113193
biased,0.1,17,0.6125,0.8125,True,3.75,3.75,1.754373666632491
biased,0.1,18,0.6625,0.7375,True,3.6500000000000004,3.6500000000000004,1.68832572389369
biased,0.1,19,0.0375,0.9875,False,,15.0,2.9273771183871307
biased,0.1,20,0.6625,0.5625,True,3.4000000000000004,3.4000000000000004,1.5209965800699476
biased,0.1,21,0.6625,0.5125,True,3.35,3.35,1.4902714878436143
biased,0.1,22,0.5875,0.7375,True,3.6500000000000004,3.6500000000000004,1.68832572389369
biased,0.1,23,0.5125,0.1875,True,2.6500000000000004,2.6500000000000004,1.2052164365320066
biased,0.1,24,0.0875,0.1625,False,,15.0,2.9273771183871307
biased,0.1,25,0.8125,0.6875,True,6.300000000000001,6.300000000000001,2.9273771183871307
biased,0.1,26,0.9625,0.6625,True,6.7,6.7,2.9273771183871307
biased,0.1,27,0.6625,0.8875,True,5.6000000000000005,5.6000000000000005,2.6699558995289676
biased,0.1,28,0.7125,0.7375,True,3.6500000000000004,3.6500000000000004,1.68832572389369
biased,0.1,29,0.8125,0.6875,True,6.300000000000001,6.300000000000001,2.9273771183871307
biased,0.1,30,0.7125,0.6875,True,3.5500000000000003,3.5500000000000003,1.6230392167395837
biased,0.1,31,0.5875,0.5875,True,3.45,3.45,1.5541126295438998
biased,0.1,32,0.0125,0.0625,False,,15.0,2.9273771183871307
biased,0.1,33,0.7375,0.5375,True,3.4000000000000004,3.4000000000000004,1.5209965800699476
biased,0.1,34,0.7125,0.7625,True,3.6500000000000004,3.6500000000000004,1.68832572389369
biased,0.1,35,0.8375,0.5375,True,3.4000000000000004,3.4000000000000004,1.5209965800699476
biased,0.1,36,0.7125,0.6375,True,3.5,3.5,1.58866412661598
biased,0.1,37,0.6375,0.0125,False,,15.0,2.9273771183871307
biased,0.1,38,0.9375,0.8125,True,6.800000000000001,6.800000000000001,2.9273771183871307
biased,0.1,39,0.9125,0.4875,False,,15.0,2.9273771183871307
biased,0.1,40,0.7625,0.5875,True,3.45,3.45,1.5541126295438998
biased,0.1,41,0.5875,0.8625,True,3.8000000000000003,3.8000000000000003,1.787581981171038
biased,0.1,42,0.7875,0.6875,True,3.5500000000000003,3.5500000000000003,1.6230392167395837
biased,0.1,43,0.6875,0.8375,True,3.75,3.75,1.754373666632491
biased,0.1,44,0.7625,0.7375,True,3.6,3.6,1.6556824703166368
biased,0.1,45,0.6375,0.7875,True,3.7,3.7,1.7212423233287961
biased,0.1,46,0.8625,0.3625,False,,15.0,2.9273771183871307
biased,0.1,47,0.5375,0.7125,True,3.6500000000000004,3.6500000000000004,1.68832572389369
biased,0.1,48,0.7625,0.6875,True,3.5500000000000003,3.5500000000000003,1.6230392167395837
biased,0.1,49,0.9375,0.8375,True,6.8500000000000005,6.8500000000000005,2.9273771183871307
biased,0.1,50,0.6875,0.6375,True,3.5,3.5,1.58866412661598
biased,0.1,51,0.9375,0.7125,True,6.65,6.65,2.9273771183871307
biased,0.1,52,0.0875,0.2625,False,,15.0,2.9273771183871307
biased,0.1,53,0.8375,0.6375,False,,15.0,2.9273771183871307
biased,0.1,54,0.7875,0.6125,True,3.5,3.5,1.58866412661598
biased,0.1,55,0.8125,0.4875,True,3.35,3.35,1.4902714878436143
biased,0.1,56,0.7875,0.8125,True,5.800000000000001,5.800000000000001,2.7861984029134064
biased,0.1,57,0.7875,0.6375,True,3.5,3.5,1.58866412661598
biased,0.1,58,0.5625,0.9625,True,5.45,5.45,2.559321290460357
biased,0.1,59,0.8625,0.7125,True,6.4,6.4,2.9273771183871307
biased,0.1,60,0.4125,0.7375,True,3.95,3.95,1.8915497210518615
biased,0.1,61,0.7625,0.7375,True,3.6,3.6,1.6556824703166368
biased,0.1,62,0.5875,0.7625,True,3.7,3.7,1.7212423233287961
biased,0.1,63,0.8125,0.4875,True,3.35,3.35,1.4902714878436143
oracle,0.05,0,0.6875,0.7375,True,1.25,1.25,0.7571861555573958
oracle,0.05,1,0.8125,0.8625,True,3.7,3.7,1.5297164873946094
oracle,0.05,2,0.8625,0.7875,True,3.85,3.85,1.5746782294418618
oracle,0.05,3,0.7625,0.5625,True,1.3,1.3,0.7901039360150794
oracle,0.05,4,0.6375,0.6125,True,1.05,1.05,0.5941130726561485
oracle,0.05,5,0.0375,0.8625,False,,15.0,1.8782023493169437
oracle,0.05,6,0.8875,0.0125,False,,15.0,1.8782023493169437
oracle,0.05,7,0.8375,0.8125,True,1.6,1.6,0.9269042844102964
oracle,0.05,8,0.6375,0.8125,True,2.2,2.2,1.1233958647206337
oracle,0.05,9,0.0625,0.6875,False,,15.0,1.8782023493169437
oracle,0.05,10,0.6625,0.6125,True,1.05,1.05,0.5941130726561485
oracle,0.05,11,0.8625,0.5875,True,1.55,1.55,0.909873741047063
oracle,0.05,12,0.6625,0.5875,True,1.05,1.05,0.5941130726561485
oracle,0.05,13,0.7875,0.6625,True,1.1500000000000001,1.1500000000000001,0.6800917089428278
oracle,0.05,14,0.7625,0.6875,True,1.2000000000000002,1.2000000000000002,0.7194248637951342
oracle,0.05,15,0.6625,0.7125,True,1.2000000000000002,1.2000000000000002,0.7194248637951342
oracle,0.05,16,0.7375,0.9875,True,5.2,5.2,1.8782023493169437
oracle,0.05,17,0.6125,0.8125,True,2.25,2.25,1.1410723415255415
oracle,0.05,18,0.6625,0.7375,True,1.3,1.3,0.7901039360150794
oracle,0.05,19,0.0375,0.9875,False,,15.0,1.8782023493169437
oracle,0.05,20,0.6625,0.5625,True,1.0,1.0,0.549272870920994
oracle,0.05,21,0.6625,0.5125,True,1.0,1.0,0.549272870920994
oracle,0.05,22,0.5875,0.7375,True,2.3000000000000003,2.3000000000000003,1.1613772563595337
oracle,0.05,23,0.5125,0.1875,False,,15.0,1.8782023493169437
oracle,0.05,24,0.0875,0.1625,False,,15.0,1.8782023493169437
oracle,0.05,25,0.8125,0.6875,True,1.3,1.3,0.7901039360150794
oracle,0.05,26,0.9625,0.6625,True,6.7,6.7,1.8782023493169437
oracle,0.05,27,0.6625,0.8875,True,5.550000000000001,5.550000000000001,1.8782023493169437
oracle,0.05,28,0.7125,0.7375,True,1.25,1.25,0.7571861555573958
oracle,0.05,29,0.8125,0.6875,True,1.3,1.3,0.7901039360150794
oracle,0.05,30,0.7125,0.6875,True,1.1500000000000001,1.1500000000000001,0.6800917089428278
oracle,0.05,31,0.5875,0.5875,True,1.05,1.05,0.5941130726561485
oracle,0.05,32,0.0125,0.0625,False,,15.0,1.8782023493169437
oracle,0.05,33,0.7375,0.5375,True,1.25,1.25,0.7571861555573958
oracle,0.05,34,0.7125,0.7625,True,1.35,1.35,0.8212090338376524
oracle,0.05,35,0.8375,0.5375,True,3.0500000000000003,3.0500000000000003,1.2934930732831353
oracle,0.05,36,0.7125,0.6375,True,1.1,1.1,0.6375426008448035
oracle,0.05,37,0.6375,0.0125,False,,15.0,1.8782023493169437
oracle,0.05,38,0.9375,0.8125,True,4.1000000000000005,4.1000000000000005,1.6537388686039163
oracle,0.05,39,0.9125,0.4875,False,,15.0,1.8782023493169437
oracle,0.05,40,0.7625,0.5875,True,1.25,1.25,0.7571861555573958
oracle,0.05,41,0.5875,0.8625,False,,15.0,1.8782023493169437
oracle,0.05,42,0.7875,0.6875,True,1.2000000000000002,1.2000000000000002,0.7194248637951342
oracle,0.05,43,0.6875,0.8375,True,2.0500000000000003,2.0500000000000003,1.0794291283590307
oracle,0.05,44,0.7625,0.7375,True,1.25,1.25,0.7571861555573958
oracle,0.05,45,0.6375,0.7875,True,2.15,2.15,1.1067795498036328
oracle,0.05,46,0.8625,0.3625,False,,15.0,1.8782023493169437
oracle,0.05,47,0.5375,0.7125,True,2.4000000000000004,2.4000000000000004,1.1961580041446331
oracle,0.05,48,0.7625,0.6875,True,1.2000000000000002,1.2000000000000002,0.7194248637951342
oracle,0.05,49,0.9375,0.8375,True,4.1000000000000005,4.1000000000000005,1.6537388686039163
oracle,0.05,50,0.6875,0.6375,True,1.05,1.05,0.5941130726561485
oracle,0.05,51,0.9375,0.7125,True,6.65,6.65,1.8782023493169437
oracle,0.05,52,0.0875,0.2625,False,,15.0,1.8782023493169437
oracle,0.05,53,0.8375,0.6375,True,1.4500000000000002,1.4500000000000002,0.8717605807260322
oracle,0.05,54,0.7875,0.6125,True,1.3,1.3,0.7901039360150794
oracle,0.05,55,0.8125,0.4875,True,2.75,2.75,1.2579980293545956
oracle,0.05,56,0.7875,0.8125,True,1.7000000000000002,1.7000000000000002,0.9615204857600793
oracle,0.05,57,0.7875,0.6375,True,1.25,1.25,0.7571861555573958
oracle,0.05,58,0.5625,0.9625,False,,15.0,1.8782023493169437
oracle,0.05,59,0.8625,0.7125,True,1.6500000000000001,1.6500000000000001,0.9437546586357207
oracle,0.05,60,0.4125,0.7375,False,,15.0,1.8782023493169437
oracle,0.05,61,0.7625,0.7375,True,1.25,1.25,0.7571861555573958
oracle,0.05,62,0.5875,0.7625,True,2.3000000000000003,2.3000000000000003,1.1613772563595337
oracle,0.05,63,0.8125,0.4875,True,2.75,2.75,1.2579980293545956
biased,0.05,0,0.6875,0.7375,True,3.85,3.85,1.6615622794368932
biased,0.05,1,0.8125,0.8625,True,9.8,9.8,3.27475418956449
biased,0.05,2,0.8625,0.7875,True,7.050000000000001,7.050000000000001,3.176723053372952
biased,0.05,3,0.7625,0.5625,True,3.6500000000000004,3.6500000000000004,1.5262167617028886
biased,0.05,4,0.6375,0.6125,True,3.75,3.75,1.5874692696789543
biased,0.05,5,0.0375,0.8625,True,1.6,1.6,0.7199916026138696
biased,0.05,6,0.8875,0.0125,False,,15.0,3.27475418956449
biased,0.05,7,0.8375,0.8125,True,7.050000000000001,7.050000000000001,3.176723053372952
biased,0.05,8,0.6375,0.8125,True,3.95,3.95,1.7338280794075518
biased,0.05,9,0.0625,0.6875,True,0.9500000000000001,0.9500000000000001,0.40984361823130805
biased,0.05,10,0.6625,0.6125,True,3.75,3.75,1.5874692696789543
biased,0.05,11,0.8625,0.5875,True,6.9,6.9,3.0967351398905327
biased,0.05,12,0.6625,0.5875,True,3.7,3.7,1.5568430156909214
biased,0.05,13,0.7875,0.6625,True,3.75,3.75,1.5874692696789543
biased,0.05,14,0.7625,0.6875,True,3.8000000000000003,3.8000000000000003,1.6243543742747215
biased,0.05,15,0.6625,0.7125,True,3.85,3.85,1.6615622794368932
biased,0.05,16,0.7375,0.9875,True,9.200000000000001,9.200000000000001,3.27475418956449
biased,0.05,17,0.6125,0.8125,True,4.0,4.0,1.768770413434818
biased,0.05,18,0.6625,0.7375,True,3.9000000000000004,3.9000000000000004,1.6987701845990653
biased,0.05,19,0.0375,0.9875,True,4.95,4.95,2.1891340674115436
biased,0.05,20,0.6625,0.5625,True,3.7,3.7,1.5568430156909214
biased,0.05,21,0.6625,0.5125,True,3.6,3.6,1.4959930545408788
biased,0.05,22,0.5875,0.7375,True,3.95,3.95,1.7338280794075518
biased,0.05,23,0.5125,0.1875,True,2.9000000000000004,2.9000000000000004,1.2048341500949928
biased,0.05,24,0.0875,0.1625,False,,15.0,3.27475418956449
biased,0.05,25,0.8125,0.6875,True,3.75,3.75,1.5874692696789543
biased,0.05,26,0.9625,0.6625,True,7.050000000000001,7.050000000000001,3.176723053372952
biased,0.05,27,0.6625,0.8875,True,4.0,4.0,1.768770413434818
biased,0.05,28,0.7125,0.7375,True,3.85,3.85,1.6615622794368932
biased,0.05,29,0.8125,0.6875,True,3.75,3.75,1.5874692696789543
biased,0.05,30,0.7125,0.6875,True,3.8000000000000003,3.8000000000000003,1.6243543742747215
biased,0.05,31,0.5875,0.5875,True,6.6000000000000005,6.6000000000000005,2.890663613241932
biased,0.05,32,0.0125,0.0625,False,,15.0,3.27475418956449
biased,0.05,33,0.7375,0.5375,True,3.6500000000000004,3.6500000000000004,1.5262167617028886
biased,0.05,34,0.7125,0.7625,True,3.85,3.85,1.6615622794368932
biased,0.05,35,0.8375,0.5375,True,3.6,3.6,1.4959930545408788
biased,0.05,36,0.7125,0.6375,True,3.75,3.75,1.5874692696789543
biased,0.05,37,0.6375,0.0125,False,,15.0,3.27475418956449
biased,0.05,38,0.9375,0.8125,True,7.15,7.15,3.2196667798157304
biased,0.05,39,0.9125,0.4875,False,,15.0,3.27475418956449
biased,0.05,40,0.7625,0.5875,True,3.7,3.7,1.5568430156909214
biased,0.05,41,0.5875,0.8625,True,4.05,4.05,1.8037127474620842
biased,0.05,42,0.7875,0.6875,True,3.8000000000000003,3.8000000000000003,1.6243543742747215
biased,0.05,43,0.6875,0.8375,True,3.95,3.95,1.7338280794075518
biased,0.05,44,0.7625,0.7375,True,3.85,3.85,1.6615622794368932
biased,0.05,45,0.6375,0.7875,True,3.95,3.95,1.7338280794075518
biased,0.05,46,0.8625,0.3625,False,,15.0,3.27475418956449
biased,0.05,47,0.5375,0.7125,True,6.6000000000000005,6.6000000000000005,2.890663613241932
biased,0.05,48,0.7625,0.6875,True,3.8000000000000003,3.8000000000000003,1.6243543742747215
biased,0.05,49,0.9375,0.8375,True,7.2,7.2,3.2408938554219078
biased,0.05,50,0.6875,0.6375,True,3.75,3.75,1.5874692696789543
biased,0.05,51,0.9375,0.7125,True,7.050000000000001,7.050000000000001,3.176723053372952
biased,0.05,52,0.0875,0.2625,False,,15.0,3.27475418956449
biased,0.05,53,0.8375,0.6375,True,3.7,3.7,1.5568430156909214
biased,0.05,54,0.7875,0.6125,True,3.7,3.7,1.5568430156909214
biased,0.05,55,0.8125,0.4875,True,3.5500000000000003,3.5500000000000003,1.4739163995734899
biased,0.05,56,0.7875,0.8125,True,9.950000000000001,9.950000000000001,3.27475418956449
biased,0.05,57,0.7875,0.6375,True,3.75,3.75,1.5874692696789543
biased,0.05,58,0.5625,0.9625,True,4.1000000000000005,4.1000000000000005,1.8394826515059854
biased,0.05,59,0.8625,0.7125,True,6.95,6.95,3.123649693453976
biased,0.05,60,0.4125,0.7375,True,6.45,6.45,2.7546160931074812
biased,0.05,61,0.7625,0.7375,True,3.85,3.85,1.6615622794368932
biased,0.05,62,0.5875,0.7625,True,3.95,3.95,1.7338280794075518
biased,0.05,63,0.8125,0.4875,True,3.5500000000000003,3.5500000000000003,1.4739163995734899
